outer_target,inner_validation,experiment,variant,parameter_id,parameters_json,seed,fit_seed,best_epoch,validation_score,parameter_count,fit_seconds
cleveland,hungary,v5_site_only_dro,v5_site,0,"{""brier_beta"": 0.1, ""d_model"": 64, ""dro_lambda"": 0.25, ""dro_tau"": 0.2, ""dropout"": 0.1, ""evaluation_interval"": 5, ""learning_rate"": 0.0005, ""max_epochs"": 120, ""n_heads"": 4, ""n_layers"": 2, ""patience_evaluations"": 8, ""validation_mask_replicates"": 2, ""weight_decay"": 0.001}",5062,1919440299,10,0.5305705011549818,71617,10.659281000000192
cleveland,switzerland,v5_site_only_dro,v5_site,0,"{""brier_beta"": 0.1, ""d_model"": 64, ""dro_lambda"": 0.25, ""dro_tau"": 0.2, ""dropout"": 0.1, ""evaluation_interval"": 5, ""learning_rate"": 0.0005, ""max_epochs"": 120, ""n_heads"": 4, ""n_layers"": 2, ""patience_evaluations"": 8, ""validation_mask_replicates"": 2, ""weight_decay"": 0.001}",5062,1022209323,20,0.6527497207193795,71489,12.939559399994323
cleveland,va_long_beach,v5_site_only_dro,v5_site,0,"{""brier_beta"": 0.1, ""d_model"": 64, ""dro_lambda"": 0.25, ""dro_tau"": 0.2, ""dropout"": 0.1, ""evaluation_interval"": 5, ""learning_rate"": 0.0005, ""max_epochs"": 120, ""n_heads"": 4, ""n_layers"": 2, ""patience_evaluations"": 8, ""validation_mask_replicates"": 2, ""weight_decay"": 0.001}",5062,2486517111,5,0.6936857675310129,71617,11.870283199998084
cleveland,hungary,v5_site_only_dro,v5_site,1,"{""brier_beta"": 0.1, ""d_model"": 64, ""dro_lambda"": 0.25, ""dro_tau"": 0.2, ""dropout"": 0.1, ""evaluation_interval"": 5, ""learning_rate"": 0.001, ""max_epochs"": 120, ""n_heads"": 4, ""n_layers"": 2, ""patience_evaluations"": 8, ""validation_mask_replicates"": 2, ""weight_decay"": 0.001}",5062,1919440299,15,0.5186699186388148,71617,15.530259900013334
cleveland,switzerland,v5_site_only_dro,v5_site,1,"{""brier_beta"": 0.1, ""d_model"": 64, ""dro_lambda"": 0.25, ""dro_tau"": 0.2, ""dropout"": 0.1, ""evaluation_interval"": 5, ""learning_rate"": 0.001, ""max_epochs"": 120, ""n_heads"": 4, ""n_layers"": 2, ""patience_evaluations"": 8, ""validation_mask_replicates"": 2, ""weight_decay"": 0.001}",5062,1022209323,20,0.6394111662081778,71489,17.485570300006657
cleveland,va_long_beach,v5_site_only_dro,v5_site,1,"{""brier_beta"": 0.1, ""d_model"": 64, ""dro_lambda"": 0.25, ""dro_tau"": 0.2, ""dropout"": 0.1, ""evaluation_interval"": 5, ""learning_rate"": 0.001, ""max_epochs"": 120, ""n_heads"": 4, ""n_layers"": 2, ""patience_evaluations"": 8, ""validation_mask_replicates"": 2, ""weight_decay"": 0.001}",5062,2486517111,5,0.7281770899503408,71617,11.02604739999515
cleveland,hungary,v5_site_only_dro,v5_site,2,"{""brier_beta"": 0.1, ""d_model"": 64, ""dro_lambda"": 0.5, ""dro_tau"": 0.2, ""dropout"": 0.1, ""evaluation_interval"": 5, ""learning_rate"": 0.0005, ""max_epochs"": 120, ""n_heads"": 4, ""n_layers"": 2, ""patience_evaluations"": 8, ""validation_mask_replicates"": 2, ""weight_decay"": 0.001}",5062,1919440299,10,0.530140489105798,71617,11.26643580000382
cleveland,switzerland,v5_site_only_dro,v5_site,2,"{""brier_beta"": 0.1, ""d_model"": 64, ""dro_lambda"": 0.5, ""dro_tau"": 0.2, ""dropout"": 0.1, ""evaluation_interval"": 5, ""learning_rate"": 0.0005, ""max_epochs"": 120, ""n_heads"": 4, ""n_layers"": 2, ""patience_evaluations"": 8, ""validation_mask_replicates"": 2, ""weight_decay"": 0.001}",5062,1022209323,15,0.6532217899919008,71489,13.357856700007687
cleveland,va_long_beach,v5_site_only_dro,v5_site,2,"{""brier_beta"": 0.1, ""d_model"": 64, ""dro_lambda"": 0.5, ""dro_tau"": 0.2, ""dropout"": 0.1, ""evaluation_interval"": 5, ""learning_rate"": 0.0005, ""max_epochs"": 120, ""n_heads"": 4, ""n_layers"": 2, ""patience_evaluations"": 8, ""validation_mask_replicates"": 2, ""weight_decay"": 0.001}",5062,2486517111,5,0.693657022621996,71617,9.901350000000093
cleveland,hungary,v5_site_only_dro,v5_site,3,"{""brier_beta"": 0.1, ""d_model"": 64, ""dro_lambda"": 0.5, ""dro_tau"": 0.2, ""dropout"": 0.1, ""evaluation_interval"": 5, ""learning_rate"": 0.001, ""max_epochs"": 120, ""n_heads"": 4, ""n_layers"": 2, ""patience_evaluations"": 8, ""validation_mask_replicates"": 2, ""weight_decay"": 0.001}",5062,1919440299,15,0.5172598508121156,71617,12.59960790000332
cleveland,switzerland,v5_site_only_dro,v5_site,3,"{""brier_beta"": 0.1, ""d_model"": 64, ""dro_lambda"": 0.5, ""dro_tau"": 0.2, ""dropout"": 0.1, ""evaluation_interval"": 5, ""learning_rate"": 0.001, ""max_epochs"": 120, ""n_heads"": 4, ""n_layers"": 2, ""patience_evaluations"": 8, ""validation_mask_replicates"": 2, ""weight_decay"": 0.001}",5062,1022209323,20,0.6371970308315407,71489,14.441516599996248
cleveland,va_long_beach,v5_site_only_dro,v5_site,3,"{""brier_beta"": 0.1, ""d_model"": 64, ""dro_lambda"": 0.5, ""dro_tau"": 0.2, ""dropout"": 0.1, ""evaluation_interval"": 5, ""learning_rate"": 0.001, ""max_epochs"": 120, ""n_heads"": 4, ""n_layers"": 2, ""patience_evaluations"": 8, ""validation_mask_replicates"": 2, ""weight_decay"": 0.001}",5062,2486517111,5,0.7285658444230123,71617,10.836020600007032
cleveland,hungary,v5_site_only_dro,v5_site,4,"{""brier_beta"": 0.1, ""d_model"": 64, ""dro_lambda"": 0.75, ""dro_tau"": 0.2, ""dropout"": 0.1, ""evaluation_interval"": 5, ""learning_rate"": 0.0005, ""max_epochs"": 120, ""n_heads"": 4, ""n_layers"": 2, ""patience_evaluations"": 8, ""validation_mask_replicates"": 2, ""weight_decay"": 0.001}",5062,1919440299,10,0.52973049294571,71617,9.746455999993486
cleveland,switzerland,v5_site_only_dro,v5_site,4,"{""brier_beta"": 0.1, ""d_model"": 64, ""dro_lambda"": 0.75, ""dro_tau"": 0.2, ""dropout"": 0.1, ""evaluation_interval"": 5, ""learning_rate"": 0.0005, ""max_epochs"": 120, ""n_heads"": 4, ""n_layers"": 2, ""patience_evaluations"": 8, ""validation_mask_replicates"": 2, ""weight_decay"": 0.001}",5062,1022209323,15,0.653779169501973,71489,12.238274299990735
cleveland,va_long_beach,v5_site_only_dro,v5_site,4,"{""brier_beta"": 0.1, ""d_model"": 64, ""dro_lambda"": 0.75, ""dro_tau"": 0.2, ""dropout"": 0.1, ""evaluation_interval"": 5, ""learning_rate"": 0.0005, ""max_epochs"": 120, ""n_heads"": 4, ""n_layers"": 2, ""patience_evaluations"": 8, ""validation_mask_replicates"": 2, ""weight_decay"": 0.001}",5062,2486517111,5,0.6936389931108168,71617,14.418762800007244
cleveland,hungary,v5_site_only_dro,v5_site,5,"{""brier_beta"": 0.1, ""d_model"": 64, ""dro_lambda"": 0.75, ""dro_tau"": 0.2, ""dropout"": 0.1, ""evaluation_interval"": 5, ""learning_rate"": 0.001, ""max_epochs"": 120, ""n_heads"": 4, ""n_layers"": 2, ""patience_evaluations"": 8, ""validation_mask_replicates"": 2, ""weight_decay"": 0.001}",5062,1919440299,15,0.5163443332279082,71617,18.63394669999252
cleveland,switzerland,v5_site_only_dro,v5_site,5,"{""brier_beta"": 0.1, ""d_model"": 64, ""dro_lambda"": 0.75, ""dro_tau"": 0.2, ""dropout"": 0.1, ""evaluation_interval"": 5, ""learning_rate"": 0.001, ""max_epochs"": 120, ""n_heads"": 4, ""n_layers"": 2, ""patience_evaluations"": 8, ""validation_mask_replicates"": 2, ""weight_decay"": 0.001}",5062,1022209323,20,0.6358169029112792,71489,19.963197699995362
cleveland,va_long_beach,v5_site_only_dro,v5_site,5,"{""brier_beta"": 0.1, ""d_model"": 64, ""dro_lambda"": 0.75, ""dro_tau"": 0.2, ""dropout"": 0.1, ""evaluation_interval"": 5, ""learning_rate"": 0.001, ""max_epochs"": 120, ""n_heads"": 4, ""n_layers"": 2, ""patience_evaluations"": 8, ""validation_mask_replicates"": 2, ""weight_decay"": 0.001}",5062,2486517111,5,0.7289168142083915,71617,18.37976989999879
cleveland,hungary,v5_mask_only_dro,v5_mask,0,"{""brier_beta"": 0.1, ""d_model"": 64, ""dro_lambda"": 0.25, ""dro_tau"": 0.2, ""dropout"": 0.1, ""evaluation_interval"": 5, ""learning_rate"": 0.0005, ""max_epochs"": 120, ""n_heads"": 4, ""n_layers"": 2, ""patience_evaluations"": 8, ""validation_mask_replicates"": 2, ""weight_decay"": 0.001}",5062,1919440299,10,0.5309691432519881,71617,20.302150799994706
cleveland,switzerland,v5_mask_only_dro,v5_mask,0,"{""brier_beta"": 0.1, ""d_model"": 64, ""dro_lambda"": 0.25, ""dro_tau"": 0.2, ""dropout"": 0.1, ""evaluation_interval"": 5, ""learning_rate"": 0.0005, ""max_epochs"": 120, ""n_heads"": 4, ""n_layers"": 2, ""patience_evaluations"": 8, ""validation_mask_replicates"": 2, ""weight_decay"": 0.001}",5062,1022209323,20,0.6513618672233908,71489,26.675295299995923
cleveland,va_long_beach,v5_mask_only_dro,v5_mask,0,"{""brier_beta"": 0.1, ""d_model"": 64, ""dro_lambda"": 0.25, ""dro_tau"": 0.2, ""dropout"": 0.1, ""evaluation_interval"": 5, ""learning_rate"": 0.0005, ""max_epochs"": 120, ""n_heads"": 4, ""n_layers"": 2, ""patience_evaluations"": 8, ""validation_mask_replicates"": 2, ""weight_decay"": 0.001}",5062,2486517111,5,0.6929080152357912,71617,11.241758499993011
cleveland,hungary,v5_mask_only_dro,v5_mask,1,"{""brier_beta"": 0.1, ""d_model"": 64, ""dro_lambda"": 0.25, ""dro_tau"": 0.2, ""dropout"": 0.1, ""evaluation_interval"": 5, ""learning_rate"": 0.001, ""max_epochs"": 120, ""n_heads"": 4, ""n_layers"": 2, ""patience_evaluations"": 8, ""validation_mask_replicates"": 2, ""weight_decay"": 0.001}",5062,1919440299,15,0.5210550008378798,71617,11.07186689999071
cleveland,switzerland,v5_mask_only_dro,v5_mask,1,"{""brier_beta"": 0.1, ""d_model"": 64, ""dro_lambda"": 0.25, ""dro_tau"": 0.2, ""dropout"": 0.1, ""evaluation_interval"": 5, ""learning_rate"": 0.001, ""max_epochs"": 120, ""n_heads"": 4, ""n_layers"": 2, ""patience_evaluations"": 8, ""validation_mask_replicates"": 2, ""weight_decay"": 0.001}",5062,1022209323,20,0.6430282199033811,71489,17.205390600007377
cleveland,va_long_beach,v5_mask_only_dro,v5_mask,1,"{""brier_beta"": 0.1, ""d_model"": 64, ""dro_lambda"": 0.25, ""dro_tau"": 0.2, ""dropout"": 0.1, ""evaluation_interval"": 5, ""learning_rate"": 0.001, ""max_epochs"": 120, ""n_heads"": 4, ""n_layers"": 2, ""patience_evaluations"": 8, ""validation_mask_replicates"": 2, ""weight_decay"": 0.001}",5062,2486517111,5,0.7263323684580651,71617,12.519079999998212
cleveland,hungary,v5_mask_only_dro,v5_mask,2,"{""brier_beta"": 0.1, ""d_model"": 64, ""dro_lambda"": 0.5, ""dro_tau"": 0.2, ""dropout"": 0.1, ""evaluation_interval"": 5, ""learning_rate"": 0.0005, ""max_epochs"": 120, ""n_heads"": 4, ""n_layers"": 2, ""patience_evaluations"": 8, ""validation_mask_replicates"": 2, ""weight_decay"": 0.001}",5062,1919440299,10,0.5308755526400504,71617,8.922772800011444
cleveland,switzerland,v5_mask_only_dro,v5_mask,2,"{""brier_beta"": 0.1, ""d_model"": 64, ""dro_lambda"": 0.5, ""dro_tau"": 0.2, ""dropout"": 0.1, ""evaluation_interval"": 5, ""learning_rate"": 0.0005, ""max_epochs"": 120, ""n_heads"": 4, ""n_layers"": 2, ""patience_evaluations"": 8, ""validation_mask_replicates"": 2, ""weight_decay"": 0.001}",5062,1022209323,20,0.6511137723994729,71489,12.299634700000752
cleveland,va_long_beach,v5_mask_only_dro,v5_mask,2,"{""brier_beta"": 0.1, ""d_model"": 64, ""dro_lambda"": 0.5, ""dro_tau"": 0.2, ""dropout"": 0.1, ""evaluation_interval"": 5, ""learning_rate"": 0.0005, ""max_epochs"": 120, ""n_heads"": 4, ""n_layers"": 2, ""patience_evaluations"": 8, ""validation_mask_replicates"": 2, ""weight_decay"": 0.001}",5062,2486517111,5,0.6919531179967628,71617,13.36958759999834
cleveland,hungary,v5_mask_only_dro,v5_mask,3,"{""brier_beta"": 0.1, ""d_model"": 64, ""dro_lambda"": 0.5, ""dro_tau"": 0.2, ""dropout"": 0.1, ""evaluation_interval"": 5, ""learning_rate"": 0.001, ""max_epochs"": 120, ""n_heads"": 4, ""n_layers"": 2, ""patience_evaluations"": 8, ""validation_mask_replicates"": 2, ""weight_decay"": 0.001}",5062,1919440299,15,0.5206806322978453,71617,16.43171399999119
cleveland,switzerland,v5_mask_only_dro,v5_mask,3,"{""brier_beta"": 0.1, ""d_model"": 64, ""dro_lambda"": 0.5, ""dro_tau"": 0.2, ""dropout"": 0.1, ""evaluation_interval"": 5, ""learning_rate"": 0.001, ""max_epochs"": 120, ""n_heads"": 4, ""n_layers"": 2, ""patience_evaluations"": 8, ""validation_mask_replicates"": 2, ""weight_decay"": 0.001}",5062,1022209323,15,0.6432568243758703,71489,12.106787299999269
cleveland,va_long_beach,v5_mask_only_dro,v5_mask,3,"{""brier_beta"": 0.1, ""d_model"": 64, ""dro_lambda"": 0.5, ""dro_tau"": 0.2, ""dropout"": 0.1, ""evaluation_interval"": 5, ""learning_rate"": 0.001, ""max_epochs"": 120, ""n_heads"": 4, ""n_layers"": 2, ""patience_evaluations"": 8, ""validation_mask_replicates"": 2, ""weight_decay"": 0.001}",5062,2486517111,5,0.7244113003845125,71617,14.430991700006416
cleveland,hungary,v5_mask_only_dro,v5_mask,4,"{""brier_beta"": 0.1, ""d_model"": 64, ""dro_lambda"": 0.75, ""dro_tau"": 0.2, ""dropout"": 0.1, ""evaluation_interval"": 5, ""learning_rate"": 0.0005, ""max_epochs"": 120, ""n_heads"": 4, ""n_layers"": 2, ""patience_evaluations"": 8, ""validation_mask_replicates"": 2, ""weight_decay"": 0.001}",5062,1919440299,10,0.5307844576708083,71617,18.363916800008155
cleveland,switzerland,v5_mask_only_dro,v5_mask,4,"{""brier_beta"": 0.1, ""d_model"": 64, ""dro_lambda"": 0.75, ""dro_tau"": 0.2, ""dropout"": 0.1, ""evaluation_interval"": 5, ""learning_rate"": 0.0005, ""max_epochs"": 120, ""n_heads"": 4, ""n_layers"": 2, ""patience_evaluations"": 8, ""validation_mask_replicates"": 2, ""weight_decay"": 0.001}",5062,1022209323,20,0.6508868986657026,71489,24.715608900005464
cleveland,va_long_beach,v5_mask_only_dro,v5_mask,4,"{""brier_beta"": 0.1, ""d_model"": 64, ""dro_lambda"": 0.75, ""dro_tau"": 0.2, ""dropout"": 0.1, ""evaluation_interval"": 5, ""learning_rate"": 0.0005, ""max_epochs"": 120, ""n_heads"": 4, ""n_layers"": 2, ""patience_evaluations"": 8, ""validation_mask_replicates"": 2, ""weight_decay"": 0.001}",5062,2486517111,5,0.6907590262077946,71617,13.49672969999665
cleveland,hungary,v5_mask_only_dro,v5_mask,5,"{""brier_beta"": 0.1, ""d_model"": 64, ""dro_lambda"": 0.75, ""dro_tau"": 0.2, ""dropout"": 0.1, ""evaluation_interval"": 5, ""learning_rate"": 0.001, ""max_epochs"": 120, ""n_heads"": 4, ""n_layers"": 2, ""patience_evaluations"": 8, ""validation_mask_replicates"": 2, ""weight_decay"": 0.001}",5062,1919440299,15,0.5203984797912672,71617,9.609591000000364
cleveland,switzerland,v5_mask_only_dro,v5_mask,5,"{""brier_beta"": 0.1, ""d_model"": 64, ""dro_lambda"": 0.75, ""dro_tau"": 0.2, ""dropout"": 0.1, ""evaluation_interval"": 5, ""learning_rate"": 0.001, ""max_epochs"": 120, ""n_heads"": 4, ""n_layers"": 2, ""patience_evaluations"": 8, ""validation_mask_replicates"": 2, ""weight_decay"": 0.001}",5062,1022209323,15,0.6425669310755774,71489,11.568445199998678
cleveland,va_long_beach,v5_mask_only_dro,v5_mask,5,"{""brier_beta"": 0.1, ""d_model"": 64, ""dro_lambda"": 0.75, ""dro_tau"": 0.2, ""dropout"": 0.1, ""evaluation_interval"": 5, ""learning_rate"": 0.001, ""max_epochs"": 120, ""n_heads"": 4, ""n_layers"": 2, ""patience_evaluations"": 8, ""validation_mask_replicates"": 2, ""weight_decay"": 0.001}",5062,2486517111,5,0.722228993362825,71617,8.559331999989809
hungary,cleveland,v5_site_only_dro,v5_site,0,"{""brier_beta"": 0.1, ""d_model"": 64, ""dro_lambda"": 0.25, ""dro_tau"": 0.2, ""dropout"": 0.1, ""evaluation_interval"": 5, ""learning_rate"": 0.0005, ""max_epochs"": 120, ""n_heads"": 4, ""n_layers"": 2, ""patience_evaluations"": 8, ""validation_mask_replicates"": 2, ""weight_decay"": 0.001}",5062,2835817707,5,0.5801322866713329,71617,8.407966300001135
hungary,switzerland,v5_site_only_dro,v5_site,0,"{""brier_beta"": 0.1, ""d_model"": 64, ""dro_lambda"": 0.25, ""dro_tau"": 0.2, ""dropout"": 0.1, ""evaluation_interval"": 5, ""learning_rate"": 0.0005, ""max_epochs"": 120, ""n_heads"": 4, ""n_layers"": 2, ""patience_evaluations"": 8, ""validation_mask_replicates"": 2, ""weight_decay"": 0.001}",5062,2288108710,5,0.7007982099464447,71681,9.674168600002304
hungary,va_long_beach,v5_site_only_dro,v5_site,0,"{""brier_beta"": 0.1, ""d_model"": 64, ""dro_lambda"": 0.25, ""dro_tau"": 0.2, ""dropout"": 0.1, ""evaluation_interval"": 5, ""learning_rate"": 0.0005, ""max_epochs"": 120, ""n_heads"": 4, ""n_layers"": 2, ""patience_evaluations"": 8, ""validation_mask_replicates"": 2, ""weight_decay"": 0.001}",5062,1099095228,5,0.6803464891027573,71681,8.396987499989336
hungary,cleveland,v5_site_only_dro,v5_site,1,"{""brier_beta"": 0.1, ""d_model"": 64, ""dro_lambda"": 0.25, ""dro_tau"": 0.2, ""dropout"": 0.1, ""evaluation_interval"": 5, ""learning_rate"": 0.001, ""max_epochs"": 120, ""n_heads"": 4, ""n_layers"": 2, ""patience_evaluations"": 8, ""validation_mask_replicates"": 2, ""weight_decay"": 0.001}",5062,2835817707,5,0.5789066042076405,71617,8.110835400002543
hungary,switzerland,v5_site_only_dro,v5_site,1,"{""brier_beta"": 0.1, ""d_model"": 64, ""dro_lambda"": 0.25, ""dro_tau"": 0.2, ""dropout"": 0.1, ""evaluation_interval"": 5, ""learning_rate"": 0.001, ""max_epochs"": 120, ""n_heads"": 4, ""n_layers"": 2, ""patience_evaluations"": 8, ""validation_mask_replicates"": 2, ""weight_decay"": 0.001}",5062,2288108710,5,0.7145557682199166,71681,9.967074000000139
hungary,va_long_beach,v5_site_only_dro,v5_site,1,"{""brier_beta"": 0.1, ""d_model"": 64, ""dro_lambda"": 0.25, ""dro_tau"": 0.2, ""dropout"": 0.1, ""evaluation_interval"": 5, ""learning_rate"": 0.001, ""max_epochs"": 120, ""n_heads"": 4, ""n_layers"": 2, ""patience_evaluations"": 8, ""validation_mask_replicates"": 2, ""weight_decay"": 0.001}",5062,1099095228,5,0.6924387258418359,71681,8.710959999996703
hungary,cleveland,v5_site_only_dro,v5_site,2,"{""brier_beta"": 0.1, ""d_model"": 64, ""dro_lambda"": 0.5, ""dro_tau"": 0.2, ""dropout"": 0.1, ""evaluation_interval"": 5, ""learning_rate"": 0.0005, ""max_epochs"": 120, ""n_heads"": 4, ""n_layers"": 2, ""patience_evaluations"": 8, ""validation_mask_replicates"": 2, ""weight_decay"": 0.001}",5062,2835817707,5,0.5805987524212153,71617,13.872749200003454
hungary,switzerland,v5_site_only_dro,v5_site,2,"{""brier_beta"": 0.1, ""d_model"": 64, ""dro_lambda"": 0.5, ""dro_tau"": 0.2, ""dropout"": 0.1, ""evaluation_interval"": 5, ""learning_rate"": 0.0005, ""max_epochs"": 120, ""n_heads"": 4, ""n_layers"": 2, ""patience_evaluations"": 8, ""validation_mask_replicates"": 2, ""weight_decay"": 0.001}",5062,2288108710,5,0.6993261624983629,71681,18.730259400006616
hungary,va_long_beach,v5_site_only_dro,v5_site,2,"{""brier_beta"": 0.1, ""d_model"": 64, ""dro_lambda"": 0.5, ""dro_tau"": 0.2, ""dropout"": 0.1, ""evaluation_interval"": 5, ""learning_rate"": 0.0005, ""max_epochs"": 120, ""n_heads"": 4, ""n_layers"": 2, ""patience_evaluations"": 8, ""validation_mask_replicates"": 2, ""weight_decay"": 0.001}",5062,1099095228,5,0.6800263147578687,71681,16.324214000007487
hungary,cleveland,v5_site_only_dro,v5_site,3,"{""brier_beta"": 0.1, ""d_model"": 64, ""dro_lambda"": 0.5, ""dro_tau"": 0.2, ""dropout"": 0.1, ""evaluation_interval"": 5, ""learning_rate"": 0.001, ""max_epochs"": 120, ""n_heads"": 4, ""n_layers"": 2, ""patience_evaluations"": 8, ""validation_mask_replicates"": 2, ""weight_decay"": 0.001}",5062,2835817707,5,0.578975069635381,71617,15.587601000006543
hungary,switzerland,v5_site_only_dro,v5_site,3,"{""brier_beta"": 0.1, ""d_model"": 64, ""dro_lambda"": 0.5, ""dro_tau"": 0.2, ""dropout"": 0.1, ""evaluation_interval"": 5, ""learning_rate"": 0.001, ""max_epochs"": 120, ""n_heads"": 4, ""n_layers"": 2, ""patience_evaluations"": 8, ""validation_mask_replicates"": 2, ""weight_decay"": 0.001}",5062,2288108710,5,0.712693670290889,71681,16.250956500007305
hungary,va_long_beach,v5_site_only_dro,v5_site,3,"{""brier_beta"": 0.1, ""d_model"": 64, ""dro_lambda"": 0.5, ""dro_tau"": 0.2, ""dropout"": 0.1, ""evaluation_interval"": 5, ""learning_rate"": 0.001, ""max_epochs"": 120, ""n_heads"": 4, ""n_layers"": 2, ""patience_evaluations"": 8, ""validation_mask_replicates"": 2, ""weight_decay"": 0.001}",5062,1099095228,5,0.6920426744012664,71681,13.94592620000185
hungary,cleveland,v5_site_only_dro,v5_site,4,"{""brier_beta"": 0.1, ""d_model"": 64, ""dro_lambda"": 0.75, ""dro_tau"": 0.2, ""dropout"": 0.1, ""evaluation_interval"": 5, ""learning_rate"": 0.0005, ""max_epochs"": 120, ""n_heads"": 4, ""n_layers"": 2, ""patience_evaluations"": 8, ""validation_mask_replicates"": 2, ""weight_decay"": 0.001}",5062,2835817707,5,0.5811117048409704,71617,13.720788200007519
hungary,switzerland,v5_site_only_dro,v5_site,4,"{""brier_beta"": 0.1, ""d_model"": 64, ""dro_lambda"": 0.75, ""dro_tau"": 0.2, ""dropout"": 0.1, ""evaluation_interval"": 5, ""learning_rate"": 0.0005, ""max_epochs"": 120, ""n_heads"": 4, ""n_layers"": 2, ""patience_evaluations"": 8, ""validation_mask_replicates"": 2, ""weight_decay"": 0.001}",5062,2288108710,5,0.6979302381376882,71681,17.63790859999426
hungary,va_long_beach,v5_site_only_dro,v5_site,4,"{""brier_beta"": 0.1, ""d_model"": 64, ""dro_lambda"": 0.75, ""dro_tau"": 0.2, ""dropout"": 0.1, ""evaluation_interval"": 5, ""learning_rate"": 0.0005, ""max_epochs"": 120, ""n_heads"": 4, ""n_layers"": 2, ""patience_evaluations"": 8, ""validation_mask_replicates"": 2, ""weight_decay"": 0.001}",5062,1099095228,5,0.6796385643238254,71681,15.479463800002122
hungary,cleveland,v5_site_only_dro,v5_site,5,"{""brier_beta"": 0.1, ""d_model"": 64, ""dro_lambda"": 0.75, ""dro_tau"": 0.2, ""dropout"": 0.1, ""evaluation_interval"": 5, ""learning_rate"": 0.001, ""max_epochs"": 120, ""n_heads"": 4, ""n_layers"": 2, ""patience_evaluations"": 8, ""validation_mask_replicates"": 2, ""weight_decay"": 0.001}",5062,2835817707,5,0.5791222284365883,71617,12.955026399999042
hungary,switzerland,v5_site_only_dro,v5_site,5,"{""brier_beta"": 0.1, ""d_model"": 64, ""dro_lambda"": 0.75, ""dro_tau"": 0.2, ""dropout"": 0.1, ""evaluation_interval"": 5, ""learning_rate"": 0.001, ""max_epochs"": 120, ""n_heads"": 4, ""n_layers"": 2, ""patience_evaluations"": 8, ""validation_mask_replicates"": 2, ""weight_decay"": 0.001}",5062,2288108710,5,0.7111073442387315,71681,17.294630200005486
hungary,va_long_beach,v5_site_only_dro,v5_site,5,"{""brier_beta"": 0.1, ""d_model"": 64, ""dro_lambda"": 0.75, ""dro_tau"": 0.2, ""dropout"": 0.1, ""evaluation_interval"": 5, ""learning_rate"": 0.001, ""max_epochs"": 120, ""n_heads"": 4, ""n_layers"": 2, ""patience_evaluations"": 8, ""validation_mask_replicates"": 2, ""weight_decay"": 0.001}",5062,1099095228,5,0.6913354597046834,71681,14.902720500002033
hungary,cleveland,v5_mask_only_dro,v5_mask,0,"{""brier_beta"": 0.1, ""d_model"": 64, ""dro_lambda"": 0.25, ""dro_tau"": 0.2, ""dropout"": 0.1, ""evaluation_interval"": 5, ""learning_rate"": 0.0005, ""max_epochs"": 120, ""n_heads"": 4, ""n_layers"": 2, ""patience_evaluations"": 8, ""validation_mask_replicates"": 2, ""weight_decay"": 0.001}",5062,2835817707,5,0.5794710865819249,71617,11.031995199999074
hungary,switzerland,v5_mask_only_dro,v5_mask,0,"{""brier_beta"": 0.1, ""d_model"": 64, ""dro_lambda"": 0.25, ""dro_tau"": 0.2, ""dropout"": 0.1, ""evaluation_interval"": 5, ""learning_rate"": 0.0005, ""max_epochs"": 120, ""n_heads"": 4, ""n_layers"": 2, ""patience_evaluations"": 8, ""validation_mask_replicates"": 2, ""weight_decay"": 0.001}",5062,2288108710,5,0.7022339567295826,71681,13.547245499998098
hungary,va_long_beach,v5_mask_only_dro,v5_mask,0,"{""brier_beta"": 0.1, ""d_model"": 64, ""dro_lambda"": 0.25, ""dro_tau"": 0.2, ""dropout"": 0.1, ""evaluation_interval"": 5, ""learning_rate"": 0.0005, ""max_epochs"": 120, ""n_heads"": 4, ""n_layers"": 2, ""patience_evaluations"": 8, ""validation_mask_replicates"": 2, ""weight_decay"": 0.001}",5062,1099095228,5,0.680491688214276,71681,12.20826390000002
hungary,cleveland,v5_mask_only_dro,v5_mask,1,"{""brier_beta"": 0.1, ""d_model"": 64, ""dro_lambda"": 0.25, ""dro_tau"": 0.2, ""dropout"": 0.1, ""evaluation_interval"": 5, ""learning_rate"": 0.001, ""max_epochs"": 120, ""n_heads"": 4, ""n_layers"": 2, ""patience_evaluations"": 8, ""validation_mask_replicates"": 2, ""weight_decay"": 0.001}",5062,2835817707,5,0.5786561194444446,71617,8.717050799998106
hungary,switzerland,v5_mask_only_dro,v5_mask,1,"{""brier_beta"": 0.1, ""d_model"": 64, ""dro_lambda"": 0.25, ""dro_tau"": 0.2, ""dropout"": 0.1, ""evaluation_interval"": 5, ""learning_rate"": 0.001, ""max_epochs"": 120, ""n_heads"": 4, ""n_layers"": 2, ""patience_evaluations"": 8, ""validation_mask_replicates"": 2, ""weight_decay"": 0.001}",5062,2288108710,5,0.7169180986476456,71681,13.603916400010348
hungary,va_long_beach,v5_mask_only_dro,v5_mask,1,"{""brier_beta"": 0.1, ""d_model"": 64, ""dro_lambda"": 0.25, ""dro_tau"": 0.2, ""dropout"": 0.1, ""evaluation_interval"": 5, ""learning_rate"": 0.001, ""max_epochs"": 120, ""n_heads"": 4, ""n_layers"": 2, ""patience_evaluations"": 8, ""validation_mask_replicates"": 2, ""weight_decay"": 0.001}",5062,1099095228,5,0.6920893548625562,71681,12.108192899991991
hungary,cleveland,v5_mask_only_dro,v5_mask,2,"{""brier_beta"": 0.1, ""d_model"": 64, ""dro_lambda"": 0.5, ""dro_tau"": 0.2, ""dropout"": 0.1, ""evaluation_interval"": 5, ""learning_rate"": 0.0005, ""max_epochs"": 120, ""n_heads"": 4, ""n_layers"": 2, ""patience_evaluations"": 8, ""validation_mask_replicates"": 2, ""weight_decay"": 0.001}",5062,2835817707,5,0.5793612994786956,71617,14.266795900010038
hungary,switzerland,v5_mask_only_dro,v5_mask,2,"{""brier_beta"": 0.1, ""d_model"": 64, ""dro_lambda"": 0.5, ""dro_tau"": 0.2, ""dropout"": 0.1, ""evaluation_interval"": 5, ""learning_rate"": 0.0005, ""max_epochs"": 120, ""n_heads"": 4, ""n_layers"": 2, ""patience_evaluations"": 8, ""validation_mask_replicates"": 2, ""weight_decay"": 0.001}",5062,2288108710,5,0.7020713698236403,71681,17.48485079999955
hungary,va_long_beach,v5_mask_only_dro,v5_mask,2,"{""brier_beta"": 0.1, ""d_model"": 64, ""dro_lambda"": 0.5, ""dro_tau"": 0.2, ""dropout"": 0.1, ""evaluation_interval"": 5, ""learning_rate"": 0.0005, ""max_epochs"": 120, ""n_heads"": 4, ""n_layers"": 2, ""patience_evaluations"": 8, ""validation_mask_replicates"": 2, ""weight_decay"": 0.001}",5062,1099095228,5,0.6802727872739284,71681,14.917243300005794
hungary,cleveland,v5_mask_only_dro,v5_mask,3,"{""brier_beta"": 0.1, ""d_model"": 64, ""dro_lambda"": 0.5, ""dro_tau"": 0.2, ""dropout"": 0.1, ""evaluation_interval"": 5, ""learning_rate"": 0.001, ""max_epochs"": 120, ""n_heads"": 4, ""n_layers"": 2, ""patience_evaluations"": 8, ""validation_mask_replicates"": 2, ""weight_decay"": 0.001}",5062,2835817707,5,0.5784616305355935,71617,18.35686079999141
hungary,switzerland,v5_mask_only_dro,v5_mask,3,"{""brier_beta"": 0.1, ""d_model"": 64, ""dro_lambda"": 0.5, ""dro_tau"": 0.2, ""dropout"": 0.1, ""evaluation_interval"": 5, ""learning_rate"": 0.001, ""max_epochs"": 120, ""n_heads"": 4, ""n_layers"": 2, ""patience_evaluations"": 8, ""validation_mask_replicates"": 2, ""weight_decay"": 0.001}",5062,2288108710,5,0.7168465735024632,71681,18.780876600008924
hungary,va_long_beach,v5_mask_only_dro,v5_mask,3,"{""brier_beta"": 0.1, ""d_model"": 64, ""dro_lambda"": 0.5, ""dro_tau"": 0.2, ""dropout"": 0.1, ""evaluation_interval"": 5, ""learning_rate"": 0.001, ""max_epochs"": 120, ""n_heads"": 4, ""n_layers"": 2, ""patience_evaluations"": 8, ""validation_mask_replicates"": 2, ""weight_decay"": 0.001}",5062,1099095228,5,0.6911634757841152,71681,18.042870300007053
hungary,cleveland,v5_mask_only_dro,v5_mask,4,"{""brier_beta"": 0.1, ""d_model"": 64, ""dro_lambda"": 0.75, ""dro_tau"": 0.2, ""dropout"": 0.1, ""evaluation_interval"": 5, ""learning_rate"": 0.0005, ""max_epochs"": 120, ""n_heads"": 4, ""n_layers"": 2, ""patience_evaluations"": 8, ""validation_mask_replicates"": 2, ""weight_decay"": 0.001}",5062,2835817707,5,0.5792468228230891,71617,16.097792300002766
hungary,switzerland,v5_mask_only_dro,v5_mask,4,"{""brier_beta"": 0.1, ""d_model"": 64, ""dro_lambda"": 0.75, ""dro_tau"": 0.2, ""dropout"": 0.1, ""evaluation_interval"": 5, ""learning_rate"": 0.0005, ""max_epochs"": 120, ""n_heads"": 4, ""n_layers"": 2, ""patience_evaluations"": 8, ""validation_mask_replicates"": 2, ""weight_decay"": 0.001}",5062,2288108710,5,0.7019243970341884,71681,20.219756900012726
hungary,va_long_beach,v5_mask_only_dro,v5_mask,4,"{""brier_beta"": 0.1, ""d_model"": 64, ""dro_lambda"": 0.75, ""dro_tau"": 0.2, ""dropout"": 0.1, ""evaluation_interval"": 5, ""learning_rate"": 0.0005, ""max_epochs"": 120, ""n_heads"": 4, ""n_layers"": 2, ""patience_evaluations"": 8, ""validation_mask_replicates"": 2, ""weight_decay"": 0.001}",5062,1099095228,5,0.6799884160067702,71681,13.803866499991273
hungary,cleveland,v5_mask_only_dro,v5_mask,5,"{""brier_beta"": 0.1, ""d_model"": 64, ""dro_lambda"": 0.75, ""dro_tau"": 0.2, ""dropout"": 0.1, ""evaluation_interval"": 5, ""learning_rate"": 0.001, ""max_epochs"": 120, ""n_heads"": 4, ""n_layers"": 2, ""patience_evaluations"": 8, ""validation_mask_replicates"": 2, ""weight_decay"": 0.001}",5062,2835817707,5,0.5783320889823058,71617,16.11965579999378
hungary,switzerland,v5_mask_only_dro,v5_mask,5,"{""brier_beta"": 0.1, ""d_model"": 64, ""dro_lambda"": 0.75, ""dro_tau"": 0.2, ""dropout"": 0.1, ""evaluation_interval"": 5, ""learning_rate"": 0.001, ""max_epochs"": 120, ""n_heads"": 4, ""n_layers"": 2, ""patience_evaluations"": 8, ""validation_mask_replicates"": 2, ""weight_decay"": 0.001}",5062,2288108710,5,0.7163567846810117,71681,17.301545700000133
hungary,va_long_beach,v5_mask_only_dro,v5_mask,5,"{""brier_beta"": 0.1, ""d_model"": 64, ""dro_lambda"": 0.75, ""dro_tau"": 0.2, ""dropout"": 0.1, ""evaluation_interval"": 5, ""learning_rate"": 0.001, ""max_epochs"": 120, ""n_heads"": 4, ""n_layers"": 2, ""patience_evaluations"": 8, ""validation_mask_replicates"": 2, ""weight_decay"": 0.001}",5062,1099095228,5,0.6900668076007652,71681,16.91452869999921
switzerland,cleveland,v5_site_only_dro,v5_site,0,"{""brier_beta"": 0.1, ""d_model"": 64, ""dro_lambda"": 0.25, ""dro_tau"": 0.2, ""dropout"": 0.1, ""evaluation_interval"": 5, ""learning_rate"": 0.0005, ""max_epochs"": 120, ""n_heads"": 4, ""n_layers"": 2, ""patience_evaluations"": 8, ""validation_mask_replicates"": 2, ""weight_decay"": 0.001}",5062,61285438,10,0.517424910635074,71489,18.45847070000309
switzerland,hungary,v5_site_only_dro,v5_site,0,"{""brier_beta"": 0.1, ""d_model"": 64, ""dro_lambda"": 0.25, ""dro_tau"": 0.2, ""dropout"": 0.1, ""evaluation_interval"": 5, ""learning_rate"": 0.0005, ""max_epochs"": 120, ""n_heads"": 4, ""n_layers"": 2, ""patience_evaluations"": 8, ""validation_mask_replicates"": 2, ""weight_decay"": 0.001}",5062,2766612494,30,0.5227324906006853,71681,20.173248200007947
switzerland,va_long_beach,v5_site_only_dro,v5_site,0,"{""brier_beta"": 0.1, ""d_model"": 64, ""dro_lambda"": 0.25, ""dro_tau"": 0.2, ""dropout"": 0.1, ""evaluation_interval"": 5, ""learning_rate"": 0.0005, ""max_epochs"": 120, ""n_heads"": 4, ""n_layers"": 2, ""patience_evaluations"": 8, ""validation_mask_replicates"": 2, ""weight_decay"": 0.001}",5062,3674963557,5,0.7399332741239493,71681,17.9836123999994
switzerland,cleveland,v5_site_only_dro,v5_site,1,"{""brier_beta"": 0.1, ""d_model"": 64, ""dro_lambda"": 0.25, ""dro_tau"": 0.2, ""dropout"": 0.1, ""evaluation_interval"": 5, ""learning_rate"": 0.001, ""max_epochs"": 120, ""n_heads"": 4, ""n_layers"": 2, ""patience_evaluations"": 8, ""validation_mask_replicates"": 2, ""weight_decay"": 0.001}",5062,61285438,5,0.5239356026998533,71489,19.67335159999493
switzerland,hungary,v5_site_only_dro,v5_site,1,"{""brier_beta"": 0.1, ""d_model"": 64, ""dro_lambda"": 0.25, ""dro_tau"": 0.2, ""dropout"": 0.1, ""evaluation_interval"": 5, ""learning_rate"": 0.001, ""max_epochs"": 120, ""n_heads"": 4, ""n_layers"": 2, ""patience_evaluations"": 8, ""validation_mask_replicates"": 2, ""weight_decay"": 0.001}",5062,2766612494,15,0.5038624407672656,71681,22.582553600004758
switzerland,va_long_beach,v5_site_only_dro,v5_site,1,"{""brier_beta"": 0.1, ""d_model"": 64, ""dro_lambda"": 0.25, ""dro_tau"": 0.2, ""dropout"": 0.1, ""evaluation_interval"": 5, ""learning_rate"": 0.001, ""max_epochs"": 120, ""n_heads"": 4, ""n_layers"": 2, ""patience_evaluations"": 8, ""validation_mask_replicates"": 2, ""weight_decay"": 0.001}",5062,3674963557,10,0.7592492432451774,71681,15.002824199997121
switzerland,cleveland,v5_site_only_dro,v5_site,2,"{""brier_beta"": 0.1, ""d_model"": 64, ""dro_lambda"": 0.5, ""dro_tau"": 0.2, ""dropout"": 0.1, ""evaluation_interval"": 5, ""learning_rate"": 0.0005, ""max_epochs"": 120, ""n_heads"": 4, ""n_layers"": 2, ""patience_evaluations"": 8, ""validation_mask_replicates"": 2, ""weight_decay"": 0.001}",5062,61285438,10,0.5179851234013213,71489,14.406871500003035
switzerland,hungary,v5_site_only_dro,v5_site,2,"{""brier_beta"": 0.1, ""d_model"": 64, ""dro_lambda"": 0.5, ""dro_tau"": 0.2, ""dropout"": 0.1, ""evaluation_interval"": 5, ""learning_rate"": 0.0005, ""max_epochs"": 120, ""n_heads"": 4, ""n_layers"": 2, ""patience_evaluations"": 8, ""validation_mask_replicates"": 2, ""weight_decay"": 0.001}",5062,2766612494,30,0.5251065324423231,71681,26.148354999997537
switzerland,va_long_beach,v5_site_only_dro,v5_site,2,"{""brier_beta"": 0.1, ""d_model"": 64, ""dro_lambda"": 0.5, ""dro_tau"": 0.2, ""dropout"": 0.1, ""evaluation_interval"": 5, ""learning_rate"": 0.0005, ""max_epochs"": 120, ""n_heads"": 4, ""n_layers"": 2, ""patience_evaluations"": 8, ""validation_mask_replicates"": 2, ""weight_decay"": 0.001}",5062,3674963557,5,0.7404010752107382,71681,15.273640400002478
switzerland,cleveland,v5_site_only_dro,v5_site,3,"{""brier_beta"": 0.1, ""d_model"": 64, ""dro_lambda"": 0.5, ""dro_tau"": 0.2, ""dropout"": 0.1, ""evaluation_interval"": 5, ""learning_rate"": 0.001, ""max_epochs"": 120, ""n_heads"": 4, ""n_layers"": 2, ""patience_evaluations"": 8, ""validation_mask_replicates"": 2, ""weight_decay"": 0.001}",5062,61285438,5,0.5255118978820341,71489,18.130442399997264
switzerland,hungary,v5_site_only_dro,v5_site,3,"{""brier_beta"": 0.1, ""d_model"": 64, ""dro_lambda"": 0.5, ""dro_tau"": 0.2, ""dropout"": 0.1, ""evaluation_interval"": 5, ""learning_rate"": 0.001, ""max_epochs"": 120, ""n_heads"": 4, ""n_layers"": 2, ""patience_evaluations"": 8, ""validation_mask_replicates"": 2, ""weight_decay"": 0.001}",5062,2766612494,15,0.508640490831582,71681,22.3294079000043
switzerland,va_long_beach,v5_site_only_dro,v5_site,3,"{""brier_beta"": 0.1, ""d_model"": 64, ""dro_lambda"": 0.5, ""dro_tau"": 0.2, ""dropout"": 0.1, ""evaluation_interval"": 5, ""learning_rate"": 0.001, ""max_epochs"": 120, ""n_heads"": 4, ""n_layers"": 2, ""patience_evaluations"": 8, ""validation_mask_replicates"": 2, ""weight_decay"": 0.001}",5062,3674963557,10,0.7545559243092335,71681,20.180666900007054
switzerland,cleveland,v5_site_only_dro,v5_site,4,"{""brier_beta"": 0.1, ""d_model"": 64, ""dro_lambda"": 0.75, ""dro_tau"": 0.2, ""dropout"": 0.1, ""evaluation_interval"": 5, ""learning_rate"": 0.0005, ""max_epochs"": 120, ""n_heads"": 4, ""n_layers"": 2, ""patience_evaluations"": 8, ""validation_mask_replicates"": 2, ""weight_decay"": 0.001}",5062,61285438,10,0.5186817713969989,71489,18.769834099992295
switzerland,hungary,v5_site_only_dro,v5_site,4,"{""brier_beta"": 0.1, ""d_model"": 64, ""dro_lambda"": 0.75, ""dro_tau"": 0.2, ""dropout"": 0.1, ""evaluation_interval"": 5, ""learning_rate"": 0.0005, ""max_epochs"": 120, ""n_heads"": 4, ""n_layers"": 2, ""patience_evaluations"": 8, ""validation_mask_replicates"": 2, ""weight_decay"": 0.001}",5062,2766612494,30,0.5262938295053761,71681,31.0968498000002
switzerland,va_long_beach,v5_site_only_dro,v5_site,4,"{""brier_beta"": 0.1, ""d_model"": 64, ""dro_lambda"": 0.75, ""dro_tau"": 0.2, ""dropout"": 0.1, ""evaluation_interval"": 5, ""learning_rate"": 0.0005, ""max_epochs"": 120, ""n_heads"": 4, ""n_layers"": 2, ""patience_evaluations"": 8, ""validation_mask_replicates"": 2, ""weight_decay"": 0.001}",5062,3674963557,5,0.7408054333635797,71681,19.910203499995987
switzerland,cleveland,v5_site_only_dro,v5_site,5,"{""brier_beta"": 0.1, ""d_model"": 64, ""dro_lambda"": 0.75, ""dro_tau"": 0.2, ""dropout"": 0.1, ""evaluation_interval"": 5, ""learning_rate"": 0.001, ""max_epochs"": 120, ""n_heads"": 4, ""n_layers"": 2, ""patience_evaluations"": 8, ""validation_mask_replicates"": 2, ""weight_decay"": 0.001}",5062,61285438,5,0.5263602470414276,71489,20.592382800008636
switzerland,hungary,v5_site_only_dro,v5_site,5,"{""brier_beta"": 0.1, ""d_model"": 64, ""dro_lambda"": 0.75, ""dro_tau"": 0.2, ""dropout"": 0.1, ""evaluation_interval"": 5, ""learning_rate"": 0.001, ""max_epochs"": 120, ""n_heads"": 4, ""n_layers"": 2, ""patience_evaluations"": 8, ""validation_mask_replicates"": 2, ""weight_decay"": 0.001}",5062,2766612494,15,0.5129603787616537,71681,21.244935800001258
switzerland,va_long_beach,v5_site_only_dro,v5_site,5,"{""brier_beta"": 0.1, ""d_model"": 64, ""dro_lambda"": 0.75, ""dro_tau"": 0.2, ""dropout"": 0.1, ""evaluation_interval"": 5, ""learning_rate"": 0.001, ""max_epochs"": 120, ""n_heads"": 4, ""n_layers"": 2, ""patience_evaluations"": 8, ""validation_mask_replicates"": 2, ""weight_decay"": 0.001}",5062,3674963557,10,0.7525028898770714,71681,19.565176300005987
switzerland,cleveland,v5_mask_only_dro,v5_mask,0,"{""brier_beta"": 0.1, ""d_model"": 64, ""dro_lambda"": 0.25, ""dro_tau"": 0.2, ""dropout"": 0.1, ""evaluation_interval"": 5, ""learning_rate"": 0.0005, ""max_epochs"": 120, ""n_heads"": 4, ""n_layers"": 2, ""patience_evaluations"": 8, ""validation_mask_replicates"": 2, ""weight_decay"": 0.001}",5062,61285438,10,0.5166382337603244,71489,12.238768700000946
switzerland,hungary,v5_mask_only_dro,v5_mask,0,"{""brier_beta"": 0.1, ""d_model"": 64, ""dro_lambda"": 0.25, ""dro_tau"": 0.2, ""dropout"": 0.1, ""evaluation_interval"": 5, ""learning_rate"": 0.0005, ""max_epochs"": 120, ""n_heads"": 4, ""n_layers"": 2, ""patience_evaluations"": 8, ""validation_mask_replicates"": 2, ""weight_decay"": 0.001}",5062,2766612494,35,0.5156768861744868,71681,18.88375320000341
switzerland,va_long_beach,v5_mask_only_dro,v5_mask,0,"{""brier_beta"": 0.1, ""d_model"": 64, ""dro_lambda"": 0.25, ""dro_tau"": 0.2, ""dropout"": 0.1, ""evaluation_interval"": 5, ""learning_rate"": 0.0005, ""max_epochs"": 120, ""n_heads"": 4, ""n_layers"": 2, ""patience_evaluations"": 8, ""validation_mask_replicates"": 2, ""weight_decay"": 0.001}",5062,3674963557,5,0.7375673363105926,71681,10.923604499999783
switzerland,cleveland,v5_mask_only_dro,v5_mask,1,"{""brier_beta"": 0.1, ""d_model"": 64, ""dro_lambda"": 0.25, ""dro_tau"": 0.2, ""dropout"": 0.1, ""evaluation_interval"": 5, ""learning_rate"": 0.001, ""max_epochs"": 120, ""n_heads"": 4, ""n_layers"": 2, ""patience_evaluations"": 8, ""validation_mask_replicates"": 2, ""weight_decay"": 0.001}",5062,61285438,5,0.5222047682365847,71489,11.73700110000209
switzerland,hungary,v5_mask_only_dro,v5_mask,1,"{""brier_beta"": 0.1, ""d_model"": 64, ""dro_lambda"": 0.25, ""dro_tau"": 0.2, ""dropout"": 0.1, ""evaluation_interval"": 5, ""learning_rate"": 0.001, ""max_epochs"": 120, ""n_heads"": 4, ""n_layers"": 2, ""patience_evaluations"": 8, ""validation_mask_replicates"": 2, ""weight_decay"": 0.001}",5062,2766612494,15,0.4970246591201356,71681,13.444072600002983
switzerland,va_long_beach,v5_mask_only_dro,v5_mask,1,"{""brier_beta"": 0.1, ""d_model"": 64, ""dro_lambda"": 0.25, ""dro_tau"": 0.2, ""dropout"": 0.1, ""evaluation_interval"": 5, ""learning_rate"": 0.001, ""max_epochs"": 120, ""n_heads"": 4, ""n_layers"": 2, ""patience_evaluations"": 8, ""validation_mask_replicates"": 2, ""weight_decay"": 0.001}",5062,3674963557,25,0.7602267005669185,71681,18.246954000002006
switzerland,cleveland,v5_mask_only_dro,v5_mask,2,"{""brier_beta"": 0.1, ""d_model"": 64, ""dro_lambda"": 0.5, ""dro_tau"": 0.2, ""dropout"": 0.1, ""evaluation_interval"": 5, ""learning_rate"": 0.0005, ""max_epochs"": 120, ""n_heads"": 4, ""n_layers"": 2, ""patience_evaluations"": 8, ""validation_mask_replicates"": 2, ""weight_decay"": 0.001}",5062,61285438,10,0.5162974813237896,71489,12.838417099992512
switzerland,hungary,v5_mask_only_dro,v5_mask,2,"{""brier_beta"": 0.1, ""d_model"": 64, ""dro_lambda"": 0.5, ""dro_tau"": 0.2, ""dropout"": 0.1, ""evaluation_interval"": 5, ""learning_rate"": 0.0005, ""max_epochs"": 120, ""n_heads"": 4, ""n_layers"": 2, ""patience_evaluations"": 8, ""validation_mask_replicates"": 2, ""weight_decay"": 0.001}",5062,2766612494,35,0.5135382647684124,71681,18.626319100003457
switzerland,va_long_beach,v5_mask_only_dro,v5_mask,2,"{""brier_beta"": 0.1, ""d_model"": 64, ""dro_lambda"": 0.5, ""dro_tau"": 0.2, ""dropout"": 0.1, ""evaluation_interval"": 5, ""learning_rate"": 0.0005, ""max_epochs"": 120, ""n_heads"": 4, ""n_layers"": 2, ""patience_evaluations"": 8, ""validation_mask_replicates"": 2, ""weight_decay"": 0.001}",5062,3674963557,5,0.7359059925900505,71681,9.636669300001813
switzerland,cleveland,v5_mask_only_dro,v5_mask,3,"{""brier_beta"": 0.1, ""d_model"": 64, ""dro_lambda"": 0.5, ""dro_tau"": 0.2, ""dropout"": 0.1, ""evaluation_interval"": 5, ""learning_rate"": 0.001, ""max_epochs"": 120, ""n_heads"": 4, ""n_layers"": 2, ""patience_evaluations"": 8, ""validation_mask_replicates"": 2, ""weight_decay"": 0.001}",5062,61285438,5,0.5219566753107548,71489,12.301111400010996
switzerland,hungary,v5_mask_only_dro,v5_mask,3,"{""brier_beta"": 0.1, ""d_model"": 64, ""dro_lambda"": 0.5, ""dro_tau"": 0.2, ""dropout"": 0.1, ""evaluation_interval"": 5, ""learning_rate"": 0.001, ""max_epochs"": 120, ""n_heads"": 4, ""n_layers"": 2, ""patience_evaluations"": 8, ""validation_mask_replicates"": 2, ""weight_decay"": 0.001}",5062,2766612494,15,0.49537786019504654,71681,12.725145799995516
switzerland,va_long_beach,v5_mask_only_dro,v5_mask,3,"{""brier_beta"": 0.1, ""d_model"": 64, ""dro_lambda"": 0.5, ""dro_tau"": 0.2, ""dropout"": 0.1, ""evaluation_interval"": 5, ""learning_rate"": 0.001, ""max_epochs"": 120, ""n_heads"": 4, ""n_layers"": 2, ""patience_evaluations"": 8, ""validation_mask_replicates"": 2, ""weight_decay"": 0.001}",5062,3674963557,25,0.7592330836212351,71681,12.731133900000714
switzerland,cleveland,v5_mask_only_dro,v5_mask,4,"{""brier_beta"": 0.1, ""d_model"": 64, ""dro_lambda"": 0.75, ""dro_tau"": 0.2, ""dropout"": 0.1, ""evaluation_interval"": 5, ""learning_rate"": 0.0005, ""max_epochs"": 120, ""n_heads"": 4, ""n_layers"": 2, ""patience_evaluations"": 8, ""validation_mask_replicates"": 2, ""weight_decay"": 0.001}",5062,61285438,10,0.5160011404830839,71489,13.537946000011289
switzerland,hungary,v5_mask_only_dro,v5_mask,4,"{""brier_beta"": 0.1, ""d_model"": 64, ""dro_lambda"": 0.75, ""dro_tau"": 0.2, ""dropout"": 0.1, ""evaluation_interval"": 5, ""learning_rate"": 0.0005, ""max_epochs"": 120, ""n_heads"": 4, ""n_layers"": 2, ""patience_evaluations"": 8, ""validation_mask_replicates"": 2, ""weight_decay"": 0.001}",5062,2766612494,35,0.511767197169303,71681,20.33879629999865
switzerland,va_long_beach,v5_mask_only_dro,v5_mask,4,"{""brier_beta"": 0.1, ""d_model"": 64, ""dro_lambda"": 0.75, ""dro_tau"": 0.2, ""dropout"": 0.1, ""evaluation_interval"": 5, ""learning_rate"": 0.0005, ""max_epochs"": 120, ""n_heads"": 4, ""n_layers"": 2, ""patience_evaluations"": 8, ""validation_mask_replicates"": 2, ""weight_decay"": 0.001}",5062,3674963557,5,0.7343156643032386,71681,12.037300099997083
switzerland,cleveland,v5_mask_only_dro,v5_mask,5,"{""brier_beta"": 0.1, ""d_model"": 64, ""dro_lambda"": 0.75, ""dro_tau"": 0.2, ""dropout"": 0.1, ""evaluation_interval"": 5, ""learning_rate"": 0.001, ""max_epochs"": 120, ""n_heads"": 4, ""n_layers"": 2, ""patience_evaluations"": 8, ""validation_mask_replicates"": 2, ""weight_decay"": 0.001}",5062,61285438,5,0.5215340844184824,71489,13.18971849999798
switzerland,hungary,v5_mask_only_dro,v5_mask,5,"{""brier_beta"": 0.1, ""d_model"": 64, ""dro_lambda"": 0.75, ""dro_tau"": 0.2, ""dropout"": 0.1, ""evaluation_interval"": 5, ""learning_rate"": 0.001, ""max_epochs"": 120, ""n_heads"": 4, ""n_layers"": 2, ""patience_evaluations"": 8, ""validation_mask_replicates"": 2, ""weight_decay"": 0.001}",5062,2766612494,15,0.49317238571768696,71681,13.60191249998752
switzerland,va_long_beach,v5_mask_only_dro,v5_mask,5,"{""brier_beta"": 0.1, ""d_model"": 64, ""dro_lambda"": 0.75, ""dro_tau"": 0.2, ""dropout"": 0.1, ""evaluation_interval"": 5, ""learning_rate"": 0.001, ""max_epochs"": 120, ""n_heads"": 4, ""n_layers"": 2, ""patience_evaluations"": 8, ""validation_mask_replicates"": 2, ""weight_decay"": 0.001}",5062,3674963557,25,0.7586002043416677,71681,19.587889699992957
va_long_beach,cleveland,v5_site_only_dro,v5_site,0,"{""brier_beta"": 0.1, ""d_model"": 64, ""dro_lambda"": 0.25, ""dro_tau"": 0.2, ""dropout"": 0.1, ""evaluation_interval"": 5, ""learning_rate"": 0.0005, ""max_epochs"": 120, ""n_heads"": 4, ""n_layers"": 2, ""patience_evaluations"": 8, ""validation_mask_replicates"": 2, ""weight_decay"": 0.001}",5062,3479562101,5,0.5479429865229677,71617,11.67522600000666
va_long_beach,hungary,v5_site_only_dro,v5_site,0,"{""brier_beta"": 0.1, ""d_model"": 64, ""dro_lambda"": 0.25, ""dro_tau"": 0.2, ""dropout"": 0.1, ""evaluation_interval"": 5, ""learning_rate"": 0.0005, ""max_epochs"": 120, ""n_heads"": 4, ""n_layers"": 2, ""patience_evaluations"": 8, ""validation_mask_replicates"": 2, ""weight_decay"": 0.001}",5062,4142042977,20,0.5122218161745864,71681,15.716078299999936
va_long_beach,switzerland,v5_site_only_dro,v5_site,0,"{""brier_beta"": 0.1, ""d_model"": 64, ""dro_lambda"": 0.25, ""dro_tau"": 0.2, ""dropout"": 0.1, ""evaluation_interval"": 5, ""learning_rate"": 0.0005, ""max_epochs"": 120, ""n_heads"": 4, ""n_layers"": 2, ""patience_evaluations"": 8, ""validation_mask_replicates"": 2, ""weight_decay"": 0.001}",5062,1398881392,5,0.7170961642983349,71681,14.627769099999568
va_long_beach,cleveland,v5_site_only_dro,v5_site,1,"{""brier_beta"": 0.1, ""d_model"": 64, ""dro_lambda"": 0.25, ""dro_tau"": 0.2, ""dropout"": 0.1, ""evaluation_interval"": 5, ""learning_rate"": 0.001, ""max_epochs"": 120, ""n_heads"": 4, ""n_layers"": 2, ""patience_evaluations"": 8, ""validation_mask_replicates"": 2, ""weight_decay"": 0.001}",5062,3479562101,5,0.5913106329600388,71617,10.562479500003974
va_long_beach,hungary,v5_site_only_dro,v5_site,1,"{""brier_beta"": 0.1, ""d_model"": 64, ""dro_lambda"": 0.25, ""dro_tau"": 0.2, ""dropout"": 0.1, ""evaluation_interval"": 5, ""learning_rate"": 0.001, ""max_epochs"": 120, ""n_heads"": 4, ""n_layers"": 2, ""patience_evaluations"": 8, ""validation_mask_replicates"": 2, ""weight_decay"": 0.001}",5062,4142042977,15,0.5120882946489518,71681,15.896364400003222
va_long_beach,switzerland,v5_site_only_dro,v5_site,1,"{""brier_beta"": 0.1, ""d_model"": 64, ""dro_lambda"": 0.25, ""dro_tau"": 0.2, ""dropout"": 0.1, ""evaluation_interval"": 5, ""learning_rate"": 0.001, ""max_epochs"": 120, ""n_heads"": 4, ""n_layers"": 2, ""patience_evaluations"": 8, ""validation_mask_replicates"": 2, ""weight_decay"": 0.001}",5062,1398881392,5,0.7692476479309316,71681,14.448902499992982
va_long_beach,cleveland,v5_site_only_dro,v5_site,2,"{""brier_beta"": 0.1, ""d_model"": 64, ""dro_lambda"": 0.5, ""dro_tau"": 0.2, ""dropout"": 0.1, ""evaluation_interval"": 5, ""learning_rate"": 0.0005, ""max_epochs"": 120, ""n_heads"": 4, ""n_layers"": 2, ""patience_evaluations"": 8, ""validation_mask_replicates"": 2, ""weight_decay"": 0.001}",5062,3479562101,5,0.5481985161386893,71617,13.176811199999065
va_long_beach,hungary,v5_site_only_dro,v5_site,2,"{""brier_beta"": 0.1, ""d_model"": 64, ""dro_lambda"": 0.5, ""dro_tau"": 0.2, ""dropout"": 0.1, ""evaluation_interval"": 5, ""learning_rate"": 0.0005, ""max_epochs"": 120, ""n_heads"": 4, ""n_layers"": 2, ""patience_evaluations"": 8, ""validation_mask_replicates"": 2, ""weight_decay"": 0.001}",5062,4142042977,20,0.5113245514046371,71681,17.46537289999833
va_long_beach,switzerland,v5_site_only_dro,v5_site,2,"{""brier_beta"": 0.1, ""d_model"": 64, ""dro_lambda"": 0.5, ""dro_tau"": 0.2, ""dropout"": 0.1, ""evaluation_interval"": 5, ""learning_rate"": 0.0005, ""max_epochs"": 120, ""n_heads"": 4, ""n_layers"": 2, ""patience_evaluations"": 8, ""validation_mask_replicates"": 2, ""weight_decay"": 0.001}",5062,1398881392,5,0.7172732473653813,71681,14.659933599992655
va_long_beach,cleveland,v5_site_only_dro,v5_site,3,"{""brier_beta"": 0.1, ""d_model"": 64, ""dro_lambda"": 0.5, ""dro_tau"": 0.2, ""dropout"": 0.1, ""evaluation_interval"": 5, ""learning_rate"": 0.001, ""max_epochs"": 120, ""n_heads"": 4, ""n_layers"": 2, ""patience_evaluations"": 8, ""validation_mask_replicates"": 2, ""weight_decay"": 0.001}",5062,3479562101,5,0.591796709211159,71617,10.048643200003426
va_long_beach,hungary,v5_site_only_dro,v5_site,3,"{""brier_beta"": 0.1, ""d_model"": 64, ""dro_lambda"": 0.5, ""dro_tau"": 0.2, ""dropout"": 0.1, ""evaluation_interval"": 5, ""learning_rate"": 0.001, ""max_epochs"": 120, ""n_heads"": 4, ""n_layers"": 2, ""patience_evaluations"": 8, ""validation_mask_replicates"": 2, ""weight_decay"": 0.001}",5062,4142042977,15,0.5122045873035254,71681,10.977891900009126
va_long_beach,switzerland,v5_site_only_dro,v5_site,3,"{""brier_beta"": 0.1, ""d_model"": 64, ""dro_lambda"": 0.5, ""dro_tau"": 0.2, ""dropout"": 0.1, ""evaluation_interval"": 5, ""learning_rate"": 0.001, ""max_epochs"": 120, ""n_heads"": 4, ""n_layers"": 2, ""patience_evaluations"": 8, ""validation_mask_replicates"": 2, ""weight_decay"": 0.001}",5062,1398881392,5,0.7692526693609284,71681,14.259888100001263
va_long_beach,cleveland,v5_site_only_dro,v5_site,4,"{""brier_beta"": 0.1, ""d_model"": 64, ""dro_lambda"": 0.75, ""dro_tau"": 0.2, ""dropout"": 0.1, ""evaluation_interval"": 5, ""learning_rate"": 0.0005, ""max_epochs"": 120, ""n_heads"": 4, ""n_layers"": 2, ""patience_evaluations"": 8, ""validation_mask_replicates"": 2, ""weight_decay"": 0.001}",5062,3479562101,5,0.5485153437743631,71617,13.019727100007003
va_long_beach,hungary,v5_site_only_dro,v5_site,4,"{""brier_beta"": 0.1, ""d_model"": 64, ""dro_lambda"": 0.75, ""dro_tau"": 0.2, ""dropout"": 0.1, ""evaluation_interval"": 5, ""learning_rate"": 0.0005, ""max_epochs"": 120, ""n_heads"": 4, ""n_layers"": 2, ""patience_evaluations"": 8, ""validation_mask_replicates"": 2, ""weight_decay"": 0.001}",5062,4142042977,20,0.5104151797742785,71681,17.827639700000873
va_long_beach,switzerland,v5_site_only_dro,v5_site,4,"{""brier_beta"": 0.1, ""d_model"": 64, ""dro_lambda"": 0.75, ""dro_tau"": 0.2, ""dropout"": 0.1, ""evaluation_interval"": 5, ""learning_rate"": 0.0005, ""max_epochs"": 120, ""n_heads"": 4, ""n_layers"": 2, ""patience_evaluations"": 8, ""validation_mask_replicates"": 2, ""weight_decay"": 0.001}",5062,1398881392,5,0.7174682801791143,71681,13.136681500007398
va_long_beach,cleveland,v5_site_only_dro,v5_site,5,"{""brier_beta"": 0.1, ""d_model"": 64, ""dro_lambda"": 0.75, ""dro_tau"": 0.2, ""dropout"": 0.1, ""evaluation_interval"": 5, ""learning_rate"": 0.001, ""max_epochs"": 120, ""n_heads"": 4, ""n_layers"": 2, ""patience_evaluations"": 8, ""validation_mask_replicates"": 2, ""weight_decay"": 0.001}",5062,3479562101,5,0.5919470647268139,71617,13.781783300000825
va_long_beach,hungary,v5_site_only_dro,v5_site,5,"{""brier_beta"": 0.1, ""d_model"": 64, ""dro_lambda"": 0.75, ""dro_tau"": 0.2, ""dropout"": 0.1, ""evaluation_interval"": 5, ""learning_rate"": 0.001, ""max_epochs"": 120, ""n_heads"": 4, ""n_layers"": 2, ""patience_evaluations"": 8, ""validation_mask_replicates"": 2, ""weight_decay"": 0.001}",5062,4142042977,15,0.51242232859773,71681,22.6466139999975
va_long_beach,switzerland,v5_site_only_dro,v5_site,5,"{""brier_beta"": 0.1, ""d_model"": 64, ""dro_lambda"": 0.75, ""dro_tau"": 0.2, ""dropout"": 0.1, ""evaluation_interval"": 5, ""learning_rate"": 0.001, ""max_epochs"": 120, ""n_heads"": 4, ""n_layers"": 2, ""patience_evaluations"": 8, ""validation_mask_replicates"": 2, ""weight_decay"": 0.001}",5062,1398881392,5,0.7693889359089271,71681,16.772872999994433
va_long_beach,cleveland,v5_mask_only_dro,v5_mask,0,"{""brier_beta"": 0.1, ""d_model"": 64, ""dro_lambda"": 0.25, ""dro_tau"": 0.2, ""dropout"": 0.1, ""evaluation_interval"": 5, ""learning_rate"": 0.0005, ""max_epochs"": 120, ""n_heads"": 4, ""n_layers"": 2, ""patience_evaluations"": 8, ""validation_mask_replicates"": 2, ""weight_decay"": 0.001}",5062,3479562101,5,0.547570836488867,71617,19.90583059999335
va_long_beach,hungary,v5_mask_only_dro,v5_mask,0,"{""brier_beta"": 0.1, ""d_model"": 64, ""dro_lambda"": 0.25, ""dro_tau"": 0.2, ""dropout"": 0.1, ""evaluation_interval"": 5, ""learning_rate"": 0.0005, ""max_epochs"": 120, ""n_heads"": 4, ""n_layers"": 2, ""patience_evaluations"": 8, ""validation_mask_replicates"": 2, ""weight_decay"": 0.001}",5062,4142042977,20,0.5102858101779685,71681,17.999053000006825
va_long_beach,switzerland,v5_mask_only_dro,v5_mask,0,"{""brier_beta"": 0.1, ""d_model"": 64, ""dro_lambda"": 0.25, ""dro_tau"": 0.2, ""dropout"": 0.1, ""evaluation_interval"": 5, ""learning_rate"": 0.0005, ""max_epochs"": 120, ""n_heads"": 4, ""n_layers"": 2, ""patience_evaluations"": 8, ""validation_mask_replicates"": 2, ""weight_decay"": 0.001}",5062,1398881392,5,0.7162990415667974,71681,15.080988500005333
va_long_beach,cleveland,v5_mask_only_dro,v5_mask,1,"{""brier_beta"": 0.1, ""d_model"": 64, ""dro_lambda"": 0.25, ""dro_tau"": 0.2, ""dropout"": 0.1, ""evaluation_interval"": 5, ""learning_rate"": 0.001, ""max_epochs"": 120, ""n_heads"": 4, ""n_layers"": 2, ""patience_evaluations"": 8, ""validation_mask_replicates"": 2, ""weight_decay"": 0.001}",5062,3479562101,5,0.5922878162223961,71617,16.023059099999955
va_long_beach,hungary,v5_mask_only_dro,v5_mask,1,"{""brier_beta"": 0.1, ""d_model"": 64, ""dro_lambda"": 0.25, ""dro_tau"": 0.2, ""dropout"": 0.1, ""evaluation_interval"": 5, ""learning_rate"": 0.001, ""max_epochs"": 120, ""n_heads"": 4, ""n_layers"": 2, ""patience_evaluations"": 8, ""validation_mask_replicates"": 2, ""weight_decay"": 0.001}",5062,4142042977,15,0.5085874556857607,71681,22.087733099993784
va_long_beach,switzerland,v5_mask_only_dro,v5_mask,1,"{""brier_beta"": 0.1, ""d_model"": 64, ""dro_lambda"": 0.25, ""dro_tau"": 0.2, ""dropout"": 0.1, ""evaluation_interval"": 5, ""learning_rate"": 0.001, ""max_epochs"": 120, ""n_heads"": 4, ""n_layers"": 2, ""patience_evaluations"": 8, ""validation_mask_replicates"": 2, ""weight_decay"": 0.001}",5062,1398881392,5,0.7677702167531483,71681,22.146951600007014
va_long_beach,cleveland,v5_mask_only_dro,v5_mask,2,"{""brier_beta"": 0.1, ""d_model"": 64, ""dro_lambda"": 0.5, ""dro_tau"": 0.2, ""dropout"": 0.1, ""evaluation_interval"": 5, ""learning_rate"": 0.0005, ""max_epochs"": 120, ""n_heads"": 4, ""n_layers"": 2, ""patience_evaluations"": 8, ""validation_mask_replicates"": 2, ""weight_decay"": 0.001}",5062,3479562101,5,0.5474180717549291,71617,19.01271130000532
va_long_beach,hungary,v5_mask_only_dro,v5_mask,2,"{""brier_beta"": 0.1, ""d_model"": 64, ""dro_lambda"": 0.5, ""dro_tau"": 0.2, ""dropout"": 0.1, ""evaluation_interval"": 5, ""learning_rate"": 0.0005, ""max_epochs"": 120, ""n_heads"": 4, ""n_layers"": 2, ""patience_evaluations"": 8, ""validation_mask_replicates"": 2, ""weight_decay"": 0.001}",5062,4142042977,20,0.5080423578413453,71681,25.772997699998086
va_long_beach,switzerland,v5_mask_only_dro,v5_mask,2,"{""brier_beta"": 0.1, ""d_model"": 64, ""dro_lambda"": 0.5, ""dro_tau"": 0.2, ""dropout"": 0.1, ""evaluation_interval"": 5, ""learning_rate"": 0.0005, ""max_epochs"": 120, ""n_heads"": 4, ""n_layers"": 2, ""patience_evaluations"": 8, ""validation_mask_replicates"": 2, ""weight_decay"": 0.001}",5062,1398881392,5,0.7157411483787639,71681,21.42854970000917
va_long_beach,cleveland,v5_mask_only_dro,v5_mask,3,"{""brier_beta"": 0.1, ""d_model"": 64, ""dro_lambda"": 0.5, ""dro_tau"": 0.2, ""dropout"": 0.1, ""evaluation_interval"": 5, ""learning_rate"": 0.001, ""max_epochs"": 120, ""n_heads"": 4, ""n_layers"": 2, ""patience_evaluations"": 8, ""validation_mask_replicates"": 2, ""weight_decay"": 0.001}",5062,3479562101,5,0.5936920690490313,71617,21.26710459998867
va_long_beach,hungary,v5_mask_only_dro,v5_mask,3,"{""brier_beta"": 0.1, ""d_model"": 64, ""dro_lambda"": 0.5, ""dro_tau"": 0.2, ""dropout"": 0.1, ""evaluation_interval"": 5, ""learning_rate"": 0.001, ""max_epochs"": 120, ""n_heads"": 4, ""n_layers"": 2, ""patience_evaluations"": 8, ""validation_mask_replicates"": 2, ""weight_decay"": 0.001}",5062,4142042977,15,0.5059326247374153,71681,23.9932875999948
va_long_beach,switzerland,v5_mask_only_dro,v5_mask,3,"{""brier_beta"": 0.1, ""d_model"": 64, ""dro_lambda"": 0.5, ""dro_tau"": 0.2, ""dropout"": 0.1, ""evaluation_interval"": 5, ""learning_rate"": 0.001, ""max_epochs"": 120, ""n_heads"": 4, ""n_layers"": 2, ""patience_evaluations"": 8, ""validation_mask_replicates"": 2, ""weight_decay"": 0.001}",5062,1398881392,5,0.7662051366881035,71681,23.32253750000382
va_long_beach,cleveland,v5_mask_only_dro,v5_mask,4,"{""brier_beta"": 0.1, ""d_model"": 64, ""dro_lambda"": 0.75, ""dro_tau"": 0.2, ""dropout"": 0.1, ""evaluation_interval"": 5, ""learning_rate"": 0.0005, ""max_epochs"": 120, ""n_heads"": 4, ""n_layers"": 2, ""patience_evaluations"": 8, ""validation_mask_replicates"": 2, ""weight_decay"": 0.001}",5062,3479562101,5,0.5474068658067515,71617,18.492984500000603
va_long_beach,hungary,v5_mask_only_dro,v5_mask,4,"{""brier_beta"": 0.1, ""d_model"": 64, ""dro_lambda"": 0.75, ""dro_tau"": 0.2, ""dropout"": 0.1, ""evaluation_interval"": 5, ""learning_rate"": 0.0005, ""max_epochs"": 120, ""n_heads"": 4, ""n_layers"": 2, ""patience_evaluations"": 8, ""validation_mask_replicates"": 2, ""weight_decay"": 0.001}",5062,4142042977,35,0.5044406277801066,71681,28.125838699997985
va_long_beach,switzerland,v5_mask_only_dro,v5_mask,4,"{""brier_beta"": 0.1, ""d_model"": 64, ""dro_lambda"": 0.75, ""dro_tau"": 0.2, ""dropout"": 0.1, ""evaluation_interval"": 5, ""learning_rate"": 0.0005, ""max_epochs"": 120, ""n_heads"": 4, ""n_layers"": 2, ""patience_evaluations"": 8, ""validation_mask_replicates"": 2, ""weight_decay"": 0.001}",5062,1398881392,5,0.7153081358039378,71681,20.068076399998972
va_long_beach,cleveland,v5_mask_only_dro,v5_mask,5,"{""brier_beta"": 0.1, ""d_model"": 64, ""dro_lambda"": 0.75, ""dro_tau"": 0.2, ""dropout"": 0.1, ""evaluation_interval"": 5, ""learning_rate"": 0.001, ""max_epochs"": 120, ""n_heads"": 4, ""n_layers"": 2, ""patience_evaluations"": 8, ""validation_mask_replicates"": 2, ""weight_decay"": 0.001}",5062,3479562101,5,0.5954795873545766,71617,17.82021239999449
va_long_beach,hungary,v5_mask_only_dro,v5_mask,5,"{""brier_beta"": 0.1, ""d_model"": 64, ""dro_lambda"": 0.75, ""dro_tau"": 0.2, ""dropout"": 0.1, ""evaluation_interval"": 5, ""learning_rate"": 0.001, ""max_epochs"": 120, ""n_heads"": 4, ""n_layers"": 2, ""patience_evaluations"": 8, ""validation_mask_replicates"": 2, ""weight_decay"": 0.001}",5062,4142042977,15,0.5033823537233945,71681,23.25967890000902
va_long_beach,switzerland,v5_mask_only_dro,v5_mask,5,"{""brier_beta"": 0.1, ""d_model"": 64, ""dro_lambda"": 0.75, ""dro_tau"": 0.2, ""dropout"": 0.1, ""evaluation_interval"": 5, ""learning_rate"": 0.001, ""max_epochs"": 120, ""n_heads"": 4, ""n_layers"": 2, ""patience_evaluations"": 8, ""validation_mask_replicates"": 2, ""weight_decay"": 0.001}",5062,1398881392,5,0.7651497843395495,71681,23.16923620000307
