policy,mask_replicate,diagnostic_mode,calibration_intercept,calibration_slope,estimated_target_prevalence_mlls,estimated_target_prevalence_soft_bbse,diagnostic_best_prior,diagnostic_best_statistic,diagnostic_p_value,diagnostic_accepted_interval_low,diagnostic_accepted_interval_high,mask_support_passed,mask_all_feature_states_supported,mask_exact_pattern_support_rate,mask_nearest_hamming_fraction_q95,mask_nearest_hamming_fraction_max,adaptation_allowed,outer_target,experiment,variant,epochs,config_sha256
drop_advanced,0,composite_multiview_v3,-0.10388396801485617,0.7325867973692979,0.1123862121030432,0.180244505458499,0.15,0.06095359824989597,0.005,,,True,True,0.9931972789115646,0.0,0.15384615384615385,False,hungary,v2_prior_separated,v2,5,be0549617bb8b478de0037a7d30026ad8a37acf124c4f7170c0029656ff8d54f
drop_exercise,0,composite_multiview_v3,-0.04324305691367766,0.5879428511041673,0.010000518802669504,0.01,0.25,0.11204758202651173,0.005,,,True,True,0.9897959183673469,0.0,0.07692307692307693,False,hungary,v2_prior_separated,v2,5,be0549617bb8b478de0037a7d30026ad8a37acf124c4f7170c0029656ff8d54f
drop_routine,0,composite_multiview_v3,-0.29294136089400435,0.7104378979811528,0.0745240485247504,0.21224397725902447,0.5,0.2010528488754798,0.005,,,True,True,0.9965986394557823,0.0,0.15384615384615385,False,hungary,v2_prior_separated,v2,5,be0549617bb8b478de0037a7d30026ad8a37acf124c4f7170c0029656ff8d54f
empirical_source,0,composite_multiview_v3,-0.13552604081061867,0.7237130559612849,0.0660464680854159,0.14539017787256206,0.2,0.06491438743217662,0.005,,,True,True,0.9591836734693877,0.0,0.07692307692307693,False,hungary,v2_prior_separated,v2,5,be0549617bb8b478de0037a7d30026ad8a37acf124c4f7170c0029656ff8d54f
empirical_source,1,composite_multiview_v3,-0.12911828604618752,0.6860586871058229,0.04272958280701075,0.14847352844035827,0.25,0.06362052526116442,0.005,,,True,True,0.9829931972789115,0.0,0.15384615384615385,False,hungary,v2_prior_separated,v2,5,be0549617bb8b478de0037a7d30026ad8a37acf124c4f7170c0029656ff8d54f
empirical_source,2,composite_multiview_v3,-0.1388308572742458,0.7044241351004182,0.08460878807814301,0.17362348835811905,0.2,0.06766535424023143,0.005,,,True,True,0.9863945578231292,0.0,0.15384615384615385,False,hungary,v2_prior_separated,v2,5,be0549617bb8b478de0037a7d30026ad8a37acf124c4f7170c0029656ff8d54f
empirical_source,3,composite_multiview_v3,-0.11967937957992227,0.6744315359519644,0.042038222967894015,0.1387589830224705,0.15,0.05779537092834127,0.005,,,True,True,0.9795918367346939,0.0,0.15384615384615385,False,hungary,v2_prior_separated,v2,5,be0549617bb8b478de0037a7d30026ad8a37acf124c4f7170c0029656ff8d54f
empirical_source,4,composite_multiview_v3,-0.1132551674943449,0.7149754267264029,0.0701710211578934,0.14204249392001425,0.2,0.0643898407196918,0.005,,,True,True,0.9795918367346939,0.0,0.07692307692307693,False,hungary,v2_prior_separated,v2,5,be0549617bb8b478de0037a7d30026ad8a37acf124c4f7170c0029656ff8d54f
empirical_source,5,composite_multiview_v3,-0.10508948761213713,0.7839240699316677,0.12129245942397728,0.16379211663295754,0.25,0.06402380495790913,0.005,,,True,True,0.9829931972789115,0.0,0.07692307692307693,False,hungary,v2_prior_separated,v2,5,be0549617bb8b478de0037a7d30026ad8a37acf124c4f7170c0029656ff8d54f
empirical_source,6,composite_multiview_v3,-0.13097787529575664,0.6833253517775655,0.050599452176616946,0.14597619135004844,0.2,0.0718267641547999,0.005,,,True,True,0.9795918367346939,0.0,0.07692307692307693,False,hungary,v2_prior_separated,v2,5,be0549617bb8b478de0037a7d30026ad8a37acf124c4f7170c0029656ff8d54f
empirical_source,7,composite_multiview_v3,-0.11032672302638392,0.7377913446977596,0.11054092602856337,0.15707319882284543,0.2,0.06661561748686981,0.005,,,True,True,0.9863945578231292,0.0,0.15384615384615385,False,hungary,v2_prior_separated,v2,5,be0549617bb8b478de0037a7d30026ad8a37acf124c4f7170c0029656ff8d54f
empirical_source,8,composite_multiview_v3,-0.12398677742131668,0.7331709493322229,0.0844858580560449,0.15073593106479122,0.2,0.05911836297581596,0.005,,,True,True,0.9727891156462585,0.0,0.15384615384615385,False,hungary,v2_prior_separated,v2,5,be0549617bb8b478de0037a7d30026ad8a37acf124c4f7170c0029656ff8d54f
empirical_source,9,composite_multiview_v3,-0.11661721000052452,0.7101876821980931,0.0890490953843,0.14407257988902408,0.2,0.0717328448601018,0.005,,,True,True,0.9727891156462585,0.0,0.15384615384615385,False,hungary,v2_prior_separated,v2,5,be0549617bb8b478de0037a7d30026ad8a37acf124c4f7170c0029656ff8d54f
mar_age_sex_30,0,composite_multiview_v3,-0.14772327515821027,0.6878592273845608,0.012271488952434214,0.1316524077613838,0.2,0.058328686587732013,0.005,,,True,True,0.5204081632653061,0.07692307692307693,0.07692307692307693,False,hungary,v2_prior_separated,v2,5,be0549617bb8b478de0037a7d30026ad8a37acf124c4f7170c0029656ff8d54f
mar_age_sex_30,1,composite_multiview_v3,-0.15064599213753294,0.7167588565461903,0.04490000767293666,0.14636481589356584,0.15,0.05149382178685409,0.005,,,True,True,0.7142857142857143,0.07692307692307693,0.07692307692307693,False,hungary,v2_prior_separated,v2,5,be0549617bb8b478de0037a7d30026ad8a37acf124c4f7170c0029656ff8d54f
mar_age_sex_30,2,composite_multiview_v3,-0.1147868270685425,0.6971525742383031,0.046530618540032084,0.13685065587888776,0.2,0.05155037788759392,0.005,,,True,True,0.7210884353741497,0.07692307692307693,0.07692307692307693,False,hungary,v2_prior_separated,v2,5,be0549617bb8b478de0037a7d30026ad8a37acf124c4f7170c0029656ff8d54f
mar_age_sex_30,3,composite_multiview_v3,-0.1440349791167476,0.8473843216500476,0.1273948226982818,0.1602373504692482,0.25,0.060866584192004705,0.005,,,True,True,0.5612244897959183,0.07692307692307693,0.07692307692307693,False,hungary,v2_prior_separated,v2,5,be0549617bb8b478de0037a7d30026ad8a37acf124c4f7170c0029656ff8d54f
mar_age_sex_30,4,composite_multiview_v3,-0.12747544804890987,0.6676088154887402,0.03359098276806742,0.1631139888430524,0.25,0.05091712357794657,0.005,,,True,True,0.6666666666666666,0.07692307692307693,0.07692307692307693,False,hungary,v2_prior_separated,v2,5,be0549617bb8b478de0037a7d30026ad8a37acf124c4f7170c0029656ff8d54f
mar_age_sex_30,5,composite_multiview_v3,-0.13566211130621153,0.6111092598928903,0.010000518802669504,0.10625168977697946,0.2,0.05487986410874949,0.005,,,True,True,0.6666666666666666,0.07692307692307693,0.15384615384615385,False,hungary,v2_prior_separated,v2,5,be0549617bb8b478de0037a7d30026ad8a37acf124c4f7170c0029656ff8d54f
mar_age_sex_30,6,composite_multiview_v3,-0.14961696428023033,0.5899942896987568,0.010000518802669504,0.10966604372016182,0.15,0.06231792472348285,0.005,,,True,True,0.7006802721088435,0.07692307692307693,0.15384615384615385,False,hungary,v2_prior_separated,v2,5,be0549617bb8b478de0037a7d30026ad8a37acf124c4f7170c0029656ff8d54f
mar_age_sex_30,7,composite_multiview_v3,-0.14009888567950096,0.8329611220017,0.12811795189860947,0.1519038235404605,0.2,0.05872988570595766,0.005,,,True,True,0.7142857142857143,0.07692307692307693,0.07692307692307693,False,hungary,v2_prior_separated,v2,5,be0549617bb8b478de0037a7d30026ad8a37acf124c4f7170c0029656ff8d54f
mar_age_sex_30,8,composite_multiview_v3,-0.12961140838907853,0.6661392317103949,0.018139858225917016,0.14289994165298206,0.2,0.054872413175193036,0.005,,,True,True,0.7517006802721088,0.07692307692307693,0.07692307692307693,False,hungary,v2_prior_separated,v2,5,be0549617bb8b478de0037a7d30026ad8a37acf124c4f7170c0029656ff8d54f
mar_age_sex_30,9,composite_multiview_v3,-0.15520920294298438,0.6938383857585259,0.03501482470918175,0.1378214322010164,0.2,0.055142550095049835,0.005,,,True,True,0.6972789115646258,0.07692307692307693,0.07692307692307693,False,hungary,v2_prior_separated,v2,5,be0549617bb8b478de0037a7d30026ad8a37acf124c4f7170c0029656ff8d54f
mcar_10,0,composite_multiview_v3,-0.13420322459058753,0.681029682132889,0.02099130679044666,0.11423391851170399,0.25,0.05291822796102488,0.005,,,True,True,0.7006802721088435,0.07692307692307693,0.15384615384615385,False,hungary,v2_prior_separated,v2,5,be0549617bb8b478de0037a7d30026ad8a37acf124c4f7170c0029656ff8d54f
mcar_10,1,composite_multiview_v3,-0.11291636742462466,0.6868521393334421,0.06233852684709345,0.1342038322200848,0.25,0.051620422843952886,0.005,,,True,True,0.6938775510204082,0.07692307692307693,0.15384615384615385,False,hungary,v2_prior_separated,v2,5,be0549617bb8b478de0037a7d30026ad8a37acf124c4f7170c0029656ff8d54f
mcar_10,2,composite_multiview_v3,-0.11557474608017942,0.7394763478717697,0.07609444886042782,0.14038601033371606,0.3,0.05764755604262681,0.005,,,True,True,0.7006802721088435,0.07692307692307693,0.15384615384615385,False,hungary,v2_prior_separated,v2,5,be0549617bb8b478de0037a7d30026ad8a37acf124c4f7170c0029656ff8d54f
mcar_10,3,composite_multiview_v3,-0.1095586762010212,0.7320939238188626,0.09224724026716145,0.14083750755325072,0.35,0.06843292141522013,0.005,,,True,True,0.6224489795918368,0.07692307692307693,0.15384615384615385,False,hungary,v2_prior_separated,v2,5,be0549617bb8b478de0037a7d30026ad8a37acf124c4f7170c0029656ff8d54f
mcar_10,4,composite_multiview_v3,-0.14618819113560497,0.7077601331010916,0.06718088184355502,0.17090008032340517,0.25,0.0493758678218007,0.005,,,True,True,0.7006802721088435,0.15384615384615385,0.15384615384615385,False,hungary,v2_prior_separated,v2,5,be0549617bb8b478de0037a7d30026ad8a37acf124c4f7170c0029656ff8d54f
mcar_10,5,composite_multiview_v3,-0.14727825409886183,0.7195959262719395,0.03750614886873332,0.12671036739621444,0.25,0.05737762176625434,0.005,,,True,True,0.7278911564625851,0.07692307692307693,0.15384615384615385,False,hungary,v2_prior_separated,v2,5,be0549617bb8b478de0037a7d30026ad8a37acf124c4f7170c0029656ff8d54f
mcar_10,6,composite_multiview_v3,-0.10021072790299115,0.7964988877740264,0.1316654399837373,0.14096322906658007,0.4,0.06506439914821488,0.005,,,True,True,0.6904761904761905,0.07692307692307693,0.15384615384615385,False,hungary,v2_prior_separated,v2,5,be0549617bb8b478de0037a7d30026ad8a37acf124c4f7170c0029656ff8d54f
mcar_10,7,composite_multiview_v3,-0.1341749005175641,0.7170253137721829,0.04988796521510388,0.11063620702687735,0.25,0.05546117913494909,0.005,,,True,True,0.7142857142857143,0.07692307692307693,0.15384615384615385,False,hungary,v2_prior_separated,v2,5,be0549617bb8b478de0037a7d30026ad8a37acf124c4f7170c0029656ff8d54f
mcar_10,8,composite_multiview_v3,-0.14895018113769584,0.7392315017698894,0.06117157040992704,0.13831165343117297,0.3,0.05644584831885834,0.005,,,True,True,0.6904761904761905,0.07692307692307693,0.15384615384615385,False,hungary,v2_prior_separated,v2,5,be0549617bb8b478de0037a7d30026ad8a37acf124c4f7170c0029656ff8d54f
mcar_10,9,composite_multiview_v3,-0.131553376675502,0.6293796434722181,0.010000518802669504,0.13972816919011838,0.25,0.05027630187246805,0.005,,,True,True,0.7210884353741497,0.07692307692307693,0.15384615384615385,False,hungary,v2_prior_separated,v2,5,be0549617bb8b478de0037a7d30026ad8a37acf124c4f7170c0029656ff8d54f
mcar_30,0,composite_multiview_v3,-0.06840541164892121,0.6842052110612533,0.010000518802669504,0.08048817378880282,0.2,0.026639844258237858,0.005,,,True,True,0.4217687074829932,0.15384615384615385,0.23076923076923078,False,hungary,v2_prior_separated,v2,5,be0549617bb8b478de0037a7d30026ad8a37acf124c4f7170c0029656ff8d54f
mcar_30,1,composite_multiview_v3,-0.09024304573465586,0.5856466599495438,0.010000518802669504,0.0902890394097436,0.2,0.030188886792076736,0.005,,,True,True,0.40476190476190477,0.15384615384615385,0.15384615384615385,False,hungary,v2_prior_separated,v2,5,be0549617bb8b478de0037a7d30026ad8a37acf124c4f7170c0029656ff8d54f
mcar_30,2,composite_multiview_v3,-0.07268410353639718,0.6055574082222621,0.010000518802669504,0.09808201771067017,0.15,0.032287311376485224,0.005,,,True,True,0.40816326530612246,0.15384615384615385,0.15384615384615385,False,hungary,v2_prior_separated,v2,5,be0549617bb8b478de0037a7d30026ad8a37acf124c4f7170c0029656ff8d54f
mcar_30,3,composite_multiview_v3,-0.04656376511473533,0.7463489306613262,0.08224506414652719,0.1658302274333828,0.3,0.03529349238973583,0.005,,,True,True,0.3333333333333333,0.15384615384615385,0.15384615384615385,False,hungary,v2_prior_separated,v2,5,be0549617bb8b478de0037a7d30026ad8a37acf124c4f7170c0029656ff8d54f
mcar_30,4,composite_multiview_v3,-0.044449747261958494,0.6303126732746753,0.010000518802669504,0.054831118400162006,0.25,0.03085739729465942,0.005,,,True,True,0.40476190476190477,0.15384615384615385,0.15384615384615385,False,hungary,v2_prior_separated,v2,5,be0549617bb8b478de0037a7d30026ad8a37acf124c4f7170c0029656ff8d54f
mcar_30,5,composite_multiview_v3,-0.08575794178172737,0.5928790858271333,0.010000518802669504,0.1075593615956051,0.3,0.04180230880980906,0.005,,,True,True,0.3979591836734694,0.15384615384615385,0.15384615384615385,False,hungary,v2_prior_separated,v2,5,be0549617bb8b478de0037a7d30026ad8a37acf124c4f7170c0029656ff8d54f
mcar_30,6,composite_multiview_v3,-0.11069010985047444,0.5390536936488491,0.010000518802669504,0.11034463166094202,0.25,0.028393608334172482,0.005,,,True,True,0.3435374149659864,0.15384615384615385,0.15384615384615385,False,hungary,v2_prior_separated,v2,5,be0549617bb8b478de0037a7d30026ad8a37acf124c4f7170c0029656ff8d54f
mcar_30,7,composite_multiview_v3,-0.09799287966450367,0.7000013510269927,0.010000518802669504,0.10400618194860009,0.3,0.031590702411240124,0.005,,,True,True,0.3979591836734694,0.15384615384615385,0.15384615384615385,False,hungary,v2_prior_separated,v2,5,be0549617bb8b478de0037a7d30026ad8a37acf124c4f7170c0029656ff8d54f
mcar_30,8,composite_multiview_v3,-0.03359846611092549,0.8340882973569816,0.13378628511783103,0.18648184166716314,0.3,0.03133891189762561,0.005,,,True,True,0.40816326530612246,0.15384615384615385,0.15384615384615385,False,hungary,v2_prior_separated,v2,5,be0549617bb8b478de0037a7d30026ad8a37acf124c4f7170c0029656ff8d54f
mcar_30,9,composite_multiview_v3,-0.06813289749038703,0.545304795180825,0.010000518802669504,0.0628435974244562,0.25,0.038608802242446595,0.005,,,True,True,0.40476190476190477,0.15384615384615385,0.15384615384615385,False,hungary,v2_prior_separated,v2,5,be0549617bb8b478de0037a7d30026ad8a37acf124c4f7170c0029656ff8d54f
mcar_50,0,composite_multiview_v3,0.016706129493575486,0.7230348932527829,0.07024649114450844,0.14969238718727002,0.25,0.02488415566260125,0.005,,,True,True,0.4931972789115646,0.07692307692307693,0.15384615384615385,False,hungary,v2_prior_separated,v2,5,be0549617bb8b478de0037a7d30026ad8a37acf124c4f7170c0029656ff8d54f
mcar_50,1,composite_multiview_v3,-0.048822918020051495,0.4880573797405213,0.010000518802669504,0.05075567656882836,0.2,0.01923923655009563,0.005,,,True,True,0.5102040816326531,0.07692307692307693,0.15384615384615385,False,hungary,v2_prior_separated,v2,5,be0549617bb8b478de0037a7d30026ad8a37acf124c4f7170c0029656ff8d54f
mcar_50,2,composite_multiview_v3,-0.05788308648684369,0.6343541490966228,0.010000518802669504,0.09170062514329586,0.2,0.020267044616146764,0.005,,,True,True,0.5068027210884354,0.15384615384615385,0.15384615384615385,False,hungary,v2_prior_separated,v2,5,be0549617bb8b478de0037a7d30026ad8a37acf124c4f7170c0029656ff8d54f
mcar_50,3,composite_multiview_v3,-0.007771703880075556,0.5698396252034593,0.01089122633789096,0.14124546836475077,0.2,0.023480305868917358,0.005,,,True,True,0.4931972789115646,0.07692307692307693,0.15384615384615385,False,hungary,v2_prior_separated,v2,5,be0549617bb8b478de0037a7d30026ad8a37acf124c4f7170c0029656ff8d54f
mcar_50,4,composite_multiview_v3,-0.00594468950399985,0.5889391612589175,0.010000518802669504,0.11598220400913763,0.25,0.02614231321237839,0.005,,,True,True,0.4489795918367347,0.07692307692307693,0.15384615384615385,False,hungary,v2_prior_separated,v2,5,be0549617bb8b478de0037a7d30026ad8a37acf124c4f7170c0029656ff8d54f
mcar_50,5,composite_multiview_v3,-0.024856911984405098,0.7145161644140283,0.02480711482934582,0.16693423658769066,0.3,0.024348647898007097,0.005,,,True,True,0.46938775510204084,0.07692307692307693,0.15384615384615385,False,hungary,v2_prior_separated,v2,5,be0549617bb8b478de0037a7d30026ad8a37acf124c4f7170c0029656ff8d54f
mcar_50,6,composite_multiview_v3,-0.00960516295284362,0.6629929576655504,0.010000518802669504,0.1492220844194662,0.25,0.018674435682785036,0.005,,,True,True,0.5068027210884354,0.07692307692307693,0.15384615384615385,False,hungary,v2_prior_separated,v2,5,be0549617bb8b478de0037a7d30026ad8a37acf124c4f7170c0029656ff8d54f
mcar_50,7,composite_multiview_v3,0.053105956834851746,0.7867997253819689,0.08923912099603407,0.06685089869623002,0.2,0.020850100892245406,0.005,,,True,True,0.48639455782312924,0.07692307692307693,0.15384615384615385,False,hungary,v2_prior_separated,v2,5,be0549617bb8b478de0037a7d30026ad8a37acf124c4f7170c0029656ff8d54f
mcar_50,8,composite_multiview_v3,-0.07543758909175323,0.5892890178593035,0.010000518802669504,0.04463864087663126,0.1,0.01927591010535397,0.005,,,True,True,0.48639455782312924,0.07692307692307693,0.15384615384615385,False,hungary,v2_prior_separated,v2,5,be0549617bb8b478de0037a7d30026ad8a37acf124c4f7170c0029656ff8d54f
mcar_50,9,composite_multiview_v3,-0.038016286480158694,0.6241719641529269,0.010000518802669504,0.04063516339241925,0.2,0.017233882563604384,0.005,,,True,True,0.4557823129251701,0.07692307692307693,0.15384615384615385,False,hungary,v2_prior_separated,v2,5,be0549617bb8b478de0037a7d30026ad8a37acf124c4f7170c0029656ff8d54f
natural,0,composite_multiview_v3,-0.15539284374101084,0.7222599089232323,0.07655481172511718,0.1480302051730665,0.35,0.13144237858460517,0.005,,,True,True,0.9829931972789115,0.0,0.15384615384615385,False,hungary,v2_prior_separated,v2,5,be0549617bb8b478de0037a7d30026ad8a37acf124c4f7170c0029656ff8d54f
