view,best_prior,mmd2_statistic,bootstrap_critical_value,p_value,accepted,alpha,rff_dimensions,source_bandwidth,policy,mask_replicate,diagnostic_mode,automatic_adaptation_allowed,mask_support_passed,mask_all_feature_states_supported,mask_exact_pattern_support_rate,mask_nearest_hamming_fraction_q95,mask_nearest_hamming_fraction_max,outer_target,experiment,variant,epochs,config_sha256
evidence,0.85,0.010869463557388402,0.004491654561009568,0.005,False,0.05,128,0.9911252147317824,drop_advanced,0,composite_multiview_v3,False,True,True,0.8617886178861789,0.07692307692307693,0.23076923076923078,switzerland,v5_mask_only_dro,v5_mask,10,be0549617bb8b478de0037a7d30026ad8a37acf124c4f7170c0029656ff8d54f
core,0.95,0.004341987621487513,0.006139373273334297,0.125,True,0.05,128,2.38253044334952,drop_advanced,0,composite_multiview_v3,False,True,True,0.8617886178861789,0.07692307692307693,0.23076923076923078,switzerland,v5_mask_only_dro,v5_mask,10,be0549617bb8b478de0037a7d30026ad8a37acf124c4f7170c0029656ff8d54f
mask,0.95,0.7037116001537104,0.007723672919691428,0.005,False,0.05,128,3.3464362312899243,drop_advanced,0,composite_multiview_v3,False,True,True,0.8617886178861789,0.07692307692307693,0.23076923076923078,switzerland,v5_mask_only_dro,v5_mask,10,be0549617bb8b478de0037a7d30026ad8a37acf124c4f7170c0029656ff8d54f
composite,0.95,0.24121855803739523,0.00515279015350076,0.005,False,0.05,384,,drop_advanced,0,composite_multiview_v3,False,True,True,0.8617886178861789,0.07692307692307693,0.23076923076923078,switzerland,v5_mask_only_dro,v5_mask,10,be0549617bb8b478de0037a7d30026ad8a37acf124c4f7170c0029656ff8d54f
evidence,0.95,0.036773381776524276,0.009182154731078362,0.005,False,0.05,128,1.0072427894277864,drop_exercise,0,composite_multiview_v3,False,True,True,0.7398373983739838,0.07692307692307693,0.07692307692307693,switzerland,v5_mask_only_dro,v5_mask,10,be0549617bb8b478de0037a7d30026ad8a37acf124c4f7170c0029656ff8d54f
core,0.95,0.004490850244981094,0.006091695866733233,0.12,True,0.05,128,2.38253044334952,drop_exercise,0,composite_multiview_v3,False,True,True,0.7398373983739838,0.07692307692307693,0.07692307692307693,switzerland,v5_mask_only_dro,v5_mask,10,be0549617bb8b478de0037a7d30026ad8a37acf124c4f7170c0029656ff8d54f
mask,0.95,0.7766587386375039,0.008872716684700079,0.005,False,0.05,128,2.875820092219201,drop_exercise,0,composite_multiview_v3,False,True,True,0.7398373983739838,0.07692307692307693,0.07692307692307693,switzerland,v5_mask_only_dro,v5_mask,10,be0549617bb8b478de0037a7d30026ad8a37acf124c4f7170c0029656ff8d54f
composite,0.95,0.2726409902196698,0.006959671330806469,0.005,False,0.05,384,,drop_exercise,0,composite_multiview_v3,False,True,True,0.7398373983739838,0.07692307692307693,0.07692307692307693,switzerland,v5_mask_only_dro,v5_mask,10,be0549617bb8b478de0037a7d30026ad8a37acf124c4f7170c0029656ff8d54f
evidence,0.9,0.003737349592771849,0.004835087718545794,0.1,True,0.05,128,0.9865534756852948,drop_routine,0,composite_multiview_v3,False,True,True,1.0,0.0,0.0,switzerland,v5_mask_only_dro,v5_mask,10,be0549617bb8b478de0037a7d30026ad8a37acf124c4f7170c0029656ff8d54f
core,0.95,0.003760665082559035,0.005905804253089987,0.19,True,0.05,128,2.38253044334952,drop_routine,0,composite_multiview_v3,False,True,True,1.0,0.0,0.0,switzerland,v5_mask_only_dro,v5_mask,10,be0549617bb8b478de0037a7d30026ad8a37acf124c4f7170c0029656ff8d54f
mask,0.95,0.06642345224677546,0.009189051250120792,0.005,False,0.05,128,2.923356506301114,drop_routine,0,composite_multiview_v3,False,True,True,1.0,0.0,0.0,switzerland,v5_mask_only_dro,v5_mask,10,be0549617bb8b478de0037a7d30026ad8a37acf124c4f7170c0029656ff8d54f
composite,0.95,0.02544759390027419,0.006057491526072308,0.005,False,0.05,384,,drop_routine,0,composite_multiview_v3,False,True,True,1.0,0.0,0.0,switzerland,v5_mask_only_dro,v5_mask,10,be0549617bb8b478de0037a7d30026ad8a37acf124c4f7170c0029656ff8d54f
evidence,0.85,0.009050678098521538,0.005396117555057849,0.015,False,0.05,128,0.9935121527863345,empirical_source,0,composite_multiview_v3,False,True,True,0.8536585365853658,0.07692307692307693,0.15384615384615385,switzerland,v5_mask_only_dro,v5_mask,10,be0549617bb8b478de0037a7d30026ad8a37acf124c4f7170c0029656ff8d54f
core,0.95,0.00391232635146354,0.006199092466725101,0.21,True,0.05,128,2.38253044334952,empirical_source,0,composite_multiview_v3,False,True,True,0.8536585365853658,0.07692307692307693,0.15384615384615385,switzerland,v5_mask_only_dro,v5_mask,10,be0549617bb8b478de0037a7d30026ad8a37acf124c4f7170c0029656ff8d54f
mask,0.4,0.3722396502214636,0.006810250395660312,0.005,False,0.05,128,4.094555194836158,empirical_source,0,composite_multiview_v3,False,True,True,0.8536585365853658,0.07692307692307693,0.15384615384615385,switzerland,v5_mask_only_dro,v5_mask,10,be0549617bb8b478de0037a7d30026ad8a37acf124c4f7170c0029656ff8d54f
composite,0.9,0.13022672558687176,0.00512698001378264,0.005,False,0.05,384,,empirical_source,0,composite_multiview_v3,False,True,True,0.8536585365853658,0.07692307692307693,0.15384615384615385,switzerland,v5_mask_only_dro,v5_mask,10,be0549617bb8b478de0037a7d30026ad8a37acf124c4f7170c0029656ff8d54f
evidence,0.9,0.004797704467829069,0.00457523094604996,0.045,False,0.05,128,0.9950045947466017,empirical_source,1,composite_multiview_v3,False,True,True,0.8292682926829268,0.07692307692307693,0.15384615384615385,switzerland,v5_mask_only_dro,v5_mask,10,be0549617bb8b478de0037a7d30026ad8a37acf124c4f7170c0029656ff8d54f
core,0.95,0.003604255618254691,0.005304488956606603,0.175,True,0.05,128,2.38253044334952,empirical_source,1,composite_multiview_v3,False,True,True,0.8292682926829268,0.07692307692307693,0.15384615384615385,switzerland,v5_mask_only_dro,v5_mask,10,be0549617bb8b478de0037a7d30026ad8a37acf124c4f7170c0029656ff8d54f
mask,0.95,0.38261316769864856,0.006687137641185009,0.005,False,0.05,128,4.222158906819223,empirical_source,1,composite_multiview_v3,False,True,True,0.8292682926829268,0.07692307692307693,0.15384615384615385,switzerland,v5_mask_only_dro,v5_mask,10,be0549617bb8b478de0037a7d30026ad8a37acf124c4f7170c0029656ff8d54f
composite,0.95,0.13088508030937498,0.005220115225322017,0.005,False,0.05,384,,empirical_source,1,composite_multiview_v3,False,True,True,0.8292682926829268,0.07692307692307693,0.15384615384615385,switzerland,v5_mask_only_dro,v5_mask,10,be0549617bb8b478de0037a7d30026ad8a37acf124c4f7170c0029656ff8d54f
evidence,0.85,0.005459730920866235,0.003649372596632042,0.02,False,0.05,128,0.9913546501751695,empirical_source,2,composite_multiview_v3,False,True,True,0.8455284552845529,0.07692307692307693,0.15384615384615385,switzerland,v5_mask_only_dro,v5_mask,10,be0549617bb8b478de0037a7d30026ad8a37acf124c4f7170c0029656ff8d54f
core,0.95,0.0031492931871825733,0.004909941127588694,0.22,True,0.05,128,2.38253044334952,empirical_source,2,composite_multiview_v3,False,True,True,0.8455284552845529,0.07692307692307693,0.15384615384615385,switzerland,v5_mask_only_dro,v5_mask,10,be0549617bb8b478de0037a7d30026ad8a37acf124c4f7170c0029656ff8d54f
mask,0.95,0.4067666523144391,0.00751787844254739,0.005,False,0.05,128,4.136554687678503,empirical_source,2,composite_multiview_v3,False,True,True,0.8455284552845529,0.07692307692307693,0.15384615384615385,switzerland,v5_mask_only_dro,v5_mask,10,be0549617bb8b478de0037a7d30026ad8a37acf124c4f7170c0029656ff8d54f
composite,0.95,0.13945106711729743,0.005311889969804755,0.005,False,0.05,384,,empirical_source,2,composite_multiview_v3,False,True,True,0.8455284552845529,0.07692307692307693,0.15384615384615385,switzerland,v5_mask_only_dro,v5_mask,10,be0549617bb8b478de0037a7d30026ad8a37acf124c4f7170c0029656ff8d54f
evidence,0.85,0.006389825273243481,0.005387950825242795,0.03,False,0.05,128,0.9896626538765159,empirical_source,3,composite_multiview_v3,False,True,True,0.8211382113821138,0.07692307692307693,0.15384615384615385,switzerland,v5_mask_only_dro,v5_mask,10,be0549617bb8b478de0037a7d30026ad8a37acf124c4f7170c0029656ff8d54f
core,0.95,0.004560621460570647,0.006429580899011109,0.13,True,0.05,128,2.38253044334952,empirical_source,3,composite_multiview_v3,False,True,True,0.8211382113821138,0.07692307692307693,0.15384615384615385,switzerland,v5_mask_only_dro,v5_mask,10,be0549617bb8b478de0037a7d30026ad8a37acf124c4f7170c0029656ff8d54f
mask,0.95,0.44519618393551885,0.007120085673177834,0.005,False,0.05,128,4.283960024828556,empirical_source,3,composite_multiview_v3,False,True,True,0.8211382113821138,0.07692307692307693,0.15384615384615385,switzerland,v5_mask_only_dro,v5_mask,10,be0549617bb8b478de0037a7d30026ad8a37acf124c4f7170c0029656ff8d54f
composite,0.95,0.1531592600516931,0.005860806259358633,0.005,False,0.05,384,,empirical_source,3,composite_multiview_v3,False,True,True,0.8211382113821138,0.07692307692307693,0.15384615384615385,switzerland,v5_mask_only_dro,v5_mask,10,be0549617bb8b478de0037a7d30026ad8a37acf124c4f7170c0029656ff8d54f
evidence,0.85,0.00707692463535176,0.004922250749846641,0.015,False,0.05,128,0.9961733758862303,empirical_source,4,composite_multiview_v3,False,True,True,0.8211382113821138,0.07692307692307693,0.15384615384615385,switzerland,v5_mask_only_dro,v5_mask,10,be0549617bb8b478de0037a7d30026ad8a37acf124c4f7170c0029656ff8d54f
core,0.95,0.0041455431607885385,0.006172045681069553,0.19,True,0.05,128,2.38253044334952,empirical_source,4,composite_multiview_v3,False,True,True,0.8211382113821138,0.07692307692307693,0.15384615384615385,switzerland,v5_mask_only_dro,v5_mask,10,be0549617bb8b478de0037a7d30026ad8a37acf124c4f7170c0029656ff8d54f
mask,0.95,0.36600175270701174,0.007599752073941991,0.005,False,0.05,128,4.281507033452144,empirical_source,4,composite_multiview_v3,False,True,True,0.8211382113821138,0.07692307692307693,0.15384615384615385,switzerland,v5_mask_only_dro,v5_mask,10,be0549617bb8b478de0037a7d30026ad8a37acf124c4f7170c0029656ff8d54f
composite,0.95,0.12656784594530962,0.00545754394399945,0.005,False,0.05,384,,empirical_source,4,composite_multiview_v3,False,True,True,0.8211382113821138,0.07692307692307693,0.15384615384615385,switzerland,v5_mask_only_dro,v5_mask,10,be0549617bb8b478de0037a7d30026ad8a37acf124c4f7170c0029656ff8d54f
evidence,0.9,0.006235626959432131,0.006816331319719654,0.06,True,0.05,128,0.9899363191023594,empirical_source,5,composite_multiview_v3,False,True,True,0.8373983739837398,0.07692307692307693,0.23076923076923078,switzerland,v5_mask_only_dro,v5_mask,10,be0549617bb8b478de0037a7d30026ad8a37acf124c4f7170c0029656ff8d54f
core,0.95,0.0036768272610893855,0.0066426974658399494,0.19,True,0.05,128,2.38253044334952,empirical_source,5,composite_multiview_v3,False,True,True,0.8373983739837398,0.07692307692307693,0.23076923076923078,switzerland,v5_mask_only_dro,v5_mask,10,be0549617bb8b478de0037a7d30026ad8a37acf124c4f7170c0029656ff8d54f
mask,0.95,0.4164533117339234,0.008627967579203831,0.005,False,0.05,128,4.324768217216452,empirical_source,5,composite_multiview_v3,False,True,True,0.8373983739837398,0.07692307692307693,0.23076923076923078,switzerland,v5_mask_only_dro,v5_mask,10,be0549617bb8b478de0037a7d30026ad8a37acf124c4f7170c0029656ff8d54f
composite,0.95,0.14265445123928086,0.006220680269955098,0.005,False,0.05,384,,empirical_source,5,composite_multiview_v3,False,True,True,0.8373983739837398,0.07692307692307693,0.23076923076923078,switzerland,v5_mask_only_dro,v5_mask,10,be0549617bb8b478de0037a7d30026ad8a37acf124c4f7170c0029656ff8d54f
evidence,0.95,0.0055163479742652705,0.009667340178823989,0.13,True,0.05,128,0.9850552851164802,empirical_source,6,composite_multiview_v3,False,True,True,0.8373983739837398,0.07692307692307693,0.15384615384615385,switzerland,v5_mask_only_dro,v5_mask,10,be0549617bb8b478de0037a7d30026ad8a37acf124c4f7170c0029656ff8d54f
core,0.95,0.0033785064310412442,0.00534245324209639,0.225,True,0.05,128,2.38253044334952,empirical_source,6,composite_multiview_v3,False,True,True,0.8373983739837398,0.07692307692307693,0.15384615384615385,switzerland,v5_mask_only_dro,v5_mask,10,be0549617bb8b478de0037a7d30026ad8a37acf124c4f7170c0029656ff8d54f
mask,0.9,0.28307890731997903,0.008065451564897954,0.005,False,0.05,128,4.287490536556559,empirical_source,6,composite_multiview_v3,False,True,True,0.8373983739837398,0.07692307692307693,0.15384615384615385,switzerland,v5_mask_only_dro,v5_mask,10,be0549617bb8b478de0037a7d30026ad8a37acf124c4f7170c0029656ff8d54f
composite,0.95,0.09732942629075109,0.005914036053957543,0.005,False,0.05,384,,empirical_source,6,composite_multiview_v3,False,True,True,0.8373983739837398,0.07692307692307693,0.15384615384615385,switzerland,v5_mask_only_dro,v5_mask,10,be0549617bb8b478de0037a7d30026ad8a37acf124c4f7170c0029656ff8d54f
evidence,0.85,0.005778843433361951,0.0057205187514492465,0.05,True,0.05,128,0.9942840252253653,empirical_source,7,composite_multiview_v3,False,True,True,0.7642276422764228,0.07692307692307693,0.23076923076923078,switzerland,v5_mask_only_dro,v5_mask,10,be0549617bb8b478de0037a7d30026ad8a37acf124c4f7170c0029656ff8d54f
core,0.95,0.0042714359010997465,0.005650236112316434,0.135,True,0.05,128,2.38253044334952,empirical_source,7,composite_multiview_v3,False,True,True,0.7642276422764228,0.07692307692307693,0.23076923076923078,switzerland,v5_mask_only_dro,v5_mask,10,be0549617bb8b478de0037a7d30026ad8a37acf124c4f7170c0029656ff8d54f
mask,0.95,0.3500582010257849,0.007013867031727252,0.005,False,0.05,128,4.2807350362722145,empirical_source,7,composite_multiview_v3,False,True,True,0.7642276422764228,0.07692307692307693,0.23076923076923078,switzerland,v5_mask_only_dro,v5_mask,10,be0549617bb8b478de0037a7d30026ad8a37acf124c4f7170c0029656ff8d54f
composite,0.9,0.12139577911402703,0.005057604112476683,0.005,False,0.05,384,,empirical_source,7,composite_multiview_v3,False,True,True,0.7642276422764228,0.07692307692307693,0.23076923076923078,switzerland,v5_mask_only_dro,v5_mask,10,be0549617bb8b478de0037a7d30026ad8a37acf124c4f7170c0029656ff8d54f
evidence,0.9,0.005539853577153569,0.004443121440731217,0.025,False,0.05,128,0.9879582155590528,empirical_source,8,composite_multiview_v3,False,True,True,0.8292682926829268,0.07692307692307693,0.15384615384615385,switzerland,v5_mask_only_dro,v5_mask,10,be0549617bb8b478de0037a7d30026ad8a37acf124c4f7170c0029656ff8d54f
core,0.95,0.0036185928710493883,0.006333262940629546,0.18,True,0.05,128,2.38253044334952,empirical_source,8,composite_multiview_v3,False,True,True,0.8292682926829268,0.07692307692307693,0.15384615384615385,switzerland,v5_mask_only_dro,v5_mask,10,be0549617bb8b478de0037a7d30026ad8a37acf124c4f7170c0029656ff8d54f
mask,0.95,0.310234358671691,0.007155428723787695,0.005,False,0.05,128,4.356730637646418,empirical_source,8,composite_multiview_v3,False,True,True,0.8292682926829268,0.07692307692307693,0.15384615384615385,switzerland,v5_mask_only_dro,v5_mask,10,be0549617bb8b478de0037a7d30026ad8a37acf124c4f7170c0029656ff8d54f
composite,0.95,0.10707866345598935,0.005571557761859981,0.005,False,0.05,384,,empirical_source,8,composite_multiview_v3,False,True,True,0.8292682926829268,0.07692307692307693,0.15384615384615385,switzerland,v5_mask_only_dro,v5_mask,10,be0549617bb8b478de0037a7d30026ad8a37acf124c4f7170c0029656ff8d54f
evidence,0.9,0.006800841971911493,0.008436105508919274,0.08,True,0.05,128,0.9926796277873821,empirical_source,9,composite_multiview_v3,False,True,True,0.8699186991869918,0.07692307692307693,0.23076923076923078,switzerland,v5_mask_only_dro,v5_mask,10,be0549617bb8b478de0037a7d30026ad8a37acf124c4f7170c0029656ff8d54f
core,0.95,0.00363355519639875,0.005475006157805676,0.175,True,0.05,128,2.38253044334952,empirical_source,9,composite_multiview_v3,False,True,True,0.8699186991869918,0.07692307692307693,0.23076923076923078,switzerland,v5_mask_only_dro,v5_mask,10,be0549617bb8b478de0037a7d30026ad8a37acf124c4f7170c0029656ff8d54f
mask,0.95,0.4223761182133906,0.007305753965143211,0.005,False,0.05,128,4.161841287723946,empirical_source,9,composite_multiview_v3,False,True,True,0.8699186991869918,0.07692307692307693,0.23076923076923078,switzerland,v5_mask_only_dro,v5_mask,10,be0549617bb8b478de0037a7d30026ad8a37acf124c4f7170c0029656ff8d54f
composite,0.95,0.1444279761181841,0.0052643363676691994,0.005,False,0.05,384,,empirical_source,9,composite_multiview_v3,False,True,True,0.8699186991869918,0.07692307692307693,0.23076923076923078,switzerland,v5_mask_only_dro,v5_mask,10,be0549617bb8b478de0037a7d30026ad8a37acf124c4f7170c0029656ff8d54f
evidence,0.9,0.0035229997810212114,0.003411106403040191,0.045,False,0.05,128,0.9978523716853755,mar_age_sex_30,0,composite_multiview_v3,False,True,True,0.6504065040650406,0.07692307692307693,0.15384615384615385,switzerland,v5_mask_only_dro,v5_mask,10,be0549617bb8b478de0037a7d30026ad8a37acf124c4f7170c0029656ff8d54f
core,0.95,0.0027216502087764162,0.005745367267223094,0.25,True,0.05,128,2.38253044334952,mar_age_sex_30,0,composite_multiview_v3,False,True,True,0.6504065040650406,0.07692307692307693,0.15384615384615385,switzerland,v5_mask_only_dro,v5_mask,10,be0549617bb8b478de0037a7d30026ad8a37acf124c4f7170c0029656ff8d54f
mask,0.95,0.10263278766003064,0.008369837766645405,0.005,False,0.05,128,4.334127408358406,mar_age_sex_30,0,composite_multiview_v3,False,True,True,0.6504065040650406,0.07692307692307693,0.15384615384615385,switzerland,v5_mask_only_dro,v5_mask,10,be0549617bb8b478de0037a7d30026ad8a37acf124c4f7170c0029656ff8d54f
composite,0.95,0.03653514605308457,0.005430803061983987,0.005,False,0.05,384,,mar_age_sex_30,0,composite_multiview_v3,False,True,True,0.6504065040650406,0.07692307692307693,0.15384615384615385,switzerland,v5_mask_only_dro,v5_mask,10,be0549617bb8b478de0037a7d30026ad8a37acf124c4f7170c0029656ff8d54f
evidence,0.95,0.002525486401436988,0.010139967462803674,0.28,True,0.05,128,0.9846853510831273,mar_age_sex_30,1,composite_multiview_v3,False,True,True,0.5447154471544715,0.07692307692307693,0.07692307692307693,switzerland,v5_mask_only_dro,v5_mask,10,be0549617bb8b478de0037a7d30026ad8a37acf124c4f7170c0029656ff8d54f
core,0.95,0.004258497108536826,0.007093667570550212,0.195,True,0.05,128,2.38253044334952,mar_age_sex_30,1,composite_multiview_v3,False,True,True,0.5447154471544715,0.07692307692307693,0.07692307692307693,switzerland,v5_mask_only_dro,v5_mask,10,be0549617bb8b478de0037a7d30026ad8a37acf124c4f7170c0029656ff8d54f
mask,0.95,0.06222302138246261,0.005621738227324045,0.005,False,0.05,128,4.629366697865103,mar_age_sex_30,1,composite_multiview_v3,False,True,True,0.5447154471544715,0.07692307692307693,0.07692307692307693,switzerland,v5_mask_only_dro,v5_mask,10,be0549617bb8b478de0037a7d30026ad8a37acf124c4f7170c0029656ff8d54f
composite,0.95,0.02300233496414547,0.005828553570601953,0.005,False,0.05,384,,mar_age_sex_30,1,composite_multiview_v3,False,True,True,0.5447154471544715,0.07692307692307693,0.07692307692307693,switzerland,v5_mask_only_dro,v5_mask,10,be0549617bb8b478de0037a7d30026ad8a37acf124c4f7170c0029656ff8d54f
evidence,0.9,0.0016243092895411643,0.0048509265602125345,0.345,True,0.05,128,1.007698732962009,mar_age_sex_30,2,composite_multiview_v3,False,True,True,0.6585365853658537,0.07692307692307693,0.07692307692307693,switzerland,v5_mask_only_dro,v5_mask,10,be0549617bb8b478de0037a7d30026ad8a37acf124c4f7170c0029656ff8d54f
core,0.95,0.003807267003779625,0.0056073484264893714,0.165,True,0.05,128,2.38253044334952,mar_age_sex_30,2,composite_multiview_v3,False,True,True,0.6585365853658537,0.07692307692307693,0.07692307692307693,switzerland,v5_mask_only_dro,v5_mask,10,be0549617bb8b478de0037a7d30026ad8a37acf124c4f7170c0029656ff8d54f
mask,0.95,0.07392741061583247,0.006904907575450519,0.005,False,0.05,128,4.3499861935202,mar_age_sex_30,2,composite_multiview_v3,False,True,True,0.6585365853658537,0.07692307692307693,0.07692307692307693,switzerland,v5_mask_only_dro,v5_mask,10,be0549617bb8b478de0037a7d30026ad8a37acf124c4f7170c0029656ff8d54f
composite,0.95,0.02725867092921406,0.006161645345471383,0.005,False,0.05,384,,mar_age_sex_30,2,composite_multiview_v3,False,True,True,0.6585365853658537,0.07692307692307693,0.07692307692307693,switzerland,v5_mask_only_dro,v5_mask,10,be0549617bb8b478de0037a7d30026ad8a37acf124c4f7170c0029656ff8d54f
evidence,0.95,0.004187664772083929,0.00930045439118432,0.185,True,0.05,128,0.9983383931129199,mar_age_sex_30,3,composite_multiview_v3,False,True,True,0.5772357723577236,0.07692307692307693,0.15384615384615385,switzerland,v5_mask_only_dro,v5_mask,10,be0549617bb8b478de0037a7d30026ad8a37acf124c4f7170c0029656ff8d54f
core,0.95,0.0037657657070592496,0.005719494888115607,0.185,True,0.05,128,2.38253044334952,mar_age_sex_30,3,composite_multiview_v3,False,True,True,0.5772357723577236,0.07692307692307693,0.15384615384615385,switzerland,v5_mask_only_dro,v5_mask,10,be0549617bb8b478de0037a7d30026ad8a37acf124c4f7170c0029656ff8d54f
mask,0.95,0.07350073745931732,0.008007815714092509,0.005,False,0.05,128,4.352707119613702,mar_age_sex_30,3,composite_multiview_v3,False,True,True,0.5772357723577236,0.07692307692307693,0.15384615384615385,switzerland,v5_mask_only_dro,v5_mask,10,be0549617bb8b478de0037a7d30026ad8a37acf124c4f7170c0029656ff8d54f
composite,0.95,0.027151389312820157,0.0054576675158738075,0.005,False,0.05,384,,mar_age_sex_30,3,composite_multiview_v3,False,True,True,0.5772357723577236,0.07692307692307693,0.15384615384615385,switzerland,v5_mask_only_dro,v5_mask,10,be0549617bb8b478de0037a7d30026ad8a37acf124c4f7170c0029656ff8d54f
evidence,0.95,0.002028758827162064,0.009713132195621962,0.42,True,0.05,128,0.9960496915679711,mar_age_sex_30,4,composite_multiview_v3,False,True,True,0.6829268292682927,0.07692307692307693,0.15384615384615385,switzerland,v5_mask_only_dro,v5_mask,10,be0549617bb8b478de0037a7d30026ad8a37acf124c4f7170c0029656ff8d54f
core,0.95,0.003921677397624641,0.005722068746753429,0.15,True,0.05,128,2.38253044334952,mar_age_sex_30,4,composite_multiview_v3,False,True,True,0.6829268292682927,0.07692307692307693,0.15384615384615385,switzerland,v5_mask_only_dro,v5_mask,10,be0549617bb8b478de0037a7d30026ad8a37acf124c4f7170c0029656ff8d54f
mask,0.95,0.07573898681569363,0.006704493820558098,0.005,False,0.05,128,4.371142792167181,mar_age_sex_30,4,composite_multiview_v3,False,True,True,0.6829268292682927,0.07692307692307693,0.15384615384615385,switzerland,v5_mask_only_dro,v5_mask,10,be0549617bb8b478de0037a7d30026ad8a37acf124c4f7170c0029656ff8d54f
composite,0.95,0.027229807680160145,0.006285589403410303,0.005,False,0.05,384,,mar_age_sex_30,4,composite_multiview_v3,False,True,True,0.6829268292682927,0.07692307692307693,0.15384615384615385,switzerland,v5_mask_only_dro,v5_mask,10,be0549617bb8b478de0037a7d30026ad8a37acf124c4f7170c0029656ff8d54f
evidence,0.95,0.0009223422014983009,0.008687672329116151,0.675,True,0.05,128,1.0033142727413817,mar_age_sex_30,5,composite_multiview_v3,False,True,True,0.5691056910569106,0.07692307692307693,0.15384615384615385,switzerland,v5_mask_only_dro,v5_mask,10,be0549617bb8b478de0037a7d30026ad8a37acf124c4f7170c0029656ff8d54f
core,0.95,0.0027447414316611575,0.005426464931722542,0.215,True,0.05,128,2.38253044334952,mar_age_sex_30,5,composite_multiview_v3,False,True,True,0.5691056910569106,0.07692307692307693,0.15384615384615385,switzerland,v5_mask_only_dro,v5_mask,10,be0549617bb8b478de0037a7d30026ad8a37acf124c4f7170c0029656ff8d54f
mask,0.95,0.08984652990498676,0.00641998890714237,0.005,False,0.05,128,4.353418674623985,mar_age_sex_30,5,composite_multiview_v3,False,True,True,0.5691056910569106,0.07692307692307693,0.15384615384615385,switzerland,v5_mask_only_dro,v5_mask,10,be0549617bb8b478de0037a7d30026ad8a37acf124c4f7170c0029656ff8d54f
composite,0.95,0.0311712045127154,0.005293523096117287,0.005,False,0.05,384,,mar_age_sex_30,5,composite_multiview_v3,False,True,True,0.5691056910569106,0.07692307692307693,0.15384615384615385,switzerland,v5_mask_only_dro,v5_mask,10,be0549617bb8b478de0037a7d30026ad8a37acf124c4f7170c0029656ff8d54f
evidence,0.95,0.002732381584746322,0.0068603569978811915,0.325,True,0.05,128,0.9943679974542625,mar_age_sex_30,6,composite_multiview_v3,False,True,True,0.6016260162601627,0.07692307692307693,0.07692307692307693,switzerland,v5_mask_only_dro,v5_mask,10,be0549617bb8b478de0037a7d30026ad8a37acf124c4f7170c0029656ff8d54f
core,0.95,0.0032769730390302104,0.006050845221854014,0.21,True,0.05,128,2.38253044334952,mar_age_sex_30,6,composite_multiview_v3,False,True,True,0.6016260162601627,0.07692307692307693,0.07692307692307693,switzerland,v5_mask_only_dro,v5_mask,10,be0549617bb8b478de0037a7d30026ad8a37acf124c4f7170c0029656ff8d54f
mask,0.95,0.12749504067354164,0.0076529935759869945,0.005,False,0.05,128,4.360542825598526,mar_age_sex_30,6,composite_multiview_v3,False,True,True,0.6016260162601627,0.07692307692307693,0.07692307692307693,switzerland,v5_mask_only_dro,v5_mask,10,be0549617bb8b478de0037a7d30026ad8a37acf124c4f7170c0029656ff8d54f
composite,0.95,0.04450146509910605,0.006042801546210211,0.005,False,0.05,384,,mar_age_sex_30,6,composite_multiview_v3,False,True,True,0.6016260162601627,0.07692307692307693,0.07692307692307693,switzerland,v5_mask_only_dro,v5_mask,10,be0549617bb8b478de0037a7d30026ad8a37acf124c4f7170c0029656ff8d54f
evidence,0.85,0.0038670983473327427,0.004791815536384018,0.07,True,0.05,128,1.0042080469187717,mar_age_sex_30,7,composite_multiview_v3,False,True,True,0.42276422764227645,0.07692307692307693,0.07692307692307693,switzerland,v5_mask_only_dro,v5_mask,10,be0549617bb8b478de0037a7d30026ad8a37acf124c4f7170c0029656ff8d54f
core,0.95,0.002882149485639318,0.0055094214375480295,0.265,True,0.05,128,2.38253044334952,mar_age_sex_30,7,composite_multiview_v3,False,True,True,0.42276422764227645,0.07692307692307693,0.07692307692307693,switzerland,v5_mask_only_dro,v5_mask,10,be0549617bb8b478de0037a7d30026ad8a37acf124c4f7170c0029656ff8d54f
mask,0.95,0.08937990505670626,0.006635265398773316,0.005,False,0.05,128,4.334655429542604,mar_age_sex_30,7,composite_multiview_v3,False,True,True,0.42276422764227645,0.07692307692307693,0.07692307692307693,switzerland,v5_mask_only_dro,v5_mask,10,be0549617bb8b478de0037a7d30026ad8a37acf124c4f7170c0029656ff8d54f
composite,0.95,0.03310366980110354,0.006089680251294322,0.005,False,0.05,384,,mar_age_sex_30,7,composite_multiview_v3,False,True,True,0.42276422764227645,0.07692307692307693,0.07692307692307693,switzerland,v5_mask_only_dro,v5_mask,10,be0549617bb8b478de0037a7d30026ad8a37acf124c4f7170c0029656ff8d54f
evidence,0.95,0.0015945067061555718,0.007905638568079094,0.465,True,0.05,128,0.9882901309116763,mar_age_sex_30,8,composite_multiview_v3,False,True,True,0.5691056910569106,0.07692307692307693,0.07692307692307693,switzerland,v5_mask_only_dro,v5_mask,10,be0549617bb8b478de0037a7d30026ad8a37acf124c4f7170c0029656ff8d54f
core,0.95,0.00339214197844651,0.005687875825048365,0.17,True,0.05,128,2.38253044334952,mar_age_sex_30,8,composite_multiview_v3,False,True,True,0.5691056910569106,0.07692307692307693,0.07692307692307693,switzerland,v5_mask_only_dro,v5_mask,10,be0549617bb8b478de0037a7d30026ad8a37acf124c4f7170c0029656ff8d54f
mask,0.95,0.08038082832925936,0.007724781499278076,0.005,False,0.05,128,4.3704038319170735,mar_age_sex_30,8,composite_multiview_v3,False,True,True,0.5691056910569106,0.07692307692307693,0.07692307692307693,switzerland,v5_mask_only_dro,v5_mask,10,be0549617bb8b478de0037a7d30026ad8a37acf124c4f7170c0029656ff8d54f
composite,0.95,0.028455825671287134,0.005602086240387038,0.005,False,0.05,384,,mar_age_sex_30,8,composite_multiview_v3,False,True,True,0.5691056910569106,0.07692307692307693,0.07692307692307693,switzerland,v5_mask_only_dro,v5_mask,10,be0549617bb8b478de0037a7d30026ad8a37acf124c4f7170c0029656ff8d54f
evidence,0.9,0.0028846660715022648,0.005307924504137983,0.18,True,0.05,128,1.0082111271512764,mar_age_sex_30,9,composite_multiview_v3,False,True,True,0.4634146341463415,0.07692307692307693,0.07692307692307693,switzerland,v5_mask_only_dro,v5_mask,10,be0549617bb8b478de0037a7d30026ad8a37acf124c4f7170c0029656ff8d54f
core,0.95,0.003613912768729754,0.006316382877459148,0.235,True,0.05,128,2.38253044334952,mar_age_sex_30,9,composite_multiview_v3,False,True,True,0.4634146341463415,0.07692307692307693,0.07692307692307693,switzerland,v5_mask_only_dro,v5_mask,10,be0549617bb8b478de0037a7d30026ad8a37acf124c4f7170c0029656ff8d54f
mask,0.95,0.09591267480756725,0.007411681779419004,0.005,False,0.05,128,4.635017352632485,mar_age_sex_30,9,composite_multiview_v3,False,True,True,0.4634146341463415,0.07692307692307693,0.07692307692307693,switzerland,v5_mask_only_dro,v5_mask,10,be0549617bb8b478de0037a7d30026ad8a37acf124c4f7170c0029656ff8d54f
composite,0.95,0.03429728680425901,0.006009888430256365,0.005,False,0.05,384,,mar_age_sex_30,9,composite_multiview_v3,False,True,True,0.4634146341463415,0.07692307692307693,0.07692307692307693,switzerland,v5_mask_only_dro,v5_mask,10,be0549617bb8b478de0037a7d30026ad8a37acf124c4f7170c0029656ff8d54f
evidence,0.9,0.003513704745435834,0.0075033353134963945,0.16,True,0.05,128,0.9885259235835224,mcar_10,0,composite_multiview_v3,False,True,True,0.43902439024390244,0.15384615384615385,0.15384615384615385,switzerland,v5_mask_only_dro,v5_mask,10,be0549617bb8b478de0037a7d30026ad8a37acf124c4f7170c0029656ff8d54f
core,0.95,0.0034189480284205894,0.008385079155341035,0.445,True,0.05,128,1.9321837922897234,mcar_10,0,composite_multiview_v3,False,True,True,0.43902439024390244,0.15384615384615385,0.15384615384615385,switzerland,v5_mask_only_dro,v5_mask,10,be0549617bb8b478de0037a7d30026ad8a37acf124c4f7170c0029656ff8d54f
mask,0.95,0.11971472953209958,0.006400540169497281,0.005,False,0.05,128,4.978683070137599,mcar_10,0,composite_multiview_v3,False,True,True,0.43902439024390244,0.15384615384615385,0.15384615384615385,switzerland,v5_mask_only_dro,v5_mask,10,be0549617bb8b478de0037a7d30026ad8a37acf124c4f7170c0029656ff8d54f
composite,0.9,0.042742674734545814,0.006044201166106615,0.005,False,0.05,384,,mcar_10,0,composite_multiview_v3,False,True,True,0.43902439024390244,0.15384615384615385,0.15384615384615385,switzerland,v5_mask_only_dro,v5_mask,10,be0549617bb8b478de0037a7d30026ad8a37acf124c4f7170c0029656ff8d54f
evidence,0.9,0.0025322609961738506,0.005732843629958545,0.22,True,0.05,128,0.9976540486390039,mcar_10,1,composite_multiview_v3,False,True,True,0.4796747967479675,0.15384615384615385,0.23076923076923078,switzerland,v5_mask_only_dro,v5_mask,10,be0549617bb8b478de0037a7d30026ad8a37acf124c4f7170c0029656ff8d54f
core,0.95,0.0021924715290659435,0.009059362180600898,0.655,True,0.05,128,1.9514050576161408,mcar_10,1,composite_multiview_v3,False,True,True,0.4796747967479675,0.15384615384615385,0.23076923076923078,switzerland,v5_mask_only_dro,v5_mask,10,be0549617bb8b478de0037a7d30026ad8a37acf124c4f7170c0029656ff8d54f
mask,0.95,0.20778007698552176,0.006679029399346015,0.005,False,0.05,128,4.99698840302564,mcar_10,1,composite_multiview_v3,False,True,True,0.4796747967479675,0.15384615384615385,0.23076923076923078,switzerland,v5_mask_only_dro,v5_mask,10,be0549617bb8b478de0037a7d30026ad8a37acf124c4f7170c0029656ff8d54f
composite,0.9,0.07119101671610786,0.006096074834343659,0.005,False,0.05,384,,mcar_10,1,composite_multiview_v3,False,True,True,0.4796747967479675,0.15384615384615385,0.23076923076923078,switzerland,v5_mask_only_dro,v5_mask,10,be0549617bb8b478de0037a7d30026ad8a37acf124c4f7170c0029656ff8d54f
evidence,0.9,0.0031215819758304364,0.004435328906327401,0.085,True,0.05,128,0.9939340004257924,mcar_10,2,composite_multiview_v3,False,True,True,0.44715447154471544,0.15384615384615385,0.15384615384615385,switzerland,v5_mask_only_dro,v5_mask,10,be0549617bb8b478de0037a7d30026ad8a37acf124c4f7170c0029656ff8d54f
core,0.95,0.003137351705170286,0.010347776862256464,0.495,True,0.05,128,1.9546028805638516,mcar_10,2,composite_multiview_v3,False,True,True,0.44715447154471544,0.15384615384615385,0.15384615384615385,switzerland,v5_mask_only_dro,v5_mask,10,be0549617bb8b478de0037a7d30026ad8a37acf124c4f7170c0029656ff8d54f
mask,0.95,0.1320838541772508,0.006998580552898458,0.005,False,0.05,128,5.05035361797366,mcar_10,2,composite_multiview_v3,False,True,True,0.44715447154471544,0.15384615384615385,0.15384615384615385,switzerland,v5_mask_only_dro,v5_mask,10,be0549617bb8b478de0037a7d30026ad8a37acf124c4f7170c0029656ff8d54f
composite,0.95,0.046243273086007584,0.005708646579378711,0.005,False,0.05,384,,mcar_10,2,composite_multiview_v3,False,True,True,0.44715447154471544,0.15384615384615385,0.15384615384615385,switzerland,v5_mask_only_dro,v5_mask,10,be0549617bb8b478de0037a7d30026ad8a37acf124c4f7170c0029656ff8d54f
evidence,0.9,0.0028681479075015233,0.0040602510265968055,0.15,True,0.05,128,0.9889613211050818,mcar_10,3,composite_multiview_v3,False,True,True,0.45528455284552843,0.15384615384615385,0.15384615384615385,switzerland,v5_mask_only_dro,v5_mask,10,be0549617bb8b478de0037a7d30026ad8a37acf124c4f7170c0029656ff8d54f
core,0.95,0.0014019056445857868,0.011501910871980034,0.89,True,0.05,128,2.024557224487234,mcar_10,3,composite_multiview_v3,False,True,True,0.45528455284552843,0.15384615384615385,0.15384615384615385,switzerland,v5_mask_only_dro,v5_mask,10,be0549617bb8b478de0037a7d30026ad8a37acf124c4f7170c0029656ff8d54f
mask,0.95,0.1677240355646462,0.006666817749021988,0.005,False,0.05,128,5.036589651542525,mcar_10,3,composite_multiview_v3,False,True,True,0.45528455284552843,0.15384615384615385,0.15384615384615385,switzerland,v5_mask_only_dro,v5_mask,10,be0549617bb8b478de0037a7d30026ad8a37acf124c4f7170c0029656ff8d54f
composite,0.9,0.0579240047921712,0.006314188330793377,0.005,False,0.05,384,,mcar_10,3,composite_multiview_v3,False,True,True,0.45528455284552843,0.15384615384615385,0.15384615384615385,switzerland,v5_mask_only_dro,v5_mask,10,be0549617bb8b478de0037a7d30026ad8a37acf124c4f7170c0029656ff8d54f
evidence,0.9,0.003091276444765481,0.006822129490783425,0.27,True,0.05,128,0.9798144540902203,mcar_10,4,composite_multiview_v3,False,True,True,0.45528455284552843,0.15384615384615385,0.23076923076923078,switzerland,v5_mask_only_dro,v5_mask,10,be0549617bb8b478de0037a7d30026ad8a37acf124c4f7170c0029656ff8d54f
core,0.95,0.004195954611607122,0.00857465527491989,0.295,True,0.05,128,2.105776153042749,mcar_10,4,composite_multiview_v3,False,True,True,0.45528455284552843,0.15384615384615385,0.23076923076923078,switzerland,v5_mask_only_dro,v5_mask,10,be0549617bb8b478de0037a7d30026ad8a37acf124c4f7170c0029656ff8d54f
mask,0.95,0.21750073317118748,0.005678201602210375,0.005,False,0.05,128,5.066667054977448,mcar_10,4,composite_multiview_v3,False,True,True,0.45528455284552843,0.15384615384615385,0.23076923076923078,switzerland,v5_mask_only_dro,v5_mask,10,be0549617bb8b478de0037a7d30026ad8a37acf124c4f7170c0029656ff8d54f
composite,0.95,0.07566145908759447,0.007803624589157879,0.005,False,0.05,384,,mcar_10,4,composite_multiview_v3,False,True,True,0.45528455284552843,0.15384615384615385,0.23076923076923078,switzerland,v5_mask_only_dro,v5_mask,10,be0549617bb8b478de0037a7d30026ad8a37acf124c4f7170c0029656ff8d54f
evidence,0.95,0.004174390522487243,0.008970351935399513,0.205,True,0.05,128,0.9915082489981282,mcar_10,5,composite_multiview_v3,False,True,True,0.5528455284552846,0.15384615384615385,0.15384615384615385,switzerland,v5_mask_only_dro,v5_mask,10,be0549617bb8b478de0037a7d30026ad8a37acf124c4f7170c0029656ff8d54f
core,0.95,0.006031591020000513,0.008381293026418015,0.145,True,0.05,128,1.9354963743634752,mcar_10,5,composite_multiview_v3,False,True,True,0.5528455284552846,0.15384615384615385,0.15384615384615385,switzerland,v5_mask_only_dro,v5_mask,10,be0549617bb8b478de0037a7d30026ad8a37acf124c4f7170c0029656ff8d54f
mask,0.05,0.14718133732348315,0.007049166543035391,0.005,False,0.05,128,4.963756642920758,mcar_10,5,composite_multiview_v3,False,True,True,0.5528455284552846,0.15384615384615385,0.15384615384615385,switzerland,v5_mask_only_dro,v5_mask,10,be0549617bb8b478de0037a7d30026ad8a37acf124c4f7170c0029656ff8d54f
composite,0.95,0.05544562835437389,0.006756415808229834,0.005,False,0.05,384,,mcar_10,5,composite_multiview_v3,False,True,True,0.5528455284552846,0.15384615384615385,0.15384615384615385,switzerland,v5_mask_only_dro,v5_mask,10,be0549617bb8b478de0037a7d30026ad8a37acf124c4f7170c0029656ff8d54f
evidence,0.9,0.002442275551506043,0.004245315440984343,0.145,True,0.05,128,0.9777486667586486,mcar_10,6,composite_multiview_v3,False,True,True,0.4634146341463415,0.15384615384615385,0.15384615384615385,switzerland,v5_mask_only_dro,v5_mask,10,be0549617bb8b478de0037a7d30026ad8a37acf124c4f7170c0029656ff8d54f
core,0.95,0.003200682857663248,0.008154621254880316,0.44,True,0.05,128,2.018019223048681,mcar_10,6,composite_multiview_v3,False,True,True,0.4634146341463415,0.15384615384615385,0.15384615384615385,switzerland,v5_mask_only_dro,v5_mask,10,be0549617bb8b478de0037a7d30026ad8a37acf124c4f7170c0029656ff8d54f
mask,0.95,0.15748733456214953,0.006498946111587647,0.005,False,0.05,128,5.0695817159000915,mcar_10,6,composite_multiview_v3,False,True,True,0.4634146341463415,0.15384615384615385,0.15384615384615385,switzerland,v5_mask_only_dro,v5_mask,10,be0549617bb8b478de0037a7d30026ad8a37acf124c4f7170c0029656ff8d54f
composite,0.95,0.05480193943680359,0.006593157271806932,0.005,False,0.05,384,,mcar_10,6,composite_multiview_v3,False,True,True,0.4634146341463415,0.15384615384615385,0.15384615384615385,switzerland,v5_mask_only_dro,v5_mask,10,be0549617bb8b478de0037a7d30026ad8a37acf124c4f7170c0029656ff8d54f
evidence,0.9,0.006749550779184084,0.005798493117526424,0.03,False,0.05,128,0.9863600158615696,mcar_10,7,composite_multiview_v3,False,True,True,0.5040650406504065,0.15384615384615385,0.15384615384615385,switzerland,v5_mask_only_dro,v5_mask,10,be0549617bb8b478de0037a7d30026ad8a37acf124c4f7170c0029656ff8d54f
core,0.95,0.002494981855949539,0.009441541855367419,0.645,True,0.05,128,2.003186787307822,mcar_10,7,composite_multiview_v3,False,True,True,0.5040650406504065,0.15384615384615385,0.15384615384615385,switzerland,v5_mask_only_dro,v5_mask,10,be0549617bb8b478de0037a7d30026ad8a37acf124c4f7170c0029656ff8d54f
mask,0.95,0.13554122920997613,0.005580030634548818,0.005,False,0.05,128,4.995587270508546,mcar_10,7,composite_multiview_v3,False,True,True,0.5040650406504065,0.15384615384615385,0.15384615384615385,switzerland,v5_mask_only_dro,v5_mask,10,be0549617bb8b478de0037a7d30026ad8a37acf124c4f7170c0029656ff8d54f
composite,0.9,0.04864060930246157,0.006145832149914596,0.005,False,0.05,384,,mcar_10,7,composite_multiview_v3,False,True,True,0.5040650406504065,0.15384615384615385,0.15384615384615385,switzerland,v5_mask_only_dro,v5_mask,10,be0549617bb8b478de0037a7d30026ad8a37acf124c4f7170c0029656ff8d54f
evidence,0.9,0.008397136799427237,0.004283540408195833,0.015,False,0.05,128,0.982485467181156,mcar_10,8,composite_multiview_v3,False,True,True,0.42276422764227645,0.15384615384615385,0.23076923076923078,switzerland,v5_mask_only_dro,v5_mask,10,be0549617bb8b478de0037a7d30026ad8a37acf124c4f7170c0029656ff8d54f
core,0.95,0.002475051364482484,0.006828505725201743,0.6,True,0.05,128,2.05957411514107,mcar_10,8,composite_multiview_v3,False,True,True,0.42276422764227645,0.15384615384615385,0.23076923076923078,switzerland,v5_mask_only_dro,v5_mask,10,be0549617bb8b478de0037a7d30026ad8a37acf124c4f7170c0029656ff8d54f
mask,0.95,0.16992927699733792,0.006802271050978066,0.005,False,0.05,128,5.056937479305005,mcar_10,8,composite_multiview_v3,False,True,True,0.42276422764227645,0.15384615384615385,0.23076923076923078,switzerland,v5_mask_only_dro,v5_mask,10,be0549617bb8b478de0037a7d30026ad8a37acf124c4f7170c0029656ff8d54f
composite,0.95,0.061016784557965664,0.0068742417468637355,0.005,False,0.05,384,,mcar_10,8,composite_multiview_v3,False,True,True,0.42276422764227645,0.15384615384615385,0.23076923076923078,switzerland,v5_mask_only_dro,v5_mask,10,be0549617bb8b478de0037a7d30026ad8a37acf124c4f7170c0029656ff8d54f
evidence,0.9,0.0030779485385149857,0.006816769157761464,0.205,True,0.05,128,0.9870772915538335,mcar_10,9,composite_multiview_v3,False,True,True,0.5203252032520326,0.15384615384615385,0.23076923076923078,switzerland,v5_mask_only_dro,v5_mask,10,be0549617bb8b478de0037a7d30026ad8a37acf124c4f7170c0029656ff8d54f
core,0.95,0.001881442966277465,0.007836338636261202,0.72,True,0.05,128,1.9890216479414302,mcar_10,9,composite_multiview_v3,False,True,True,0.5203252032520326,0.15384615384615385,0.23076923076923078,switzerland,v5_mask_only_dro,v5_mask,10,be0549617bb8b478de0037a7d30026ad8a37acf124c4f7170c0029656ff8d54f
mask,0.95,0.12813675910713374,0.005757729507119923,0.005,False,0.05,128,5.011205797252717,mcar_10,9,composite_multiview_v3,False,True,True,0.5203252032520326,0.15384615384615385,0.23076923076923078,switzerland,v5_mask_only_dro,v5_mask,10,be0549617bb8b478de0037a7d30026ad8a37acf124c4f7170c0029656ff8d54f
composite,0.95,0.04446904205107656,0.006441605512966281,0.005,False,0.05,384,,mcar_10,9,composite_multiview_v3,False,True,True,0.5203252032520326,0.15384615384615385,0.23076923076923078,switzerland,v5_mask_only_dro,v5_mask,10,be0549617bb8b478de0037a7d30026ad8a37acf124c4f7170c0029656ff8d54f
evidence,0.9,0.00022248766288666884,0.004566001572849684,0.905,True,0.05,128,0.987511492573748,mcar_30,0,composite_multiview_v3,False,True,True,0.2601626016260163,0.15384615384615385,0.15384615384615385,switzerland,v5_mask_only_dro,v5_mask,10,be0549617bb8b478de0037a7d30026ad8a37acf124c4f7170c0029656ff8d54f
core,0.95,0.002230273378601282,0.009299812266956569,0.64,True,0.05,128,2.4026778747260646,mcar_30,0,composite_multiview_v3,False,True,True,0.2601626016260163,0.15384615384615385,0.15384615384615385,switzerland,v5_mask_only_dro,v5_mask,10,be0549617bb8b478de0037a7d30026ad8a37acf124c4f7170c0029656ff8d54f
mask,0.95,0.045089229389413135,0.006664162451189688,0.005,False,0.05,128,5.172046884641456,mcar_30,0,composite_multiview_v3,False,True,True,0.2601626016260163,0.15384615384615385,0.15384615384615385,switzerland,v5_mask_only_dro,v5_mask,10,be0549617bb8b478de0037a7d30026ad8a37acf124c4f7170c0029656ff8d54f
composite,0.9,0.015941925465985086,0.00583638523489614,0.005,False,0.05,384,,mcar_30,0,composite_multiview_v3,False,True,True,0.2601626016260163,0.15384615384615385,0.15384615384615385,switzerland,v5_mask_only_dro,v5_mask,10,be0549617bb8b478de0037a7d30026ad8a37acf124c4f7170c0029656ff8d54f
evidence,0.95,0.0002150504534868294,0.007425939238124946,0.93,True,0.05,128,0.9933407687810039,mcar_30,1,composite_multiview_v3,False,True,True,0.2845528455284553,0.15384615384615385,0.23076923076923078,switzerland,v5_mask_only_dro,v5_mask,10,be0549617bb8b478de0037a7d30026ad8a37acf124c4f7170c0029656ff8d54f
core,0.95,0.0013118811653899448,0.009186843704258537,0.865,True,0.05,128,2.4175339415449844,mcar_30,1,composite_multiview_v3,False,True,True,0.2845528455284553,0.15384615384615385,0.23076923076923078,switzerland,v5_mask_only_dro,v5_mask,10,be0549617bb8b478de0037a7d30026ad8a37acf124c4f7170c0029656ff8d54f
mask,0.95,0.06051465261553444,0.005729802533908448,0.005,False,0.05,128,5.203396388226162,mcar_30,1,composite_multiview_v3,False,True,True,0.2845528455284553,0.15384615384615385,0.23076923076923078,switzerland,v5_mask_only_dro,v5_mask,10,be0549617bb8b478de0037a7d30026ad8a37acf124c4f7170c0029656ff8d54f
composite,0.95,0.020680528078137087,0.00648837272005882,0.005,False,0.05,384,,mcar_30,1,composite_multiview_v3,False,True,True,0.2845528455284553,0.15384615384615385,0.23076923076923078,switzerland,v5_mask_only_dro,v5_mask,10,be0549617bb8b478de0037a7d30026ad8a37acf124c4f7170c0029656ff8d54f
evidence,0.9,0.005865522827411106,0.00631729866187553,0.065,True,0.05,128,0.9787745500033993,mcar_30,2,composite_multiview_v3,False,True,True,0.3089430894308943,0.15384615384615385,0.15384615384615385,switzerland,v5_mask_only_dro,v5_mask,10,be0549617bb8b478de0037a7d30026ad8a37acf124c4f7170c0029656ff8d54f
core,0.95,0.0011152524296425426,0.006383380485937744,0.9,True,0.05,128,2.4103938666410247,mcar_30,2,composite_multiview_v3,False,True,True,0.3089430894308943,0.15384615384615385,0.15384615384615385,switzerland,v5_mask_only_dro,v5_mask,10,be0549617bb8b478de0037a7d30026ad8a37acf124c4f7170c0029656ff8d54f
mask,0.95,0.07400239325796126,0.006045858682000667,0.005,False,0.05,128,5.192777595396726,mcar_30,2,composite_multiview_v3,False,True,True,0.3089430894308943,0.15384615384615385,0.15384615384615385,switzerland,v5_mask_only_dro,v5_mask,10,be0549617bb8b478de0037a7d30026ad8a37acf124c4f7170c0029656ff8d54f
composite,0.9,0.027278910473879873,0.005868332247074486,0.005,False,0.05,384,,mcar_30,2,composite_multiview_v3,False,True,True,0.3089430894308943,0.15384615384615385,0.15384615384615385,switzerland,v5_mask_only_dro,v5_mask,10,be0549617bb8b478de0037a7d30026ad8a37acf124c4f7170c0029656ff8d54f
evidence,0.9,0.004980540122545105,0.007828887520633345,0.13,True,0.05,128,0.9699519691865424,mcar_30,3,composite_multiview_v3,False,True,True,0.34959349593495936,0.15384615384615385,0.15384615384615385,switzerland,v5_mask_only_dro,v5_mask,10,be0549617bb8b478de0037a7d30026ad8a37acf124c4f7170c0029656ff8d54f
core,0.95,0.0012791087515060114,0.008965596745605644,0.875,True,0.05,128,2.3835270313108055,mcar_30,3,composite_multiview_v3,False,True,True,0.34959349593495936,0.15384615384615385,0.15384615384615385,switzerland,v5_mask_only_dro,v5_mask,10,be0549617bb8b478de0037a7d30026ad8a37acf124c4f7170c0029656ff8d54f
mask,0.95,0.07699753496356268,0.00657881194012481,0.005,False,0.05,128,5.199183631796022,mcar_30,3,composite_multiview_v3,False,True,True,0.34959349593495936,0.15384615384615385,0.15384615384615385,switzerland,v5_mask_only_dro,v5_mask,10,be0549617bb8b478de0037a7d30026ad8a37acf124c4f7170c0029656ff8d54f
composite,0.95,0.027885076454779435,0.007550960390088142,0.005,False,0.05,384,,mcar_30,3,composite_multiview_v3,False,True,True,0.34959349593495936,0.15384615384615385,0.15384615384615385,switzerland,v5_mask_only_dro,v5_mask,10,be0549617bb8b478de0037a7d30026ad8a37acf124c4f7170c0029656ff8d54f
evidence,0.9,0.0013552968570454181,0.008185424964401633,0.405,True,0.05,128,0.9767533012949335,mcar_30,4,composite_multiview_v3,False,True,True,0.2764227642276423,0.15384615384615385,0.15384615384615385,switzerland,v5_mask_only_dro,v5_mask,10,be0549617bb8b478de0037a7d30026ad8a37acf124c4f7170c0029656ff8d54f
core,0.95,0.00040292570816658445,0.010141765534017702,0.98,True,0.05,128,2.4197411551272943,mcar_30,4,composite_multiview_v3,False,True,True,0.2764227642276423,0.15384615384615385,0.15384615384615385,switzerland,v5_mask_only_dro,v5_mask,10,be0549617bb8b478de0037a7d30026ad8a37acf124c4f7170c0029656ff8d54f
mask,0.95,0.06528944183218272,0.006045913998800582,0.005,False,0.05,128,5.158940069713721,mcar_30,4,composite_multiview_v3,False,True,True,0.2764227642276423,0.15384615384615385,0.15384615384615385,switzerland,v5_mask_only_dro,v5_mask,10,be0549617bb8b478de0037a7d30026ad8a37acf124c4f7170c0029656ff8d54f
composite,0.95,0.022497618609251185,0.0074078129180521245,0.005,False,0.05,384,,mcar_30,4,composite_multiview_v3,False,True,True,0.2764227642276423,0.15384615384615385,0.15384615384615385,switzerland,v5_mask_only_dro,v5_mask,10,be0549617bb8b478de0037a7d30026ad8a37acf124c4f7170c0029656ff8d54f
evidence,0.9,0.0006195976943753703,0.006861622201098745,0.735,True,0.05,128,0.9921424171306789,mcar_30,5,composite_multiview_v3,False,True,True,0.3089430894308943,0.15384615384615385,0.15384615384615385,switzerland,v5_mask_only_dro,v5_mask,10,be0549617bb8b478de0037a7d30026ad8a37acf124c4f7170c0029656ff8d54f
core,0.95,0.0039261774970354366,0.009376479288274633,0.365,True,0.05,128,2.4154005854135825,mcar_30,5,composite_multiview_v3,False,True,True,0.3089430894308943,0.15384615384615385,0.15384615384615385,switzerland,v5_mask_only_dro,v5_mask,10,be0549617bb8b478de0037a7d30026ad8a37acf124c4f7170c0029656ff8d54f
mask,0.95,0.08597416503727101,0.005775476393753612,0.005,False,0.05,128,5.1651570079242894,mcar_30,5,composite_multiview_v3,False,True,True,0.3089430894308943,0.15384615384615385,0.15384615384615385,switzerland,v5_mask_only_dro,v5_mask,10,be0549617bb8b478de0037a7d30026ad8a37acf124c4f7170c0029656ff8d54f
composite,0.9,0.030328579289512516,0.005729300130305152,0.005,False,0.05,384,,mcar_30,5,composite_multiview_v3,False,True,True,0.3089430894308943,0.15384615384615385,0.15384615384615385,switzerland,v5_mask_only_dro,v5_mask,10,be0549617bb8b478de0037a7d30026ad8a37acf124c4f7170c0029656ff8d54f
evidence,0.9,0.00443945114793402,0.00638472792695617,0.15,True,0.05,128,0.9583547996818527,mcar_30,6,composite_multiview_v3,False,True,True,0.34146341463414637,0.15384615384615385,0.15384615384615385,switzerland,v5_mask_only_dro,v5_mask,10,be0549617bb8b478de0037a7d30026ad8a37acf124c4f7170c0029656ff8d54f
core,0.95,0.004955708685118283,0.010963388592360375,0.215,True,0.05,128,2.4092552803964224,mcar_30,6,composite_multiview_v3,False,True,True,0.34146341463414637,0.15384615384615385,0.15384615384615385,switzerland,v5_mask_only_dro,v5_mask,10,be0549617bb8b478de0037a7d30026ad8a37acf124c4f7170c0029656ff8d54f
mask,0.95,0.09332468659674965,0.006212903609349635,0.005,False,0.05,128,5.181518586487989,mcar_30,6,composite_multiview_v3,False,True,True,0.34146341463414637,0.15384615384615385,0.15384615384615385,switzerland,v5_mask_only_dro,v5_mask,10,be0549617bb8b478de0037a7d30026ad8a37acf124c4f7170c0029656ff8d54f
composite,0.9,0.03433143103707549,0.006341317413648095,0.005,False,0.05,384,,mcar_30,6,composite_multiview_v3,False,True,True,0.34146341463414637,0.15384615384615385,0.15384615384615385,switzerland,v5_mask_only_dro,v5_mask,10,be0549617bb8b478de0037a7d30026ad8a37acf124c4f7170c0029656ff8d54f
evidence,0.85,0.0015928542096210632,0.004681546607602926,0.315,True,0.05,128,0.9805691941167014,mcar_30,7,composite_multiview_v3,False,True,True,0.2601626016260163,0.15384615384615385,0.15384615384615385,switzerland,v5_mask_only_dro,v5_mask,10,be0549617bb8b478de0037a7d30026ad8a37acf124c4f7170c0029656ff8d54f
core,0.95,0.002606000836812519,0.008569910250769232,0.535,True,0.05,128,2.387021919855757,mcar_30,7,composite_multiview_v3,False,True,True,0.2601626016260163,0.15384615384615385,0.15384615384615385,switzerland,v5_mask_only_dro,v5_mask,10,be0549617bb8b478de0037a7d30026ad8a37acf124c4f7170c0029656ff8d54f
mask,0.95,0.07376870533549187,0.006144748367877217,0.005,False,0.05,128,5.208944756869066,mcar_30,7,composite_multiview_v3,False,True,True,0.2601626016260163,0.15384615384615385,0.15384615384615385,switzerland,v5_mask_only_dro,v5_mask,10,be0549617bb8b478de0037a7d30026ad8a37acf124c4f7170c0029656ff8d54f
composite,0.9,0.026372742759391277,0.006061742019885068,0.005,False,0.05,384,,mcar_30,7,composite_multiview_v3,False,True,True,0.2601626016260163,0.15384615384615385,0.15384615384615385,switzerland,v5_mask_only_dro,v5_mask,10,be0549617bb8b478de0037a7d30026ad8a37acf124c4f7170c0029656ff8d54f
evidence,0.85,0.0016652140000919533,0.004089685226646713,0.19,True,0.05,128,0.9832039075133472,mcar_30,8,composite_multiview_v3,False,True,True,0.2764227642276423,0.15384615384615385,0.23076923076923078,switzerland,v5_mask_only_dro,v5_mask,10,be0549617bb8b478de0037a7d30026ad8a37acf124c4f7170c0029656ff8d54f
core,0.95,0.0015334411836181723,0.010556047514527718,0.81,True,0.05,128,2.4240465133038342,mcar_30,8,composite_multiview_v3,False,True,True,0.2764227642276423,0.15384615384615385,0.23076923076923078,switzerland,v5_mask_only_dro,v5_mask,10,be0549617bb8b478de0037a7d30026ad8a37acf124c4f7170c0029656ff8d54f
mask,0.95,0.09039335184025077,0.006177464282546816,0.005,False,0.05,128,5.190178144951926,mcar_30,8,composite_multiview_v3,False,True,True,0.2764227642276423,0.15384615384615385,0.23076923076923078,switzerland,v5_mask_only_dro,v5_mask,10,be0549617bb8b478de0037a7d30026ad8a37acf124c4f7170c0029656ff8d54f
composite,0.9,0.03204480839497106,0.006217686959054161,0.005,False,0.05,384,,mcar_30,8,composite_multiview_v3,False,True,True,0.2764227642276423,0.15384615384615385,0.23076923076923078,switzerland,v5_mask_only_dro,v5_mask,10,be0549617bb8b478de0037a7d30026ad8a37acf124c4f7170c0029656ff8d54f
evidence,0.85,0.0010432518999732888,0.004532110236887757,0.49,True,0.05,128,0.9980246967889751,mcar_30,9,composite_multiview_v3,False,True,True,0.3089430894308943,0.15384615384615385,0.15384615384615385,switzerland,v5_mask_only_dro,v5_mask,10,be0549617bb8b478de0037a7d30026ad8a37acf124c4f7170c0029656ff8d54f
core,0.95,0.0014859979596726616,0.007094487170192707,0.825,True,0.05,128,2.3736012603441403,mcar_30,9,composite_multiview_v3,False,True,True,0.3089430894308943,0.15384615384615385,0.15384615384615385,switzerland,v5_mask_only_dro,v5_mask,10,be0549617bb8b478de0037a7d30026ad8a37acf124c4f7170c0029656ff8d54f
mask,0.95,0.08366190110716566,0.006230963332855607,0.005,False,0.05,128,5.1942803350769795,mcar_30,9,composite_multiview_v3,False,True,True,0.3089430894308943,0.15384615384615385,0.15384615384615385,switzerland,v5_mask_only_dro,v5_mask,10,be0549617bb8b478de0037a7d30026ad8a37acf124c4f7170c0029656ff8d54f
composite,0.85,0.029513891546434943,0.005252460789014861,0.005,False,0.05,384,,mcar_30,9,composite_multiview_v3,False,True,True,0.3089430894308943,0.15384615384615385,0.15384615384615385,switzerland,v5_mask_only_dro,v5_mask,10,be0549617bb8b478de0037a7d30026ad8a37acf124c4f7170c0029656ff8d54f
evidence,0.95,0.0051218193499550195,0.010769605687118084,0.175,True,0.05,128,0.9846358155925927,mcar_50,0,composite_multiview_v3,False,True,True,0.4634146341463415,0.15384615384615385,0.15384615384615385,switzerland,v5_mask_only_dro,v5_mask,10,be0549617bb8b478de0037a7d30026ad8a37acf124c4f7170c0029656ff8d54f
core,0.95,0.00246327029559725,0.010268312521105202,0.615,True,0.05,128,2.35051486481046,mcar_50,0,composite_multiview_v3,False,True,True,0.4634146341463415,0.15384615384615385,0.15384615384615385,switzerland,v5_mask_only_dro,v5_mask,10,be0549617bb8b478de0037a7d30026ad8a37acf124c4f7170c0029656ff8d54f
mask,0.95,0.03452450157028058,0.006811734554682073,0.005,False,0.05,128,5.054028351166427,mcar_50,0,composite_multiview_v3,False,True,True,0.4634146341463415,0.15384615384615385,0.15384615384615385,switzerland,v5_mask_only_dro,v5_mask,10,be0549617bb8b478de0037a7d30026ad8a37acf124c4f7170c0029656ff8d54f
composite,0.95,0.014036530405277628,0.005862780426037505,0.005,False,0.05,384,,mcar_50,0,composite_multiview_v3,False,True,True,0.4634146341463415,0.15384615384615385,0.15384615384615385,switzerland,v5_mask_only_dro,v5_mask,10,be0549617bb8b478de0037a7d30026ad8a37acf124c4f7170c0029656ff8d54f
evidence,0.95,0.0011889287963549877,0.009935205200326216,0.64,True,0.05,128,0.9665920828735484,mcar_50,1,composite_multiview_v3,False,True,True,0.4796747967479675,0.15384615384615385,0.15384615384615385,switzerland,v5_mask_only_dro,v5_mask,10,be0549617bb8b478de0037a7d30026ad8a37acf124c4f7170c0029656ff8d54f
core,0.95,0.0005875946291135281,0.008264632727694414,0.98,True,0.05,128,2.3593563411576817,mcar_50,1,composite_multiview_v3,False,True,True,0.4796747967479675,0.15384615384615385,0.15384615384615385,switzerland,v5_mask_only_dro,v5_mask,10,be0549617bb8b478de0037a7d30026ad8a37acf124c4f7170c0029656ff8d54f
mask,0.95,0.0222401025863369,0.006191609611501039,0.005,False,0.05,128,5.0846970209702285,mcar_50,1,composite_multiview_v3,False,True,True,0.4796747967479675,0.15384615384615385,0.15384615384615385,switzerland,v5_mask_only_dro,v5_mask,10,be0549617bb8b478de0037a7d30026ad8a37acf124c4f7170c0029656ff8d54f
composite,0.95,0.008005542003935134,0.007120024887383667,0.03,False,0.05,384,,mcar_50,1,composite_multiview_v3,False,True,True,0.4796747967479675,0.15384615384615385,0.15384615384615385,switzerland,v5_mask_only_dro,v5_mask,10,be0549617bb8b478de0037a7d30026ad8a37acf124c4f7170c0029656ff8d54f
evidence,0.9,0.00410018602433927,0.004823113678965736,0.08,True,0.05,128,0.96830067093049,mcar_50,2,composite_multiview_v3,False,True,True,0.4715447154471545,0.15384615384615385,0.15384615384615385,switzerland,v5_mask_only_dro,v5_mask,10,be0549617bb8b478de0037a7d30026ad8a37acf124c4f7170c0029656ff8d54f
core,0.95,0.0022378085176330406,0.009558135325940447,0.695,True,0.05,128,2.351178776736879,mcar_50,2,composite_multiview_v3,False,True,True,0.4715447154471545,0.15384615384615385,0.15384615384615385,switzerland,v5_mask_only_dro,v5_mask,10,be0549617bb8b478de0037a7d30026ad8a37acf124c4f7170c0029656ff8d54f
mask,0.95,0.029873491586483412,0.006086146586850989,0.005,False,0.05,128,5.070080237754583,mcar_50,2,composite_multiview_v3,False,True,True,0.4715447154471545,0.15384615384615385,0.15384615384615385,switzerland,v5_mask_only_dro,v5_mask,10,be0549617bb8b478de0037a7d30026ad8a37acf124c4f7170c0029656ff8d54f
composite,0.9,0.012157872461347483,0.007403370947325746,0.005,False,0.05,384,,mcar_50,2,composite_multiview_v3,False,True,True,0.4715447154471545,0.15384615384615385,0.15384615384615385,switzerland,v5_mask_only_dro,v5_mask,10,be0549617bb8b478de0037a7d30026ad8a37acf124c4f7170c0029656ff8d54f
evidence,0.9,0.0024103131315566717,0.008093436178812887,0.365,True,0.05,128,0.9518707030906906,mcar_50,3,composite_multiview_v3,False,True,True,0.4065040650406504,0.15384615384615385,0.15384615384615385,switzerland,v5_mask_only_dro,v5_mask,10,be0549617bb8b478de0037a7d30026ad8a37acf124c4f7170c0029656ff8d54f
core,0.95,0.0010956262538580298,0.0063804776855282295,0.925,True,0.05,128,2.3716790995285875,mcar_50,3,composite_multiview_v3,False,True,True,0.4065040650406504,0.15384615384615385,0.15384615384615385,switzerland,v5_mask_only_dro,v5_mask,10,be0549617bb8b478de0037a7d30026ad8a37acf124c4f7170c0029656ff8d54f
mask,0.95,0.04175019188587295,0.00710636874417581,0.005,False,0.05,128,5.068931002106912,mcar_50,3,composite_multiview_v3,False,True,True,0.4065040650406504,0.15384615384615385,0.15384615384615385,switzerland,v5_mask_only_dro,v5_mask,10,be0549617bb8b478de0037a7d30026ad8a37acf124c4f7170c0029656ff8d54f
composite,0.9,0.015152686829321126,0.006657972875406436,0.005,False,0.05,384,,mcar_50,3,composite_multiview_v3,False,True,True,0.4065040650406504,0.15384615384615385,0.15384615384615385,switzerland,v5_mask_only_dro,v5_mask,10,be0549617bb8b478de0037a7d30026ad8a37acf124c4f7170c0029656ff8d54f
evidence,0.85,0.0017817181788473571,0.00919832676436531,0.41,True,0.05,128,0.9785745687500897,mcar_50,4,composite_multiview_v3,False,True,True,0.3902439024390244,0.15384615384615385,0.15384615384615385,switzerland,v5_mask_only_dro,v5_mask,10,be0549617bb8b478de0037a7d30026ad8a37acf124c4f7170c0029656ff8d54f
core,0.95,0.0004179930613296451,0.010702954465372505,1.0,True,0.05,128,2.372560511181243,mcar_50,4,composite_multiview_v3,False,True,True,0.3902439024390244,0.15384615384615385,0.15384615384615385,switzerland,v5_mask_only_dro,v5_mask,10,be0549617bb8b478de0037a7d30026ad8a37acf124c4f7170c0029656ff8d54f
mask,0.95,0.03369239915192726,0.006036983767032685,0.005,False,0.05,128,5.063060785132967,mcar_50,4,composite_multiview_v3,False,True,True,0.3902439024390244,0.15384615384615385,0.15384615384615385,switzerland,v5_mask_only_dro,v5_mask,10,be0549617bb8b478de0037a7d30026ad8a37acf124c4f7170c0029656ff8d54f
composite,0.85,0.012021368836181698,0.007315729275107042,0.005,False,0.05,384,,mcar_50,4,composite_multiview_v3,False,True,True,0.3902439024390244,0.15384615384615385,0.15384615384615385,switzerland,v5_mask_only_dro,v5_mask,10,be0549617bb8b478de0037a7d30026ad8a37acf124c4f7170c0029656ff8d54f
evidence,0.85,0.0005187561032538469,0.005316662196801023,0.755,True,0.05,128,1.0072137573258675,mcar_50,5,composite_multiview_v3,False,True,True,0.4065040650406504,0.07692307692307693,0.15384615384615385,switzerland,v5_mask_only_dro,v5_mask,10,be0549617bb8b478de0037a7d30026ad8a37acf124c4f7170c0029656ff8d54f
core,0.95,0.0036073180841581527,0.008436128822366907,0.41,True,0.05,128,2.3973191922788524,mcar_50,5,composite_multiview_v3,False,True,True,0.4065040650406504,0.07692307692307693,0.15384615384615385,switzerland,v5_mask_only_dro,v5_mask,10,be0549617bb8b478de0037a7d30026ad8a37acf124c4f7170c0029656ff8d54f
mask,0.95,0.0352187991626427,0.006438118114967724,0.005,False,0.05,128,5.07146394368156,mcar_50,5,composite_multiview_v3,False,True,True,0.4065040650406504,0.07692307692307693,0.15384615384615385,switzerland,v5_mask_only_dro,v5_mask,10,be0549617bb8b478de0037a7d30026ad8a37acf124c4f7170c0029656ff8d54f
composite,0.85,0.013314159457644168,0.004927231848073716,0.005,False,0.05,384,,mcar_50,5,composite_multiview_v3,False,True,True,0.4065040650406504,0.07692307692307693,0.15384615384615385,switzerland,v5_mask_only_dro,v5_mask,10,be0549617bb8b478de0037a7d30026ad8a37acf124c4f7170c0029656ff8d54f
evidence,0.9,0.0012656179641601212,0.007162423685963678,0.55,True,0.05,128,0.9628999194361335,mcar_50,6,composite_multiview_v3,False,True,True,0.43902439024390244,0.07692307692307693,0.15384615384615385,switzerland,v5_mask_only_dro,v5_mask,10,be0549617bb8b478de0037a7d30026ad8a37acf124c4f7170c0029656ff8d54f
core,0.95,0.0024537875818371963,0.010358771357678206,0.725,True,0.05,128,2.358411580499345,mcar_50,6,composite_multiview_v3,False,True,True,0.43902439024390244,0.07692307692307693,0.15384615384615385,switzerland,v5_mask_only_dro,v5_mask,10,be0549617bb8b478de0037a7d30026ad8a37acf124c4f7170c0029656ff8d54f
mask,0.05,0.037406836945835534,0.0065931155614005026,0.005,False,0.05,128,5.060113045587245,mcar_50,6,composite_multiview_v3,False,True,True,0.43902439024390244,0.07692307692307693,0.15384615384615385,switzerland,v5_mask_only_dro,v5_mask,10,be0549617bb8b478de0037a7d30026ad8a37acf124c4f7170c0029656ff8d54f
composite,0.9,0.014502198038659927,0.006294439608483997,0.005,False,0.05,384,,mcar_50,6,composite_multiview_v3,False,True,True,0.43902439024390244,0.07692307692307693,0.15384615384615385,switzerland,v5_mask_only_dro,v5_mask,10,be0549617bb8b478de0037a7d30026ad8a37acf124c4f7170c0029656ff8d54f
evidence,0.85,0.0009852406308573855,0.005174740261340049,0.43,True,0.05,128,0.9750105856936154,mcar_50,7,composite_multiview_v3,False,True,True,0.34146341463414637,0.07692307692307693,0.15384615384615385,switzerland,v5_mask_only_dro,v5_mask,10,be0549617bb8b478de0037a7d30026ad8a37acf124c4f7170c0029656ff8d54f
core,0.95,0.0010616183750631596,0.0075674192027786755,0.865,True,0.05,128,2.3663050772563854,mcar_50,7,composite_multiview_v3,False,True,True,0.34146341463414637,0.07692307692307693,0.15384615384615385,switzerland,v5_mask_only_dro,v5_mask,10,be0549617bb8b478de0037a7d30026ad8a37acf124c4f7170c0029656ff8d54f
mask,0.95,0.030201525370947592,0.0056617060406798075,0.005,False,0.05,128,5.107076443490785,mcar_50,7,composite_multiview_v3,False,True,True,0.34146341463414637,0.07692307692307693,0.15384615384615385,switzerland,v5_mask_only_dro,v5_mask,10,be0549617bb8b478de0037a7d30026ad8a37acf124c4f7170c0029656ff8d54f
composite,0.85,0.011039901241712492,0.004992079751066097,0.005,False,0.05,384,,mcar_50,7,composite_multiview_v3,False,True,True,0.34146341463414637,0.07692307692307693,0.15384615384615385,switzerland,v5_mask_only_dro,v5_mask,10,be0549617bb8b478de0037a7d30026ad8a37acf124c4f7170c0029656ff8d54f
evidence,0.9,0.004354776609876625,0.006598223188700058,0.11,True,0.05,128,0.9920151060184583,mcar_50,8,composite_multiview_v3,False,True,True,0.45528455284552843,0.15384615384615385,0.15384615384615385,switzerland,v5_mask_only_dro,v5_mask,10,be0549617bb8b478de0037a7d30026ad8a37acf124c4f7170c0029656ff8d54f
core,0.95,0.0009361614965235077,0.009013999900709505,0.945,True,0.05,128,2.3681906746793913,mcar_50,8,composite_multiview_v3,False,True,True,0.45528455284552843,0.15384615384615385,0.15384615384615385,switzerland,v5_mask_only_dro,v5_mask,10,be0549617bb8b478de0037a7d30026ad8a37acf124c4f7170c0029656ff8d54f
mask,0.95,0.03906813999582394,0.006016911963278722,0.005,False,0.05,128,5.044640017653997,mcar_50,8,composite_multiview_v3,False,True,True,0.45528455284552843,0.15384615384615385,0.15384615384615385,switzerland,v5_mask_only_dro,v5_mask,10,be0549617bb8b478de0037a7d30026ad8a37acf124c4f7170c0029656ff8d54f
composite,0.9,0.014899455110058694,0.005809590976646935,0.005,False,0.05,384,,mcar_50,8,composite_multiview_v3,False,True,True,0.45528455284552843,0.15384615384615385,0.15384615384615385,switzerland,v5_mask_only_dro,v5_mask,10,be0549617bb8b478de0037a7d30026ad8a37acf124c4f7170c0029656ff8d54f
evidence,0.85,0.001616320203865529,0.0054965568639689984,0.43,True,0.05,128,0.9848340407708414,mcar_50,9,composite_multiview_v3,False,True,True,0.3983739837398374,0.07692307692307693,0.15384615384615385,switzerland,v5_mask_only_dro,v5_mask,10,be0549617bb8b478de0037a7d30026ad8a37acf124c4f7170c0029656ff8d54f
core,0.95,0.0006632235722057602,0.008005529387675712,0.945,True,0.05,128,2.3666306322254966,mcar_50,9,composite_multiview_v3,False,True,True,0.3983739837398374,0.07692307692307693,0.15384615384615385,switzerland,v5_mask_only_dro,v5_mask,10,be0549617bb8b478de0037a7d30026ad8a37acf124c4f7170c0029656ff8d54f
mask,0.6,0.04674538434269299,0.005594604045483816,0.005,False,0.05,128,5.0689305997145215,mcar_50,9,composite_multiview_v3,False,True,True,0.3983739837398374,0.07692307692307693,0.15384615384615385,switzerland,v5_mask_only_dro,v5_mask,10,be0549617bb8b478de0037a7d30026ad8a37acf124c4f7170c0029656ff8d54f
composite,0.85,0.01652375436228037,0.006475966255258408,0.005,False,0.05,384,,mcar_50,9,composite_multiview_v3,False,True,True,0.3983739837398374,0.07692307692307693,0.15384615384615385,switzerland,v5_mask_only_dro,v5_mask,10,be0549617bb8b478de0037a7d30026ad8a37acf124c4f7170c0029656ff8d54f
evidence,0.9,0.003425402236151631,0.005404790319167529,0.115,True,0.05,128,0.9894486650210844,natural,0,composite_multiview_v3,False,True,True,0.7235772357723578,0.07692307692307693,0.23076923076923078,switzerland,v5_mask_only_dro,v5_mask,10,be0549617bb8b478de0037a7d30026ad8a37acf124c4f7170c0029656ff8d54f
core,0.95,0.003437675214385177,0.005897281099916605,0.22,True,0.05,128,2.38253044334952,natural,0,composite_multiview_v3,False,True,True,0.7235772357723578,0.07692307692307693,0.23076923076923078,switzerland,v5_mask_only_dro,v5_mask,10,be0549617bb8b478de0037a7d30026ad8a37acf124c4f7170c0029656ff8d54f
mask,0.95,0.6266772855678422,0.00708301412088863,0.005,False,0.05,128,3.5465491790455057,natural,0,composite_multiview_v3,False,True,True,0.7235772357723578,0.07692307692307693,0.23076923076923078,switzerland,v5_mask_only_dro,v5_mask,10,be0549617bb8b478de0037a7d30026ad8a37acf124c4f7170c0029656ff8d54f
composite,0.95,0.21140098728175755,0.006188570661484755,0.005,False,0.05,384,,natural,0,composite_multiview_v3,False,True,True,0.7235772357723578,0.07692307692307693,0.23076923076923078,switzerland,v5_mask_only_dro,v5_mask,10,be0549617bb8b478de0037a7d30026ad8a37acf124c4f7170c0029656ff8d54f
