revision,mechanism,batch_size,acceptance_rate,episodes
v1_learned_mean,conditional_scale,32,0.965,200
v1_learned_mean,conditional_scale,64,0.985,200
v1_learned_mean,conditional_scale,128,0.985,200
v1_learned_mean,conditional_scale,256,0.945,200
v1_learned_mean,conditional_scale,512,0.935,200
v1_learned_mean,conditional_translation,32,0.69,200
v1_learned_mean,conditional_translation,64,0.555,200
v1_learned_mean,conditional_translation,128,0.355,200
v1_learned_mean,conditional_translation,256,0.285,200
v1_learned_mean,conditional_translation,512,0.23,200
v1_learned_mean,covariance_shear,32,1.0,200
v1_learned_mean,covariance_shear,64,1.0,200
v1_learned_mean,covariance_shear,128,1.0,200
v1_learned_mean,covariance_shear,256,1.0,200
v1_learned_mean,covariance_shear,512,0.995,200
v1_learned_mean,outcome_dependent_dropout,32,0.645,200
v1_learned_mean,outcome_dependent_dropout,64,0.43,200
v1_learned_mean,outcome_dependent_dropout,128,0.325,200
v1_learned_mean,outcome_dependent_dropout,256,0.215,200
v1_learned_mean,outcome_dependent_dropout,512,0.155,200
v1_learned_mean,pure_label_shift,32,0.995,200
v1_learned_mean,pure_label_shift,64,1.0,200
v1_learned_mean,pure_label_shift,128,1.0,200
v1_learned_mean,pure_label_shift,256,1.0,200
v1_learned_mean,pure_label_shift,512,1.0,200
v1_learned_mean,support_translation,32,0.005,200
v1_learned_mean,support_translation,64,0.0,200
v1_learned_mean,support_translation,128,0.0,200
v1_learned_mean,support_translation,256,0.0,200
v1_learned_mean,support_translation,512,0.0,200
v1_learned_mean,unidentifiable_concept_reversal,32,1.0,200
v1_learned_mean,unidentifiable_concept_reversal,64,1.0,200
v1_learned_mean,unidentifiable_concept_reversal,128,1.0,200
v1_learned_mean,unidentifiable_concept_reversal,256,1.0,200
v1_learned_mean,unidentifiable_concept_reversal,512,1.0,200
v2_omnibus_mean,conditional_scale,32,0.655,200
v2_omnibus_mean,conditional_scale,64,0.46,200
v2_omnibus_mean,conditional_scale,128,0.37,200
v2_omnibus_mean,conditional_scale,256,0.285,200
v2_omnibus_mean,conditional_scale,512,0.235,200
v2_omnibus_mean,conditional_translation,32,0.325,200
v2_omnibus_mean,conditional_translation,64,0.245,200
v2_omnibus_mean,conditional_translation,128,0.2,200
v2_omnibus_mean,conditional_translation,256,0.16,200
v2_omnibus_mean,conditional_translation,512,0.14,200
v2_omnibus_mean,covariance_shear,32,0.875,200
v2_omnibus_mean,covariance_shear,64,0.775,200
v2_omnibus_mean,covariance_shear,128,0.605,200
v2_omnibus_mean,covariance_shear,256,0.44,200
v2_omnibus_mean,covariance_shear,512,0.385,200
v2_omnibus_mean,outcome_dependent_dropout,32,0.265,200
v2_omnibus_mean,outcome_dependent_dropout,64,0.145,200
v2_omnibus_mean,outcome_dependent_dropout,128,0.135,200
v2_omnibus_mean,outcome_dependent_dropout,256,0.085,200
v2_omnibus_mean,outcome_dependent_dropout,512,0.07,200
v2_omnibus_mean,pure_label_shift,32,0.99,200
v2_omnibus_mean,pure_label_shift,64,1.0,200
v2_omnibus_mean,pure_label_shift,128,1.0,200
v2_omnibus_mean,pure_label_shift,256,1.0,200
v2_omnibus_mean,pure_label_shift,512,1.0,200
v2_omnibus_mean,support_translation,32,0.0,200
v2_omnibus_mean,support_translation,64,0.0,200
v2_omnibus_mean,support_translation,128,0.0,200
v2_omnibus_mean,support_translation,256,0.0,200
v2_omnibus_mean,support_translation,512,0.0,200
v2_omnibus_mean,unidentifiable_concept_reversal,32,0.995,200
v2_omnibus_mean,unidentifiable_concept_reversal,64,0.995,200
v2_omnibus_mean,unidentifiable_concept_reversal,128,1.0,200
v2_omnibus_mean,unidentifiable_concept_reversal,256,0.995,200
v2_omnibus_mean,unidentifiable_concept_reversal,512,1.0,200
v3_max_moment,conditional_scale,32,0.685,200
v3_max_moment,conditional_scale,64,0.42,200
v3_max_moment,conditional_scale,128,0.34,200
v3_max_moment,conditional_scale,256,0.215,200
v3_max_moment,conditional_scale,512,0.17,200
v3_max_moment,conditional_translation,32,0.335,200
v3_max_moment,conditional_translation,64,0.21,200
v3_max_moment,conditional_translation,128,0.175,200
v3_max_moment,conditional_translation,256,0.135,200
v3_max_moment,conditional_translation,512,0.08,200
v3_max_moment,covariance_shear,32,0.935,200
v3_max_moment,covariance_shear,64,0.79,200
v3_max_moment,covariance_shear,128,0.585,200
v3_max_moment,covariance_shear,256,0.45,200
v3_max_moment,covariance_shear,512,0.335,200
v3_max_moment,nonlinear_bimodal,32,0.29,200
v3_max_moment,nonlinear_bimodal,64,0.2,200
v3_max_moment,nonlinear_bimodal,128,0.125,200
v3_max_moment,nonlinear_bimodal,256,0.1,200
v3_max_moment,nonlinear_bimodal,512,0.08,200
v3_max_moment,outcome_dependent_dropout,32,0.245,200
v3_max_moment,outcome_dependent_dropout,64,0.14,200
v3_max_moment,outcome_dependent_dropout,128,0.105,200
v3_max_moment,outcome_dependent_dropout,256,0.055,200
v3_max_moment,outcome_dependent_dropout,512,0.05,200
v3_max_moment,pure_label_shift,32,0.995,200
v3_max_moment,pure_label_shift,64,0.99,200
v3_max_moment,pure_label_shift,128,0.995,200
v3_max_moment,pure_label_shift,256,1.0,200
v3_max_moment,pure_label_shift,512,1.0,200
v3_max_moment,support_translation,32,0.0,200
v3_max_moment,support_translation,64,0.0,200
v3_max_moment,support_translation,128,0.0,200
v3_max_moment,support_translation,256,0.0,200
v3_max_moment,support_translation,512,0.0,200
v3_max_moment,tail_contamination,32,0.175,200
v3_max_moment,tail_contamination,64,0.015,200
v3_max_moment,tail_contamination,128,0.0,200
v3_max_moment,tail_contamination,256,0.0,200
v3_max_moment,tail_contamination,512,0.0,200
v3_max_moment,unidentifiable_concept_reversal,32,0.985,200
v3_max_moment,unidentifiable_concept_reversal,64,1.0,200
v3_max_moment,unidentifiable_concept_reversal,128,1.0,200
v3_max_moment,unidentifiable_concept_reversal,256,1.0,200
v3_max_moment,unidentifiable_concept_reversal,512,1.0,200
