outer_target,experiment,variant,parameter_id,parameters_json,mean_validation_score,worst_validation_score,median_best_epoch,mean_parameter_count,selection_score
cleveland,v0_pooled_erm,v0,0,"{""brier_beta"": 0.0, ""d_model"": 64, ""dro_lambda"": 0.5, ""dro_tau"": 0.2, ""dropout"": 0.1, ""evaluation_interval"": 5, ""learning_rate"": 0.0005, ""max_epochs"": 120, ""n_heads"": 4, ""n_layers"": 2, ""patience_evaluations"": 8, ""validation_mask_replicates"": 2, ""weight_decay"": 0.001}",0.6808187988132873,0.7784858927150522,5.0,71574.33333333333,0.7296523457641697
cleveland,v1_site_balanced,v1,0,"{""brier_beta"": 0.0, ""d_model"": 64, ""dro_lambda"": 0.5, ""dro_tau"": 0.2, ""dropout"": 0.1, ""evaluation_interval"": 5, ""learning_rate"": 0.0005, ""max_epochs"": 120, ""n_heads"": 4, ""n_layers"": 2, ""patience_evaluations"": 8, ""validation_mask_replicates"": 2, ""weight_decay"": 0.001}",0.6752443774541365,0.7407316863177636,5.0,71574.33333333333,0.70798803188595
cleveland,v2_prior_separated,v2,0,"{""brier_beta"": 0.0, ""d_model"": 64, ""dro_lambda"": 0.5, ""dro_tau"": 0.2, ""dropout"": 0.1, ""evaluation_interval"": 5, ""learning_rate"": 0.0005, ""max_epochs"": 120, ""n_heads"": 4, ""n_layers"": 2, ""patience_evaluations"": 8, ""validation_mask_replicates"": 2, ""weight_decay"": 0.001}",0.6336641140441807,0.7341858373791106,10.0,71574.33333333333,0.6839249757116457
cleveland,v3_mcar_augmentation,v3,0,"{""brier_beta"": 0.0, ""d_model"": 64, ""dro_lambda"": 0.5, ""dro_tau"": 0.2, ""dropout"": 0.1, ""evaluation_interval"": 5, ""learning_rate"": 0.0005, ""max_epochs"": 120, ""n_heads"": 4, ""n_layers"": 2, ""patience_evaluations"": 8, ""validation_mask_replicates"": 2, ""weight_decay"": 0.001}",0.6186518029173492,0.74206909842833,10.0,71574.33333333333,0.6803604506728396
cleveland,v4_structured_policy_bank,v4,0,"{""brier_beta"": 0.0, ""d_model"": 64, ""dro_lambda"": 0.5, ""dro_tau"": 0.2, ""dropout"": 0.1, ""evaluation_interval"": 5, ""learning_rate"": 0.0005, ""max_epochs"": 120, ""n_heads"": 4, ""n_layers"": 2, ""patience_evaluations"": 8, ""validation_mask_replicates"": 2, ""weight_decay"": 0.001}",0.609843911867276,0.7247271025201284,15.0,71574.33333333333,0.6672855071937023
cleveland,v5_site_mask_dro,v5,4,"{""brier_beta"": 0.0, ""d_model"": 64, ""dro_lambda"": 0.75, ""dro_tau"": 0.2, ""dropout"": 0.1, ""evaluation_interval"": 5, ""learning_rate"": 0.0005, ""max_epochs"": 120, ""n_heads"": 4, ""n_layers"": 2, ""patience_evaluations"": 8, ""validation_mask_replicates"": 2, ""weight_decay"": 0.001}",0.6060862173342343,0.6815141298883398,5.0,71574.33333333333,0.643800173611287
cleveland,v5_site_mask_dro_brier,v5,4,"{""brier_beta"": 0.1, ""d_model"": 64, ""dro_lambda"": 0.75, ""dro_tau"": 0.2, ""dropout"": 0.1, ""evaluation_interval"": 5, ""learning_rate"": 0.0005, ""max_epochs"": 120, ""n_heads"": 4, ""n_layers"": 2, ""patience_evaluations"": 8, ""validation_mask_replicates"": 2, ""weight_decay"": 0.001}",0.6059556486845591,0.6817224403033815,5.0,71574.33333333333,0.6438390444939703
cleveland,v7_ane,v7,0,"{""brier_beta"": 0.1, ""d_model"": 64, ""dro_lambda"": 0.25, ""dro_tau"": 0.2, ""dropout"": 0.1, ""evaluation_interval"": 5, ""learning_rate"": 0.0005, ""max_epochs"": 120, ""n_heads"": 4, ""n_layers"": 2, ""patience_evaluations"": 8, ""validation_mask_replicates"": 2, ""weight_decay"": 0.001}",0.6132143645131807,0.656990887088293,5.0,71574.33333333333,0.6351026258007368
hungary,v0_pooled_erm,v0,1,"{""brier_beta"": 0.0, ""d_model"": 64, ""dro_lambda"": 0.5, ""dro_tau"": 0.2, ""dropout"": 0.1, ""evaluation_interval"": 5, ""learning_rate"": 0.001, ""max_epochs"": 120, ""n_heads"": 4, ""n_layers"": 2, ""patience_evaluations"": 8, ""validation_mask_replicates"": 2, ""weight_decay"": 0.001}",0.8530827044215443,1.068289897644554,10.0,71659.66666666667,0.9606863010330492
hungary,v1_site_balanced,v1,0,"{""brier_beta"": 0.0, ""d_model"": 64, ""dro_lambda"": 0.5, ""dro_tau"": 0.2, ""dropout"": 0.1, ""evaluation_interval"": 5, ""learning_rate"": 0.0005, ""max_epochs"": 120, ""n_heads"": 4, ""n_layers"": 2, ""patience_evaluations"": 8, ""validation_mask_replicates"": 2, ""weight_decay"": 0.001}",0.825361040976344,1.109727019103373,15.0,71659.66666666667,0.9675440300398586
hungary,v2_prior_separated,v2,1,"{""brier_beta"": 0.0, ""d_model"": 64, ""dro_lambda"": 0.5, ""dro_tau"": 0.2, ""dropout"": 0.1, ""evaluation_interval"": 5, ""learning_rate"": 0.001, ""max_epochs"": 120, ""n_heads"": 4, ""n_layers"": 2, ""patience_evaluations"": 8, ""validation_mask_replicates"": 2, ""weight_decay"": 0.001}",0.7014316248645175,0.7601940366131061,5.0,71659.66666666667,0.7308128307388118
hungary,v3_mcar_augmentation,v3,1,"{""brier_beta"": 0.0, ""d_model"": 64, ""dro_lambda"": 0.5, ""dro_tau"": 0.2, ""dropout"": 0.1, ""evaluation_interval"": 5, ""learning_rate"": 0.001, ""max_epochs"": 120, ""n_heads"": 4, ""n_layers"": 2, ""patience_evaluations"": 8, ""validation_mask_replicates"": 2, ""weight_decay"": 0.001}",0.6724923321447985,0.749841365694331,10.0,71659.66666666667,0.7111668489195648
hungary,v4_structured_policy_bank,v4,1,"{""brier_beta"": 0.0, ""d_model"": 64, ""dro_lambda"": 0.5, ""dro_tau"": 0.2, ""dropout"": 0.1, ""evaluation_interval"": 5, ""learning_rate"": 0.001, ""max_epochs"": 120, ""n_heads"": 4, ""n_layers"": 2, ""patience_evaluations"": 8, ""validation_mask_replicates"": 2, ""weight_decay"": 0.001}",0.6690684222239365,0.727046484237517,10.0,71659.66666666667,0.6980574532307268
hungary,v5_site_mask_dro,v5,1,"{""brier_beta"": 0.0, ""d_model"": 64, ""dro_lambda"": 0.25, ""dro_tau"": 0.2, ""dropout"": 0.1, ""evaluation_interval"": 5, ""learning_rate"": 0.001, ""max_epochs"": 120, ""n_heads"": 4, ""n_layers"": 2, ""patience_evaluations"": 8, ""validation_mask_replicates"": 2, ""weight_decay"": 0.001}",0.6658223400474901,0.7227522377269515,10.0,71659.66666666667,0.6942872888872208
hungary,v5_site_mask_dro_brier,v5,1,"{""brier_beta"": 0.1, ""d_model"": 64, ""dro_lambda"": 0.25, ""dro_tau"": 0.2, ""dropout"": 0.1, ""evaluation_interval"": 5, ""learning_rate"": 0.001, ""max_epochs"": 120, ""n_heads"": 4, ""n_layers"": 2, ""patience_evaluations"": 8, ""validation_mask_replicates"": 2, ""weight_decay"": 0.001}",0.6657999141204223,0.7229252242334113,10.0,71659.66666666667,0.6943625691769169
hungary,v7_ane,v7,4,"{""brier_beta"": 0.1, ""d_model"": 64, ""dro_lambda"": 0.75, ""dro_tau"": 0.2, ""dropout"": 0.1, ""evaluation_interval"": 5, ""learning_rate"": 0.0005, ""max_epochs"": 120, ""n_heads"": 4, ""n_layers"": 2, ""patience_evaluations"": 8, ""validation_mask_replicates"": 2, ""weight_decay"": 0.001}",0.6798318302327129,0.6947573673583105,5.0,71659.66666666667,0.6872945987955117
switzerland,v0_pooled_erm,v0,0,"{""brier_beta"": 0.0, ""d_model"": 64, ""dro_lambda"": 0.5, ""dro_tau"": 0.2, ""dropout"": 0.1, ""evaluation_interval"": 5, ""learning_rate"": 0.0005, ""max_epochs"": 120, ""n_heads"": 4, ""n_layers"": 2, ""patience_evaluations"": 8, ""validation_mask_replicates"": 2, ""weight_decay"": 0.001}",0.5625103468105328,0.7058296051510398,10.0,71617.0,0.6341699759807863
switzerland,v1_site_balanced,v1,0,"{""brier_beta"": 0.0, ""d_model"": 64, ""dro_lambda"": 0.5, ""dro_tau"": 0.2, ""dropout"": 0.1, ""evaluation_interval"": 5, ""learning_rate"": 0.0005, ""max_epochs"": 120, ""n_heads"": 4, ""n_layers"": 2, ""patience_evaluations"": 8, ""validation_mask_replicates"": 2, ""weight_decay"": 0.001}",0.5580074951962066,0.7054694372967911,10.0,71617.0,0.6317384662464989
switzerland,v2_prior_separated,v2,1,"{""brier_beta"": 0.0, ""d_model"": 64, ""dro_lambda"": 0.5, ""dro_tau"": 0.2, ""dropout"": 0.1, ""evaluation_interval"": 5, ""learning_rate"": 0.001, ""max_epochs"": 120, ""n_heads"": 4, ""n_layers"": 2, ""patience_evaluations"": 8, ""validation_mask_replicates"": 2, ""weight_decay"": 0.001}",0.5744075123238916,0.709809253233186,5.0,71617.0,0.6421083827785388
switzerland,v3_mcar_augmentation,v3,1,"{""brier_beta"": 0.0, ""d_model"": 64, ""dro_lambda"": 0.5, ""dro_tau"": 0.2, ""dropout"": 0.1, ""evaluation_interval"": 5, ""learning_rate"": 0.001, ""max_epochs"": 120, ""n_heads"": 4, ""n_layers"": 2, ""patience_evaluations"": 8, ""validation_mask_replicates"": 2, ""weight_decay"": 0.001}",0.560605172733045,0.6888437667403162,10.0,71617.0,0.6247244697366806
switzerland,v4_structured_policy_bank,v4,1,"{""brier_beta"": 0.0, ""d_model"": 64, ""dro_lambda"": 0.5, ""dro_tau"": 0.2, ""dropout"": 0.1, ""evaluation_interval"": 5, ""learning_rate"": 0.001, ""max_epochs"": 120, ""n_heads"": 4, ""n_layers"": 2, ""patience_evaluations"": 8, ""validation_mask_replicates"": 2, ""weight_decay"": 0.001}",0.5678945254595222,0.7032404939853378,5.0,71617.0,0.63556750972243
switzerland,v5_site_mask_dro,v5,2,"{""brier_beta"": 0.0, ""d_model"": 64, ""dro_lambda"": 0.5, ""dro_tau"": 0.2, ""dropout"": 0.1, ""evaluation_interval"": 5, ""learning_rate"": 0.0005, ""max_epochs"": 120, ""n_heads"": 4, ""n_layers"": 2, ""patience_evaluations"": 8, ""validation_mask_replicates"": 2, ""weight_decay"": 0.001}",0.5740176397416431,0.6872187025021004,5.0,71617.0,0.6306181711218717
switzerland,v5_site_mask_dro_brier,v5,2,"{""brier_beta"": 0.1, ""d_model"": 64, ""dro_lambda"": 0.5, ""dro_tau"": 0.2, ""dropout"": 0.1, ""evaluation_interval"": 5, ""learning_rate"": 0.0005, ""max_epochs"": 120, ""n_heads"": 4, ""n_layers"": 2, ""patience_evaluations"": 8, ""validation_mask_replicates"": 2, ""weight_decay"": 0.001}",0.5739255708264183,0.6873932058887902,5.0,71617.0,0.6306593883576042
switzerland,v7_ane,v7,4,"{""brier_beta"": 0.1, ""d_model"": 64, ""dro_lambda"": 0.75, ""dro_tau"": 0.2, ""dropout"": 0.1, ""evaluation_interval"": 5, ""learning_rate"": 0.0005, ""max_epochs"": 120, ""n_heads"": 4, ""n_layers"": 2, ""patience_evaluations"": 8, ""validation_mask_replicates"": 2, ""weight_decay"": 0.001}",0.5884445676560817,0.6771492597997019,25.0,71617.0,0.6327969137278917
va_long_beach,v0_pooled_erm,v0,0,"{""brier_beta"": 0.0, ""d_model"": 64, ""dro_lambda"": 0.5, ""dro_tau"": 0.2, ""dropout"": 0.1, ""evaluation_interval"": 5, ""learning_rate"": 0.0005, ""max_epochs"": 120, ""n_heads"": 4, ""n_layers"": 2, ""patience_evaluations"": 8, ""validation_mask_replicates"": 2, ""weight_decay"": 0.001}",0.582998829555735,0.6332198221233748,5.0,71659.66666666667,0.6081093258395549
va_long_beach,v1_site_balanced,v1,0,"{""brier_beta"": 0.0, ""d_model"": 64, ""dro_lambda"": 0.5, ""dro_tau"": 0.2, ""dropout"": 0.1, ""evaluation_interval"": 5, ""learning_rate"": 0.0005, ""max_epochs"": 120, ""n_heads"": 4, ""n_layers"": 2, ""patience_evaluations"": 8, ""validation_mask_replicates"": 2, ""weight_decay"": 0.001}",0.6305642496212409,0.6742153833999065,5.0,71659.66666666667,0.6523898165105737
va_long_beach,v2_prior_separated,v2,0,"{""brier_beta"": 0.0, ""d_model"": 64, ""dro_lambda"": 0.5, ""dro_tau"": 0.2, ""dropout"": 0.1, ""evaluation_interval"": 5, ""learning_rate"": 0.0005, ""max_epochs"": 120, ""n_heads"": 4, ""n_layers"": 2, ""patience_evaluations"": 8, ""validation_mask_replicates"": 2, ""weight_decay"": 0.001}",0.5974309008503162,0.6676710160439742,5.0,71659.66666666667,0.6325509584471452
va_long_beach,v3_mcar_augmentation,v3,0,"{""brier_beta"": 0.0, ""d_model"": 64, ""dro_lambda"": 0.5, ""dro_tau"": 0.2, ""dropout"": 0.1, ""evaluation_interval"": 5, ""learning_rate"": 0.0005, ""max_epochs"": 120, ""n_heads"": 4, ""n_layers"": 2, ""patience_evaluations"": 8, ""validation_mask_replicates"": 2, ""weight_decay"": 0.001}",0.5886100736677682,0.6716469482127438,5.0,71659.66666666667,0.630128510940256
va_long_beach,v4_structured_policy_bank,v4,0,"{""brier_beta"": 0.0, ""d_model"": 64, ""dro_lambda"": 0.5, ""dro_tau"": 0.2, ""dropout"": 0.1, ""evaluation_interval"": 5, ""learning_rate"": 0.0005, ""max_epochs"": 120, ""n_heads"": 4, ""n_layers"": 2, ""patience_evaluations"": 8, ""validation_mask_replicates"": 2, ""weight_decay"": 0.001}",0.5945017597401793,0.6618080427074791,5.0,71659.66666666667,0.6281549012238292
va_long_beach,v5_site_mask_dro,v5,0,"{""brier_beta"": 0.0, ""d_model"": 64, ""dro_lambda"": 0.25, ""dro_tau"": 0.2, ""dropout"": 0.1, ""evaluation_interval"": 5, ""learning_rate"": 0.0005, ""max_epochs"": 120, ""n_heads"": 4, ""n_layers"": 2, ""patience_evaluations"": 8, ""validation_mask_replicates"": 2, ""weight_decay"": 0.001}",0.5947385684947946,0.6613626964179142,5.0,71659.66666666667,0.6280506324563544
va_long_beach,v5_site_mask_dro_brier,v5,0,"{""brier_beta"": 0.1, ""d_model"": 64, ""dro_lambda"": 0.25, ""dro_tau"": 0.2, ""dropout"": 0.1, ""evaluation_interval"": 5, ""learning_rate"": 0.0005, ""max_epochs"": 120, ""n_heads"": 4, ""n_layers"": 2, ""patience_evaluations"": 8, ""validation_mask_replicates"": 2, ""weight_decay"": 0.001}",0.5945274568525735,0.660966220521851,5.0,71659.66666666667,0.6277468386872123
va_long_beach,v7_ane,v7,2,"{""brier_beta"": 0.1, ""d_model"": 64, ""dro_lambda"": 0.5, ""dro_tau"": 0.2, ""dropout"": 0.1, ""evaluation_interval"": 5, ""learning_rate"": 0.0005, ""max_epochs"": 120, ""n_heads"": 4, ""n_layers"": 2, ""patience_evaluations"": 8, ""validation_mask_replicates"": 2, ""weight_decay"": 0.001}",0.6046821668500275,0.6661763234720315,10.0,71659.66666666667,0.6354292451610295
