method,track,policy,decision_threshold,aggregation,hospital_count,n_total,accuracy,balanced_accuracy,precision,recall,f1,roc_auc,brier
psmask:v2_prior_separated,dg_zero_shot,natural,0.5,equal_hospital_macro,4,920,0.7756810051960895,0.725937709706517,0.8287977083157806,0.7871449255029636,0.8035443100960342,0.8183222613744907,0.15462140220765883
psmask:v3_mcar_augmentation,dg_zero_shot,natural,0.5,equal_hospital_macro,4,920,0.7663032052956416,0.72024887873643,0.8123447832741344,0.7707397011626347,0.7877033181522446,0.803982814141414,0.1575828665748502
psmask:v5_site_mask_dro_brier,dg_zero_shot,natural,0.5,equal_hospital_macro,4,920,0.7725956956073905,0.7330130111170123,0.8344951023887817,0.7703593733741693,0.7991400490360383,0.8120545766088467,0.1554451788329369
psmask:v4_structured_policy_bank,dg_zero_shot,natural,0.5,equal_hospital_macro,4,920,0.7800785799709886,0.7347784604193174,0.8065783620561677,0.8116521592972772,0.8065059307471382,0.8064506454991865,0.1505868018749768
psmask:v5_site_mask_dro,dg_zero_shot,natural,0.5,equal_hospital_macro,4,920,0.7527629134242444,0.7187503568772183,0.8184981868572486,0.74987320426595,0.779739551092464,0.8019242546835434,0.15951764393520135
psmask:v5_mask_only_dro,dg_zero_shot,natural,0.5,equal_hospital_macro,4,920,0.7597649377307069,0.7255116576987188,0.8130821547487768,0.7705357013066535,0.787745268458418,0.8014861030595164,0.1597151086293941
psmask:v7_ane,dg_zero_shot,natural,0.5,equal_hospital_macro,4,920,0.7654936510948257,0.7341801883808635,0.8472498547745073,0.7477063198613332,0.7914920303486337,0.8048828803801308,0.17006720690819585
classical:random_forest:site_class_balanced,dg_zero_shot,natural,0.5,equal_hospital_macro,4,920,0.751018083640121,0.7177372842635341,0.8187101670868955,0.7712083236274478,0.7878472134974903,0.8046285995304854,0.17783384018680554
classical:logistic:site_class_balanced,dg_zero_shot,natural,0.5,equal_hospital_macro,4,920,0.7359343576841507,0.7074039962240284,0.8319738554244862,0.7102500211017602,0.7639771616295201,0.798880674017341,0.17665992323232227
classical:logistic:site_class_balanced:source_oof_platt,dg_zero_shot,natural,0.5,equal_hospital_macro,4,920,0.7526872575883771,0.7247905992621552,0.8393926274952009,0.7222324165102073,0.7751299303287453,0.798880674017341,0.17312165257242174
classical:random_forest:site_class_balanced:source_oof_platt,dg_zero_shot,natural,0.5,equal_hospital_macro,4,920,0.7463414654680998,0.7166354985201867,0.8272291471009912,0.7391153833159007,0.7756093753683966,0.804672465432439,0.1728781209069972
psmask:v5_site_only_dro,dg_zero_shot,natural,0.5,equal_hospital_macro,4,920,0.7832925864139426,0.7138460737252044,0.8315943959005978,0.7818823445463723,0.803732812555178,0.8064839873055836,0.1510901396048668
classical:xgboost:site_class_balanced:source_oof_platt,dg_zero_shot,natural,0.5,equal_hospital_macro,4,920,0.7256536099105182,0.7204885297113724,0.8187988483527443,0.7060505252387549,0.7509505814539581,0.7943774513429247,0.18295681459245947
psmask:v0_pooled_erm,dg_zero_shot,natural,0.5,equal_hospital_macro,4,920,0.7736195310048676,0.7229585338126512,0.7798944971737951,0.8572703089737359,0.8073721825575619,0.8286153359350468,0.1520709142268573
classical:hist_gradient_boosting:site_class_balanced:source_oof_platt,dg_zero_shot,natural,0.5,equal_hospital_macro,4,920,0.7216927025579611,0.6981568111687853,0.8209016471852024,0.681159962274687,0.7392376567843273,0.7891140979403816,0.18530232486963094
classical:logistic:pooled:source_oof_platt,dg_zero_shot,natural,0.5,equal_hospital_macro,4,920,0.75549485031878,0.7177468939703788,0.8502006264309706,0.7142734108433697,0.7745784710725717,0.8136760730750847,0.16310257167581596
classical:lightgbm:site_class_balanced:source_oof_platt,dg_zero_shot,natural,0.5,equal_hospital_macro,4,920,0.7333330109392223,0.7217387273374836,0.8162860060933389,0.7182206550168578,0.7558590273099808,0.7840989785758958,0.18361240237601775
classical:xgboost:site_class_balanced,dg_zero_shot,natural,0.5,equal_hospital_macro,4,920,0.7293766479062043,0.7222679063530397,0.8114924197787077,0.735866057829557,0.7631588752642333,0.7944370205032547,0.18123875293971026
classical:catboost:site_class_balanced:source_oof_platt,dg_zero_shot,natural,0.5,equal_hospital_macro,4,920,0.7573059844560862,0.7191117327185018,0.8406628766503814,0.7229076361992369,0.7679475799207877,0.7970780290106465,0.17347694718329998
modern_2026:ft_transformer:pooled:source_oof_platt,dg_zero_shot,natural,0.5,equal_hospital_macro,4,920,0.7647635393205822,0.7203292310296443,0.8573071267919117,0.7088881851888101,0.7730624648490403,0.8054131102125524,0.16831568653411308
psmask:v1_site_balanced,dg_zero_shot,natural,0.5,equal_hospital_macro,4,920,0.7732422149009326,0.7113673587038732,0.7557113891112613,0.8920608949467433,0.8096690960873016,0.8036110277338112,0.16324252338245582
classical:core_logistic:pooled:source_oof_platt,dg_zero_shot,natural,0.5,equal_hospital_macro,4,920,0.7533084473828169,0.7032485632771351,0.8198646825354928,0.7043437106990855,0.7570051039026274,0.7815524656148032,0.16716381168420913
mirrams:mirrams_equation9,dg_zero_shot,natural,0.5,equal_hospital_macro,4,920,0.6316769463158362,0.6390541533636371,0.6886676951947888,0.867225355986002,0.7297929912499677,0.7938519911644667,0.21107279931731182
classical:elastic_net_logistic:site_class_balanced:source_oof_platt,dg_zero_shot,natural,0.5,equal_hospital_macro,4,920,0.6564231235841355,0.55307545290786,0.6644355219221835,0.7754046477899357,0.7022491359696382,0.5414718773620155,0.24551164760182242
tabpfn_v3:tabpfn:pooled:source_oof_platt,dg_zero_shot,natural,0.5,equal_hospital_macro,4,920,0.7822159379327679,0.7261937617094189,0.8615124900777424,0.7357256900295401,0.7916591035543454,0.8103043813215647,0.15854325211799186
classical:catboost:site_class_balanced,dg_zero_shot,natural,0.5,equal_hospital_macro,4,920,0.7646345364999417,0.7270459609053889,0.8128629943506099,0.7817687307284288,0.791426595498036,0.797095227704326,0.16886110691366904
classical:mask_logistic:pooled:source_oof_platt,dg_zero_shot,natural,0.5,equal_hospital_macro,4,920,0.5511944742881456,0.5261663971778331,0.6481426514537003,0.8466599894267408,0.6789364798093217,0.5277287155936928,0.24969615787639166
modern_2026:tabicl:pooled:source_oof_platt,dg_zero_shot,natural,0.5,equal_hospital_macro,4,920,0.7809917007131275,0.7488466227031705,0.8645364027174646,0.7360765268455386,0.7933218578704327,0.807209645904833,0.1604213528048012
modern_2026:tabm:pooled:source_oof_platt,dg_zero_shot,natural,0.5,equal_hospital_macro,4,920,0.7782792779029023,0.7331227717424368,0.8945689627633759,0.6837827724397663,0.7702184313290026,0.8046839922828914,0.16418529023015632
classical:lightgbm:site_class_balanced,dg_zero_shot,natural,0.5,equal_hospital_macro,4,920,0.7308313065627121,0.7214896629389838,0.8076173731063783,0.7421261252308172,0.7643138070091077,0.78412091224847,0.1837880986429083
classical:hist_gradient_boosting:site_class_balanced,dg_zero_shot,natural,0.5,equal_hospital_macro,4,920,0.7462835022924891,0.737560679425629,0.8224501927512876,0.7491599182293422,0.7782939542381822,0.7891140979403816,0.18394450129785206
modern_v2:tabpfn:pooled:source_oof_platt,dg_zero_shot,natural,0.5,equal_hospital_macro,4,920,0.7720187271962636,0.738256883644399,0.842954872631857,0.7522137657625,0.7918483823131302,0.8065900464138757,0.16249188181416999
modern_v2:ebm:site_class_balanced:source_oof_platt,dg_zero_shot,natural,0.5,equal_hospital_macro,4,920,0.7742635430168203,0.7018931467251668,0.8542933219946238,0.7094243115013525,0.7681150771863008,0.7963341823807286,0.17137901965875374
classical:logistic:pooled,dg_zero_shot,natural,0.5,equal_hospital_macro,4,920,0.752892187302354,0.7272126148047666,0.7917162215839739,0.8149425683561371,0.79210413080895,0.8136760730750847,0.16864162931760435
classical:core_logistic:pooled,dg_zero_shot,natural,0.5,equal_hospital_macro,4,920,0.7565563585975322,0.7112854464998248,0.7733458207222698,0.817704355050791,0.789630777751603,0.7815524656148032,0.16788239830137136
modern_2026:realmlp:pooled:source_oof_platt,dg_zero_shot,natural,0.5,equal_hospital_macro,4,920,0.77875381739269,0.7187305898181272,0.8580446509393878,0.7293338965486551,0.7860339842883832,0.7971920848971655,0.1596394302815883
modern_v2:ebm:site_class_balanced,dg_zero_shot,natural,0.5,equal_hospital_macro,4,920,0.7397408054020932,0.7143750583220906,0.8128974906879156,0.7431719803559347,0.7709570376460588,0.7961508242550337,0.1685785156027123
modern_2026:ft_transformer:pooled,dg_zero_shot,natural,0.5,equal_hospital_macro,4,920,0.7531286582491001,0.7208410717904933,0.7940170766930527,0.7954487929496078,0.7861143230577021,0.8055044792015087,0.16966765541154383
tabpfn_v3:tabpfn:pooled,dg_zero_shot,natural,0.5,equal_hospital_macro,4,920,0.7693057992334823,0.7470524204690889,0.7980510434928094,0.8279911393599855,0.8043128962061639,0.8103482457803235,0.16249007775702684
modern_2026:tabicl:pooled,dg_zero_shot,natural,0.5,equal_hospital_macro,4,920,0.7708881444391328,0.756185209460202,0.8005549783981576,0.8336870163948893,0.8061004601802664,0.8072519334804884,0.16718435913668617
modern_v2:tabpfn:pooled,dg_zero_shot,natural,0.5,equal_hospital_macro,4,920,0.7626620718318721,0.7391388087249633,0.776715003341796,0.8636173332532173,0.80550332834386,0.8066417210563251,0.1706881703312801
classical:elastic_net_logistic:site_class_balanced,dg_zero_shot,natural,0.5,equal_hospital_macro,4,920,0.5160682169511127,0.5165230986543596,0.6806040452420797,0.48388190912328416,0.5168596695247994,0.539398522650598,0.2848098474479511
modern_2026:realmlp:pooled,dg_zero_shot,natural,0.5,equal_hospital_macro,4,920,0.7658104679930412,0.7210901109557217,0.7896463935390684,0.8195574312279672,0.7986378355733736,0.8003898086784678,0.1620785473881873
classical:mask_logistic:pooled,dg_zero_shot,natural,0.5,equal_hospital_macro,4,920,0.5593245555889585,0.516113265240117,0.6468495241278089,0.8593281157952112,0.6846793544158463,0.5277287155936928,0.28425104467443296
modern_2026:tabm:pooled,dg_zero_shot,natural,0.5,equal_hospital_macro,4,920,0.7765170265159915,0.7515722936183629,0.8163787193198958,0.8086512800539667,0.8062173371612675,0.808854854498511,0.15844096007646435
