outer_target,inner_validation,model,weighting,parameter_id,parameters_json,n,prevalence,roc_auc,average_precision,log_loss,balanced_log_loss,brier,balanced_brier,accuracy,balanced_accuracy,f1,precision,recall,sensitivity_at_80_specificity,calibration_intercept,calibration_slope,aurc
cleveland,hungary,ebm,site_class_balanced,0,"{""interactions"": 0, ""max_bins"": 64, ""max_rounds"": 5000, ""outer_bags"": 8}",294.0,0.36054421768707484,0.8775592131674026,0.7543905033208222,0.444491901565478,0.46996257289175647,0.1405604690692482,0.15123447117633138,0.8027210884353742,0.7860798875953432,0.7264150943396226,0.7264150943396226,0.7264150943396226,0.8113207547169812,-0.10729474274636935,1.4157572666089755,0.08525762485263096
cleveland,switzerland,ebm,site_class_balanced,0,"{""interactions"": 0, ""max_bins"": 64, ""max_rounds"": 5000, ""outer_bags"": 8}",123.0,0.9349593495934959,0.7586956521739131,0.9721282002339375,0.6398965572419504,0.6027767465697981,0.21862713336569514,0.2005859837138666,0.6504065040650406,0.6967391304347825,0.774869109947644,0.9736842105263158,0.6434782608695652,0.6086956521739131,2.7276638568938427,0.7730518999893494,0.29538691064497763
cleveland,va_long_beach,ebm,site_class_balanced,0,"{""interactions"": 0, ""max_bins"": 64, ""max_rounds"": 5000, ""outer_bags"": 8}",200.0,0.745,0.7116725884984867,0.8860459182201769,0.5237977110047225,0.6743988197804345,0.1755507698194377,0.24061799511183232,0.73,0.606000789577576,0.8258064516129032,0.7950310559006211,0.8590604026845637,0.40939597315436244,0.41178127729202296,0.9114841143218653,0.13399024614243793
cleveland,hungary,ebm,site_class_balanced,1,"{""interactions"": 0, ""max_bins"": 256, ""max_rounds"": 5000, ""outer_bags"": 8}",294.0,0.36054421768707484,0.8761541549578482,0.7439580077221131,0.4525626237194833,0.4767097385652247,0.14226144764305174,0.15250426889751528,0.8027210884353742,0.7819650742673625,0.7211538461538461,0.7352941176470589,0.7075471698113207,0.8207547169811321,-0.11428264373862182,1.5351986970905482,0.09148851775581704
cleveland,switzerland,ebm,site_class_balanced,1,"{""interactions"": 0, ""max_bins"": 256, ""max_rounds"": 5000, ""outer_bags"": 8}",123.0,0.9349593495934959,0.7673913043478261,0.9733737844574829,0.6744178254388544,0.602791185002963,0.23093537875479125,0.19968815742922974,0.6422764227642277,0.7505434782608695,0.7659574468085106,0.9863013698630136,0.6260869565217392,0.6434782608695652,2.796272737539628,0.7301737124746631,0.3283224908219312
cleveland,va_long_beach,ebm,site_class_balanced,1,"{""interactions"": 0, ""max_bins"": 256, ""max_rounds"": 5000, ""outer_bags"": 8}",200.0,0.745,0.6814054480852744,0.8692195838042636,0.5423810021007671,0.791334582661694,0.18079315672002125,0.2756363531343281,0.75,0.6000789577575997,0.84375,0.7894736842105263,0.9060402684563759,0.4697986577181208,0.38388775778040596,0.5648132757436483,0.14513917893021477
cleveland,hungary,ebm,site_class_balanced,2,"{""interactions"": 3, ""max_bins"": 64, ""max_rounds"": 5000, ""outer_bags"": 8}",294.0,0.36054421768707484,0.8714371738257728,0.7293833949395753,0.4581290059093047,0.4750178611902624,0.14426307631102553,0.15157918049195884,0.8027210884353742,0.7881372942593337,0.7289719626168224,0.7222222222222222,0.7358490566037735,0.8018867924528302,-0.23870152677716025,1.4387536586788174,0.10252530992156665
cleveland,switzerland,ebm,site_class_balanced,2,"{""interactions"": 3, ""max_bins"": 64, ""max_rounds"": 5000, ""outer_bags"": 8}",123.0,0.9349593495934959,0.7684782608695653,0.9696815513934693,0.6178404002992193,0.6039237184543214,0.20997907530977314,0.20008222833556913,0.6747967479674797,0.7097826086956522,0.7938144329896907,0.9746835443037974,0.6695652173913044,0.6434782608695652,2.711399193927078,0.8445712509533733,0.2616622761280392
cleveland,va_long_beach,ebm,site_class_balanced,2,"{""interactions"": 3, ""max_bins"": 64, ""max_rounds"": 5000, ""outer_bags"": 8}",200.0,0.745,0.7143045137518095,0.8812144628560856,0.5174192745816822,0.7081066973788184,0.17360666456904705,0.24968041632575982,0.72,0.586392946440321,0.8205128205128205,0.7852760736196319,0.8590604026845637,0.5234899328859061,0.37493677154944943,0.728512225106382,0.13610138756694973
cleveland,hungary,ebm,site_class_balanced,3,"{""interactions"": 3, ""max_bins"": 256, ""max_rounds"": 5000, ""outer_bags"": 8}",294.0,0.36054421768707484,0.8737454837414692,0.7334241796645167,0.4723378402595806,0.49156987165740995,0.149202146776377,0.1576380138438805,0.8061224489795918,0.7907968687274187,0.7323943661971831,0.7289719626168224,0.7358490566037735,0.8113207547169812,-0.17555356324780086,1.7100768782468931,0.09596597744069116
cleveland,switzerland,ebm,site_class_balanced,3,"{""interactions"": 3, ""max_bins"": 256, ""max_rounds"": 5000, ""outer_bags"": 8}",123.0,0.9349593495934959,0.7728260869565218,0.9739114479705799,0.6487027398715141,0.5927125040020494,0.2232241337191318,0.19680111748437132,0.6504065040650406,0.754891304347826,0.7724867724867724,0.9864864864864865,0.6347826086956522,0.7043478260869566,2.7974745041654225,0.8379293591473874,0.2939325752352085
cleveland,va_long_beach,ebm,site_class_balanced,3,"{""interactions"": 3, ""max_bins"": 256, ""max_rounds"": 5000, ""outer_bags"": 8}",200.0,0.745,0.7173312277931306,0.8832294892901722,0.5193247630223852,0.7456626596158097,0.17269342147255196,0.25861223026625546,0.75,0.6129753914988815,0.8417721518987342,0.7964071856287425,0.8926174496644296,0.4966442953020134,0.3231764813466775,0.6469129830424779,0.13194098391781311
cleveland,hungary,tabpfn,pooled,0,"{""device"": ""cuda"", ""n_estimators"": 4, ""version"": ""v2""}",294.0,0.36054421768707484,0.8879466077880369,0.8088973078978359,0.6396634782868713,0.5507038384046424,0.22303788442252379,0.1860731168220774,0.6768707482993197,0.7432256122039342,0.6864686468646864,0.5279187817258884,0.9811320754716981,0.7830188679245284,-2.230428239881646,1.8551353036903084,0.2492696595211543
cleveland,switzerland,tabpfn,pooled,0,"{""device"": ""cuda"", ""n_estimators"": 4, ""version"": ""v2""}",123.0,0.9349593495934959,0.7239130434782609,0.9659084377096463,0.5251305863196091,0.6377713674014123,0.17246550947348604,0.2132735331833964,0.7723577235772358,0.7038043478260869,0.8653846153846154,0.967741935483871,0.782608695652174,0.46956521739130436,2.505198863215973,0.7350561301227929,0.15500907405890343
cleveland,va_long_beach,tabpfn,pooled,0,"{""device"": ""cuda"", ""n_estimators"": 4, ""version"": ""v2""}",200.0,0.745,0.7285169101197526,0.8719385256251864,0.5390789097889783,0.681012571464537,0.17772405222584972,0.22687276011377566,0.75,0.6774575602052901,0.831081081081081,0.8367346938775511,0.825503355704698,0.46308724832214765,0.6503825864809051,0.6086324001156042,0.15186042298957758
cleveland,hungary,tabpfn,pooled,1,"{""device"": ""cuda"", ""n_estimators"": 8, ""version"": ""v2""}",294.0,0.36054421768707484,0.8823765556001606,0.7975211934928792,0.6469258173810768,0.5553512774662096,0.22552291632610236,0.18783530809175047,0.6768707482993197,0.7411682055399438,0.6843853820598007,0.5282051282051282,0.9716981132075472,0.7735849056603774,-2.1927607812048744,1.7481807350619607,0.25549971645435166
cleveland,switzerland,tabpfn,pooled,1,"{""device"": ""cuda"", ""n_estimators"": 8, ""version"": ""v2""}",123.0,0.9349593495934959,0.7271739130434783,0.9672152712984065,0.5428680404875154,0.6268106726754405,0.17984560499739646,0.21081900284220173,0.7479674796747967,0.6907608695652174,0.848780487804878,0.9666666666666667,0.7565217391304347,0.5217391304347826,2.5478792130492236,0.7256216313687687,0.17008758789823275
cleveland,va_long_beach,tabpfn,pooled,1,"{""device"": ""cuda"", ""n_estimators"": 8, ""version"": ""v2""}",200.0,0.745,0.7315436241610738,0.8704606191950394,0.5274136131704428,0.682440105214466,0.17284556240446108,0.22874811940285958,0.76,0.6712725358599816,0.8410596026490066,0.8300653594771242,0.8523489932885906,0.5302013422818792,0.5720068214240195,0.6590313541341627,0.14705380176853483
hungary,cleveland,ebm,site_class_balanced,0,"{""interactions"": 0, ""max_bins"": 64, ""max_rounds"": 5000, ""outer_bags"": 8}",303.0,0.45874587458745875,0.815099140200035,0.8066631807488228,0.5237448223922901,0.5293053401183132,0.17399816083059863,0.17617668462329117,0.7458745874587459,0.7427618880505351,0.717948717948718,0.7313432835820896,0.7050359712230215,0.697841726618705,-0.0214263640370769,0.9660287333555319,0.1473033451300493
hungary,switzerland,ebm,site_class_balanced,0,"{""interactions"": 0, ""max_bins"": 64, ""max_rounds"": 5000, ""outer_bags"": 8}",123.0,0.9349593495934959,0.7054347826086957,0.9638695978788325,0.5138172125484656,0.6409598294332174,0.16810309113618738,0.22039389344234914,0.7642276422764228,0.6994565217391304,0.8599033816425121,0.967391304347826,0.7739130434782608,0.24347826086956523,2.4044760330957513,0.8248385430555766,0.1410245663317377
hungary,va_long_beach,ebm,site_class_balanced,0,"{""interactions"": 0, ""max_bins"": 64, ""max_rounds"": 5000, ""outer_bags"": 8}",200.0,0.745,0.5101987103566259,0.7692703772590381,0.6594932440583247,1.0139610833302182,0.21592362161465253,0.34527471215795413,0.71,0.5216475852085801,0.823170731707317,0.7541899441340782,0.9060402684563759,0.28187919463087246,0.9331893333082691,0.09442289752237752,0.2413244078042493
hungary,cleveland,ebm,site_class_balanced,1,"{""interactions"": 0, ""max_bins"": 256, ""max_rounds"": 5000, ""outer_bags"": 8}",303.0,0.45874587458745875,0.7938234778031232,0.7779306957013619,0.5507084942694563,0.5537907391565571,0.1845247875127874,0.18578315979775797,0.7293729372937293,0.7269696437971573,0.7028985507246377,0.708029197080292,0.697841726618705,0.6187050359712231,-0.10697591205120428,0.911033364875936,0.17237511019103768
hungary,switzerland,ebm,site_class_balanced,1,"{""interactions"": 0, ""max_bins"": 256, ""max_rounds"": 5000, ""outer_bags"": 8}",123.0,0.9349593495934959,0.7152173913043478,0.966465957438113,0.5130447900942982,0.6327221486364728,0.16770478120558532,0.21734898699814098,0.7642276422764228,0.6994565217391304,0.8599033816425121,0.967391304347826,0.7739130434782608,0.3217391304347826,2.418028637182847,0.8075273798527162,0.1399551951882847
hungary,va_long_beach,ebm,site_class_balanced,1,"{""interactions"": 0, ""max_bins"": 256, ""max_rounds"": 5000, ""outer_bags"": 8}",200.0,0.745,0.5195420450059218,0.7707360897287467,0.6875301974297678,1.1079093957997264,0.21661022217929385,0.3589153675936966,0.715,0.5250032899065666,0.8267477203647416,0.7555555555555555,0.912751677852349,0.2483221476510067,0.8861773244346484,0.10613681008042873,0.2367285991308828
hungary,cleveland,ebm,site_class_balanced,2,"{""interactions"": 3, ""max_bins"": 64, ""max_rounds"": 5000, ""outer_bags"": 8}",303.0,0.45874587458745875,0.7738638357606596,0.7553372633670651,0.5776548379106586,0.5791187099316093,0.1945508779174095,0.19519117826458174,0.7194719471947195,0.7178233023337428,0.6953405017921147,0.6928571428571428,0.697841726618705,0.5971223021582733,-0.16191371729172024,0.7961332273263788,0.19482265565076196
hungary,switzerland,ebm,site_class_balanced,2,"{""interactions"": 3, ""max_bins"": 64, ""max_rounds"": 5000, ""outer_bags"": 8}",123.0,0.9349593495934959,0.6815217391304347,0.9598079618604721,0.5126288587199805,0.6799440691678371,0.1686097190571582,0.233099062184322,0.7642276422764228,0.6994565217391304,0.8599033816425121,0.967391304347826,0.7739130434782608,0.26956521739130435,2.411661718323133,0.6332618744958166,0.14596471520827647
hungary,va_long_beach,ebm,site_class_balanced,2,"{""interactions"": 3, ""max_bins"": 64, ""max_rounds"": 5000, ""outer_bags"": 8}",200.0,0.745,0.48335307277273326,0.7547478225234963,0.7858557959285519,1.2676452867280523,0.23327330032439964,0.37651439778022266,0.705,0.5182918805105935,0.8195718654434251,0.7528089887640449,0.8993288590604027,0.2080536912751678,1.0849103075936828,-0.00659379683436266,0.26098386903136966
hungary,cleveland,ebm,site_class_balanced,3,"{""interactions"": 3, ""max_bins"": 256, ""max_rounds"": 5000, ""outer_bags"": 8}",303.0,0.45874587458745875,0.7774170907176697,0.7660657639276923,0.5728585681940233,0.5699662348969655,0.19470516691912076,0.19353583261250762,0.7128712871287128,0.7150157922442533,0.7030716723549488,0.6688311688311688,0.7410071942446043,0.5899280575539568,-0.28724166781647736,1.027846928713136,0.19024926178805768
hungary,switzerland,ebm,site_class_balanced,3,"{""interactions"": 3, ""max_bins"": 256, ""max_rounds"": 5000, ""outer_bags"": 8}",123.0,0.9349593495934959,0.7021739130434783,0.9672433714074542,0.5372382767248904,0.6686135769751056,0.18005186982804777,0.23139665456019534,0.7560975609756098,0.6951086956521739,0.8543689320388349,0.967032967032967,0.7652173913043478,0.391304347826087,2.468792890808007,0.6131012997565645,0.15446501914923585
hungary,va_long_beach,ebm,site_class_balanced,3,"{""interactions"": 3, ""max_bins"": 256, ""max_rounds"": 5000, ""outer_bags"": 8}",200.0,0.745,0.49730227661534404,0.7627685726689735,0.7744741542162015,1.2926270536866058,0.22723691509431934,0.3815528681791604,0.7,0.5084879589419661,0.8170731707317073,0.7486033519553073,0.8993288590604027,0.24161073825503357,1.0069199169232421,0.030830699388966782,0.24613417786138322
hungary,cleveland,tabpfn,pooled,0,"{""device"": ""cuda"", ""n_estimators"": 4, ""version"": ""v2""}",303.0,0.45874587458745875,0.7964993858571678,0.7758145944716711,0.8259722953402124,0.7770058607744762,0.3036835624557711,0.2832025820001187,0.46204620462046203,0.5030487804878049,0.6303854875283447,0.4602649006622517,1.0,0.6402877697841727,-2.627927372376792,1.744980067694318,0.3087557286894109
hungary,switzerland,tabpfn,pooled,0,"{""device"": ""cuda"", ""n_estimators"": 4, ""version"": ""v2""}",123.0,0.9349593495934959,0.7358695652173913,0.9730470673335823,0.38255707026390684,0.666863440297972,0.11595376418184472,0.23004686625568946,0.8455284552845529,0.6266304347826087,0.9140271493212669,0.9528301886792453,0.8782608695652174,0.45217391304347826,2.0409578701396023,0.7783076895318857,0.058358791304433555
hungary,va_long_beach,tabpfn,pooled,0,"{""device"": ""cuda"", ""n_estimators"": 4, ""version"": ""v2""}",200.0,0.745,0.6370575075667851,0.8082449063095603,0.6164710467157062,1.0405286248557988,0.1868728171218413,0.3297924576990351,0.75,0.535596789051191,0.8529411764705882,0.7591623036649214,0.9731543624161074,0.3288590604026846,0.38071614345628196,0.36788811365958496,0.19676178809518646
hungary,cleveland,tabpfn,pooled,1,"{""device"": ""cuda"", ""n_estimators"": 8, ""version"": ""v2""}",303.0,0.45874587458745875,0.8268555886997719,0.8281393328927851,0.7674902189553716,0.7246113529314182,0.2827658582316292,0.26434821699676037,0.47194719471947194,0.5121951219512195,0.634703196347032,0.46488294314381273,1.0,0.6690647482014388,-2.7108182198104136,2.027865178740756,0.279762250814448
hungary,switzerland,tabpfn,pooled,1,"{""device"": ""cuda"", ""n_estimators"": 8, ""version"": ""v2""}",123.0,0.9349593495934959,0.7195652173913043,0.9696328244872505,0.37380374837416264,0.6925960170159632,0.11154268473789102,0.2376296764081906,0.8536585365853658,0.6309782608695652,0.918918918918919,0.9532710280373832,0.8869565217391304,0.391304347826087,1.987269723459121,0.7868556689701411,0.05391023786543237
hungary,va_long_beach,tabpfn,pooled,1,"{""device"": ""cuda"", ""n_estimators"": 8, ""version"": ""v2""}",200.0,0.745,0.6524542702987234,0.8185918156759315,0.6078879644863016,1.0269594817028032,0.18595530447069414,0.32801856571425947,0.755,0.5454007106198184,0.855457227138643,0.7631578947368421,0.9731543624161074,0.38926174496644295,0.2873772883743963,0.41557284689588564,0.1863805776507897
switzerland,cleveland,ebm,site_class_balanced,0,"{""interactions"": 0, ""max_bins"": 64, ""max_rounds"": 5000, ""outer_bags"": 8}",303.0,0.45874587458745875,0.8747587296016847,0.8564376213394933,0.5892577552836545,0.6297845867676709,0.19531811096120277,0.2101152804861979,0.7227722772277227,0.6994867520617652,0.58,0.9508196721311475,0.4172661870503597,0.8129496402877698,1.6547462215126711,1.1939064560732027,0.16410110204899603
switzerland,hungary,ebm,site_class_balanced,0,"{""interactions"": 0, ""max_bins"": 64, ""max_rounds"": 5000, ""outer_bags"": 8}",294.0,0.36054421768707484,0.9003914090726617,0.8429355560591855,0.41398026927573317,0.47446521482912196,0.12899004067393982,0.15388028952651744,0.8129251700680272,0.7673123243677238,0.6994535519125683,0.8311688311688312,0.6037735849056604,0.8584905660377359,0.6475967775384545,1.741306524092847,0.07215796911653413
switzerland,va_long_beach,ebm,site_class_balanced,0,"{""interactions"": 0, ""max_bins"": 64, ""max_rounds"": 5000, ""outer_bags"": 8}",200.0,0.745,0.6921963416238979,0.8566791959638752,0.8826265076420674,0.8198528429156283,0.27580861817175945,0.26338660104027833,0.645,0.6521252796420581,0.7279693486590039,0.8482142857142857,0.6375838926174496,0.5100671140939598,1.1700843947085067,0.2982221026501445,0.34638222474201796
switzerland,cleveland,ebm,site_class_balanced,1,"{""interactions"": 0, ""max_bins"": 256, ""max_rounds"": 5000, ""outer_bags"": 8}",303.0,0.45874587458745875,0.8756360765046499,0.8585759424802242,0.5879807733540053,0.6287110311194464,0.1917305366956464,0.20613517105941534,0.7326732673267327,0.7113748025969469,0.6086956521739131,0.9264705882352942,0.45323741007194246,0.8129496402877698,1.5499533028331631,1.0835761982571188,0.15772717443435136
switzerland,hungary,ebm,site_class_balanced,1,"{""interactions"": 0, ""max_bins"": 256, ""max_rounds"": 5000, ""outer_bags"": 8}",294.0,0.36054421768707484,0.8940184664793256,0.8364650608422846,0.4155547127590236,0.47532485813870107,0.12979609974688533,0.15412886161469175,0.8231292517006803,0.7794058610999599,0.717391304347826,0.8461538461538461,0.6226415094339622,0.8207547169811321,0.5270192725577343,1.5886043889752,0.07539013976967658
switzerland,va_long_beach,ebm,site_class_balanced,1,"{""interactions"": 0, ""max_bins"": 256, ""max_rounds"": 5000, ""outer_bags"": 8}",200.0,0.745,0.6890380313199106,0.8566417011405913,0.9553431483242203,0.8658700870799969,0.2833317965253616,0.2672751521904505,0.635,0.645413870246085,0.7181467181467182,0.8454545454545455,0.6241610738255033,0.5167785234899329,1.1928456871385245,0.2660810729278281,0.37561977867198715
switzerland,cleveland,ebm,site_class_balanced,2,"{""interactions"": 3, ""max_bins"": 64, ""max_rounds"": 5000, ""outer_bags"": 8}",303.0,0.45874587458745875,0.8761186173012809,0.8661334724933368,0.5070680838139726,0.5345636772037341,0.16497857905567734,0.1751697749948642,0.7557755775577558,0.7398447095981752,0.672566371681416,0.8735632183908046,0.5467625899280576,0.8057553956834532,1.0632930576743875,1.164682465784682,0.13354087703357106
switzerland,hungary,ebm,site_class_balanced,2,"{""interactions"": 3, ""max_bins"": 64, ""max_rounds"": 5000, ""outer_bags"": 8}",294.0,0.36054421768707484,0.8902549177037334,0.8225856817840094,0.4173713552203749,0.49220354444826037,0.1325646230782523,0.16160733895073784,0.8197278911564626,0.772631473303894,0.7071823204419889,0.8533333333333334,0.6037735849056604,0.8207547169811321,0.6059795623752308,1.321361653693076,0.0807534860009239
switzerland,va_long_beach,ebm,site_class_balanced,2,"{""interactions"": 3, ""max_bins"": 64, ""max_rounds"": 5000, ""outer_bags"": 8}",200.0,0.745,0.6844321621265957,0.8540906542136396,1.172300142857439,1.017232171516542,0.30307362315443,0.2806907280609321,0.635,0.645413870246085,0.7181467181467182,0.8454545454545455,0.6241610738255033,0.48322147651006714,1.2426221572415748,0.20485419866811652,0.4042838968076394
switzerland,cleveland,ebm,site_class_balanced,3,"{""interactions"": 3, ""max_bins"": 256, ""max_rounds"": 5000, ""outer_bags"": 8}",303.0,0.45874587458745875,0.875504474469205,0.8598897993507699,0.599935061101483,0.6422622495155083,0.19695882876120752,0.2120774294672642,0.7260726072607261,0.7030838743639235,0.5870646766169154,0.9516129032258065,0.4244604316546763,0.8057553956834532,1.6601545857132967,1.1293345802872041,0.16215403050467916
switzerland,hungary,ebm,site_class_balanced,3,"{""interactions"": 3, ""max_bins"": 256, ""max_rounds"": 5000, ""outer_bags"": 8}",294.0,0.36054421768707484,0.8767061421116018,0.8104388264989991,0.43486458510309883,0.5188399462165877,0.14006419656572913,0.17184043801993582,0.8061224489795918,0.7558209554395825,0.6815642458100558,0.8356164383561644,0.5754716981132075,0.8207547169811321,0.5338520536547154,1.1116491970127227,0.08708015702603542
switzerland,va_long_beach,ebm,site_class_balanced,3,"{""interactions"": 3, ""max_bins"": 256, ""max_rounds"": 5000, ""outer_bags"": 8}",200.0,0.745,0.690485590209238,0.8582246112825613,0.9689666438610132,0.8791720058174053,0.2875410653171305,0.27044193223475743,0.63,0.6291617318068167,0.7175572519083969,0.831858407079646,0.6308724832214765,0.5167785234899329,1.202730910839887,0.26592332478804276,0.3597565279629298
switzerland,cleveland,tabpfn,pooled,0,"{""device"": ""cuda"", ""n_estimators"": 4, ""version"": ""v2""}",303.0,0.45874587458745875,0.8777855764169151,0.8735468511447053,0.4397643296794473,0.4465652132114568,0.14011758072419148,0.14238204356235304,0.801980198019802,0.7995262326723986,0.781021897810219,0.7925925925925926,0.7697841726618705,0.7985611510791367,0.08450736250837973,1.0671610795274222,0.09625703959478804
switzerland,hungary,tabpfn,pooled,0,"{""device"": ""cuda"", ""n_estimators"": 4, ""version"": ""v2""}",294.0,0.36054421768707484,0.9001405058209555,0.8539159445466881,0.4540347113784481,0.42562934202461356,0.14575879457480123,0.13507530599691692,0.8231292517006803,0.83701324769169,0.7833333333333333,0.7014925373134329,0.8867924528301887,0.8773584905660378,-1.1020585259904354,1.464029508147091,0.09728117129796235
switzerland,va_long_beach,tabpfn,pooled,0,"{""device"": ""cuda"", ""n_estimators"": 4, ""version"": ""v2""}",200.0,0.745,0.7061455454665088,0.8663282526879655,0.6722623324592799,0.6789798374543514,0.23805820591674995,0.23459495099088404,0.6,0.6412685879721016,0.6747967479674797,0.8556701030927835,0.5570469798657718,0.4899328859060403,1.0554251414101088,0.5061661248796433,0.22307681848519412
switzerland,cleveland,tabpfn,pooled,1,"{""device"": ""cuda"", ""n_estimators"": 8, ""version"": ""v2""}",303.0,0.45874587458745875,0.8794964028776979,0.8745568590568554,0.43750716308495263,0.44570604586687074,0.1396519698593686,0.14260897032090436,0.8085808580858086,0.8056237936480084,0.7867647058823529,0.8045112781954887,0.7697841726618705,0.7985611510791367,0.17264015486050405,1.1179617968553688,0.09463801888152572
switzerland,hungary,tabpfn,pooled,1,"{""device"": ""cuda"", ""n_estimators"": 8, ""version"": ""v2""}",294.0,0.36054421768707484,0.9033018867924528,0.8564547851077448,0.45143414550793104,0.42660396219322066,0.1435308646486633,0.1343148816295801,0.8299319727891157,0.84027498996387,0.788135593220339,0.7153846153846154,0.8773584905660378,0.8867924528301887,-1.0387369691319586,1.5509744690473553,0.09435928728493323
switzerland,va_long_beach,tabpfn,pooled,1,"{""device"": ""cuda"", ""n_estimators"": 8, ""version"": ""v2""}",200.0,0.745,0.7132517436504804,0.8687974569767101,0.6575237908254369,0.6615098393735375,0.23219918637168405,0.22895491692998182,0.595,0.6250164495328332,0.6746987951807228,0.84,0.5637583892617449,0.5033557046979866,1.0642657603154975,0.5468322198375689,0.21863863709493536
va_long_beach,cleveland,ebm,site_class_balanced,0,"{""interactions"": 0, ""max_bins"": 64, ""max_rounds"": 5000, ""outer_bags"": 8}",303.0,0.45874587458745875,0.8134321810844007,0.7925009003936462,0.5842375165560951,0.5669039431192454,0.1994677845956448,0.19239000842227993,0.7062706270627063,0.7182400421126514,0.729483282674772,0.631578947368421,0.8633093525179856,0.697841726618705,-0.8698174565250241,1.2168718739347144,0.2012035382193919
va_long_beach,hungary,ebm,site_class_balanced,0,"{""interactions"": 0, ""max_bins"": 64, ""max_rounds"": 5000, ""outer_bags"": 8}",294.0,0.36054421768707484,0.8258731433159373,0.6960976834333,0.6121250155107629,0.5614620465322985,0.20911409003686235,0.1872827971542873,0.7278911564625851,0.7625451625853071,0.7014925373134329,0.5802469135802469,0.8867924528301887,0.7641509433962265,-1.3105731102775222,1.554675629431418,0.25510308359879397
va_long_beach,switzerland,ebm,site_class_balanced,0,"{""interactions"": 0, ""max_bins"": 64, ""max_rounds"": 5000, ""outer_bags"": 8}",123.0,0.9349593495934959,0.7695652173913043,0.9790031831293855,0.7276804082284679,0.5810490994542069,0.251624295051128,0.2025768742866229,0.6422764227642277,0.6342391304347825,0.7708333333333334,0.961038961038961,0.6434782608695652,0.4956521739130435,3.0783918860502015,0.7793778637475626,0.3159382062890194
va_long_beach,cleveland,ebm,site_class_balanced,1,"{""interactions"": 0, ""max_bins"": 256, ""max_rounds"": 5000, ""outer_bags"": 8}",303.0,0.45874587458745875,0.8254518336550271,0.8098912697615321,0.6255520124416425,0.5988999925416387,0.21071287765675223,0.20102352563156717,0.6798679867986799,0.6943981400245658,0.7138643067846607,0.605,0.8705035971223022,0.7122302158273381,-1.0341931957062205,0.8408557804687798,0.19665400124373467
va_long_beach,hungary,ebm,site_class_balanced,1,"{""interactions"": 0, ""max_bins"": 256, ""max_rounds"": 5000, ""outer_bags"": 8}",294.0,0.36054421768707484,0.8137796065837013,0.6894456802058746,0.6538140478312793,0.5860674254421872,0.22603779449143502,0.1978733242497892,0.6496598639455783,0.7054897631473305,0.6508474576271186,0.5079365079365079,0.9056603773584906,0.7452830188679245,-1.3686816631975909,1.2391824981948338,0.2838339808794082
va_long_beach,switzerland,ebm,site_class_balanced,1,"{""interactions"": 0, ""max_bins"": 256, ""max_rounds"": 5000, ""outer_bags"": 8}",123.0,0.9349593495934959,0.7695652173913043,0.9786534356802834,0.7105058177329315,0.5830407187413884,0.24541866778288296,0.20387630106843463,0.6422764227642277,0.6342391304347825,0.7708333333333334,0.961038961038961,0.6434782608695652,0.48695652173913045,3.0270022927678184,0.7649912714029622,0.29567373653206375
va_long_beach,cleveland,ebm,site_class_balanced,2,"{""interactions"": 3, ""max_bins"": 64, ""max_rounds"": 5000, ""outer_bags"": 8}",303.0,0.45874587458745875,0.8204509563081243,0.816327196650522,0.6062972339234184,0.5827245427330534,0.20902024223458276,0.19997198734539215,0.6765676567656765,0.6902526759080541,0.7083333333333334,0.6040609137055838,0.8561151079136691,0.7266187050359713,-1.0501440585591413,1.0198650418193154,0.20040050064188364
va_long_beach,hungary,ebm,site_class_balanced,2,"{""interactions"": 3, ""max_bins"": 64, ""max_rounds"": 5000, ""outer_bags"": 8}",294.0,0.36054421768707484,0.8164391810517864,0.6938763013834962,0.6110678563256882,0.5562460166594567,0.20618561474293523,0.18392829085188867,0.7551020408163265,0.7776495383380169,0.7165354330708661,0.6148648648648649,0.8584905660377359,0.7264150943396226,-1.2518330983875132,1.2556726270799536,0.2509213537960319
va_long_beach,switzerland,ebm,site_class_balanced,2,"{""interactions"": 3, ""max_bins"": 64, ""max_rounds"": 5000, ""outer_bags"": 8}",123.0,0.9349593495934959,0.7532608695652174,0.977108587879379,0.8352262151995995,0.6406180039324066,0.281583241284657,0.21913876858332604,0.6016260162601627,0.6125,0.7379679144385026,0.9583333333333334,0.6,0.4608695652173913,3.0252480042949963,0.5860392834925592,0.3578169956533489
va_long_beach,cleveland,ebm,site_class_balanced,3,"{""interactions"": 3, ""max_bins"": 256, ""max_rounds"": 5000, ""outer_bags"": 8}",303.0,0.45874587458745875,0.8268117213546237,0.826568261848732,0.6027976548798161,0.5790192212577195,0.20470928979680333,0.19612262776319045,0.6864686468646864,0.6983023337427618,0.7112462006079028,0.6157894736842106,0.841726618705036,0.7482014388489209,-0.9986052060704417,0.866766796902431,0.18346662124583502
va_long_beach,hungary,ebm,site_class_balanced,3,"{""interactions"": 3, ""max_bins"": 256, ""max_rounds"": 5000, ""outer_bags"": 8}",294.0,0.36054421768707484,0.813277800080289,0.673512899790819,0.6610390978624939,0.5863606078665915,0.2252310251387934,0.19547613329695748,0.7142857142857143,0.7519068647129667,0.6911764705882353,0.5662650602409639,0.8867924528301887,0.7641509433962265,-1.4038124213921357,1.1456891946257666,0.28723592493375744
va_long_beach,switzerland,ebm,site_class_balanced,3,"{""interactions"": 3, ""max_bins"": 256, ""max_rounds"": 5000, ""outer_bags"": 8}",123.0,0.9349593495934959,0.7630434782608696,0.978622613887228,0.7892887190248483,0.6150636766559686,0.27017147268738456,0.21243491742828396,0.5934959349593496,0.6081521739130435,0.7311827956989247,0.9577464788732394,0.591304347826087,0.4608695652173913,3.031172166630255,0.6504207106838528,0.3273472762993279
va_long_beach,cleveland,tabpfn,pooled,0,"{""device"": ""cuda"", ""n_estimators"": 4, ""version"": ""v2""}",303.0,0.45874587458745875,0.8845850149148974,0.8738405026388946,0.46041165437112536,0.45231651166167053,0.14868508346513534,0.14551025313432256,0.8052805280528053,0.810251798561151,0.8039867109634552,0.7469135802469136,0.8705035971223022,0.8057553956834532,-0.6529479512497871,1.4676114229932333,0.09884573972010158
va_long_beach,hungary,tabpfn,pooled,0,"{""device"": ""cuda"", ""n_estimators"": 4, ""version"": ""v2""}",294.0,0.36054421768707484,0.8366619831393015,0.740873381638523,0.6545563333891208,0.5714521661594381,0.2229878988035697,0.1911392456260487,0.7040816326530612,0.7459855479727018,0.6859205776173285,0.5555555555555556,0.8962264150943396,0.7075471698113207,-1.5396974028261348,1.1010851498819365,0.2549089994175462
va_long_beach,switzerland,tabpfn,pooled,0,"{""device"": ""cuda"", ""n_estimators"": 4, ""version"": ""v2""}",123.0,0.9349593495934959,0.7576086956521739,0.9746904172970424,0.704815721818637,0.6126948492055007,0.24870666460339141,0.21564902942321276,0.6097560975609756,0.675,0.7419354838709677,0.971830985915493,0.6,0.3826086956521739,2.944593540932678,0.7558215952810736,0.26988723418900257
va_long_beach,cleveland,tabpfn,pooled,1,"{""device"": ""cuda"", ""n_estimators"": 8, ""version"": ""v2""}",303.0,0.45874587458745875,0.8888840147394279,0.8750909106405393,0.4699464773150347,0.46036111200789775,0.15200974613167664,0.14810273359057374,0.7854785478547854,0.7925074574486752,0.7896440129449838,0.7176470588235294,0.8776978417266187,0.841726618705036,-0.7746381700945887,1.625421907065845,0.10225684553368908
va_long_beach,hungary,tabpfn,pooled,1,"{""device"": ""cuda"", ""n_estimators"": 8, ""version"": ""v2""}",294.0,0.36054421768707484,0.8463468486551586,0.7648199218022547,0.5960688962761121,0.5328784593988773,0.199768331119692,0.17596111314869406,0.7244897959183674,0.7578281814532317,0.6966292134831461,0.577639751552795,0.8773584905660378,0.7264150943396226,-1.3374054435155909,1.0772435293283809,0.21132694377722872
va_long_beach,switzerland,tabpfn,pooled,1,"{""device"": ""cuda"", ""n_estimators"": 8, ""version"": ""v2""}",123.0,0.9349593495934959,0.7673913043478261,0.9776122506201104,0.6831539927168828,0.5887433334000339,0.23865551576861943,0.20596468885915264,0.6422764227642277,0.692391304347826,0.7684210526315789,0.9733333333333334,0.6347826086956522,0.3652173913043478,2.9404017374233473,0.787245580057077,0.26236482645451803
