outer_target,inner_validation,experiment,variant,parameter_id,seed,epoch,objective,validation_score,mean_group_risk,robust_group_risk,mean_group_brier
cleveland,hungary,v2_attention_smoke,v2,0,5062,1.0,0.7613565921783447,0.7088198505373292,0.7613565921783447,0.7929770350456238,0.28273579478263855
cleveland,hungary,v2_attention_smoke,v2,0,5062,2.0,0.719616174697876,0.6893074618437247,0.719616174697876,0.7456594705581665,0.26301419734954834
cleveland,hungary,v2_attention_smoke,v2,0,5062,3.0,0.6905382871627808,0.6818602347895003,0.6905382871627808,0.7111214399337769,0.24872860312461853
cleveland,switzerland,v2_attention_smoke,v2,0,5062,1.0,0.753265380859375,0.6422852951206295,0.753265380859375,0.7575802803039551,0.2774374485015869
cleveland,switzerland,v2_attention_smoke,v2,0,5062,2.0,0.6901640892028809,0.6396601786357603,0.6901640892028809,0.7148129940032959,0.2483898401260376
cleveland,switzerland,v2_attention_smoke,v2,0,5062,3.0,0.6673989295959473,0.6407555405876313,0.6673989295959473,0.6994941830635071,0.23729291558265686
cleveland,va_long_beach,v2_attention_smoke,v2,0,5062,1.0,0.7159177660942078,0.7189695477466245,0.7159177660942078,0.7622308731079102,0.25956374406814575
cleveland,va_long_beach,v2_attention_smoke,v2,0,5062,2.0,0.6487289667129517,0.6884152440703877,0.6487289667129517,0.6947236657142639,0.22816413640975952
cleveland,va_long_beach,v2_attention_smoke,v2,0,5062,3.0,0.625501275062561,0.6794403970476424,0.625501275062561,0.660681962966919,0.21756620705127716
cleveland,hungary,v2_deepsets_smoke,v2,0,5062,1.0,0.7129707336425781,0.7221091233802014,0.7129707336425781,0.7132670879364014,0.2596769332885742
cleveland,hungary,v2_deepsets_smoke,v2,0,5062,2.0,0.7039264440536499,0.7134621513946922,0.7039264440536499,0.7051984667778015,0.2553054094314575
cleveland,hungary,v2_deepsets_smoke,v2,0,5062,3.0,0.6966003775596619,0.7062436108400041,0.6966003775596619,0.6988617181777954,0.2517094910144806
cleveland,switzerland,v2_deepsets_smoke,v2,0,5062,1.0,0.7025560736656189,0.694041114278962,0.7025560736656189,0.703000545501709,0.25465601682662964
cleveland,switzerland,v2_deepsets_smoke,v2,0,5062,2.0,0.6960058212280273,0.6880914676707173,0.6960058212280273,0.6969255208969116,0.25142616033554077
cleveland,switzerland,v2_deepsets_smoke,v2,0,5062,3.0,0.6902742385864258,0.683044003392073,0.6902742385864258,0.6925958395004272,0.24857595562934875
cleveland,va_long_beach,v2_deepsets_smoke,v2,0,5062,1.0,0.695281982421875,0.6920033723838734,0.695281982421875,0.6959278583526611,0.251065731048584
cleveland,va_long_beach,v2_deepsets_smoke,v2,0,5062,2.0,0.6903003454208374,0.6900053922572342,0.6903003454208374,0.6919129490852356,0.24857988953590393
cleveland,va_long_beach,v2_deepsets_smoke,v2,0,5062,3.0,0.6857210993766785,0.688075234248056,0.6857210993766785,0.6879587173461914,0.2462921440601349
hungary,cleveland,v2_attention_smoke,v2,0,5062,1.0,0.7526082992553711,0.7211736461891596,0.7526082992553711,0.7546911239624023,0.27862265706062317
hungary,cleveland,v2_attention_smoke,v2,0,5062,2.0,0.7210500836372375,0.7000791515994649,0.7210500836372375,0.7226191759109497,0.2636141777038574
hungary,cleveland,v2_attention_smoke,v2,0,5062,3.0,0.6983432769775391,0.6808230469653184,0.6983432769775391,0.6996378898620605,0.25257307291030884
hungary,switzerland,v2_attention_smoke,v2,0,5062,1.0,0.6984267234802246,0.7101761741930539,0.6984267234802246,0.699733555316925,0.25259366631507874
hungary,switzerland,v2_attention_smoke,v2,0,5062,2.0,0.6772487759590149,0.7023123826371113,0.6772487759590149,0.678034782409668,0.24218761920928955
hungary,switzerland,v2_attention_smoke,v2,0,5062,3.0,0.6590562462806702,0.6962230243819959,0.6590562462806702,0.6643116474151611,0.23327016830444336
hungary,va_long_beach,v2_attention_smoke,v2,0,5062,1.0,0.868141770362854,0.8067453337370114,0.868141770362854,0.8987447023391724,0.3243425488471985
hungary,va_long_beach,v2_attention_smoke,v2,0,5062,2.0,0.7833671569824219,0.7550425197933107,0.7833671569824219,0.820831835269928,0.28971314430236816
hungary,va_long_beach,v2_attention_smoke,v2,0,5062,3.0,0.7107673287391663,0.7274162971967288,0.7107673287391663,0.7402281761169434,0.25748762488365173
hungary,cleveland,v2_deepsets_smoke,v2,0,5062,1.0,0.7043376564979553,0.7089521950875547,0.7043376564979553,0.7077399492263794,0.2555854320526123
hungary,cleveland,v2_deepsets_smoke,v2,0,5062,2.0,0.6992762088775635,0.7052665499241335,0.6992762088775635,0.7012346982955933,0.2530628442764282
hungary,cleveland,v2_deepsets_smoke,v2,0,5062,3.0,0.6952385902404785,0.7020911067195565,0.6952385902404785,0.6958257555961609,0.2510448694229126
hungary,switzerland,v2_deepsets_smoke,v2,0,5062,1.0,0.6942356824874878,0.698871122590313,0.6942356824874878,0.6966244578361511,0.25054293870925903
hungary,switzerland,v2_deepsets_smoke,v2,0,5062,2.0,0.6895432472229004,0.6973920727965854,0.6895432472229004,0.6902583837509155,0.24819855391979218
hungary,switzerland,v2_deepsets_smoke,v2,0,5062,3.0,0.6851385831832886,0.6960981104313971,0.6851385831832886,0.6862560510635376,0.24599789083003998
hungary,va_long_beach,v2_deepsets_smoke,v2,0,5062,1.0,0.7176419496536255,0.7117165508440249,0.7176419496536255,0.7185550332069397,0.261943519115448
hungary,va_long_beach,v2_deepsets_smoke,v2,0,5062,2.0,0.7097200155258179,0.7071080640539631,0.7097200155258179,0.7103863954544067,0.25814688205718994
hungary,va_long_beach,v2_deepsets_smoke,v2,0,5062,3.0,0.7028647661209106,0.7033495135278383,0.7028647661209106,0.7034806609153748,0.2548169493675232
switzerland,cleveland,v2_attention_smoke,v2,0,5062,1.0,0.7339350581169128,0.7117788361926992,0.7339350581169128,0.7463371753692627,0.26939988136291504
switzerland,cleveland,v2_attention_smoke,v2,0,5062,2.0,0.6980434060096741,0.6995934616226115,0.6980434060096741,0.6995025873184204,0.2524264454841614
switzerland,cleveland,v2_attention_smoke,v2,0,5062,3.0,0.676188051700592,0.6834498776275056,0.676188051700592,0.68595290184021,0.24177631735801697
switzerland,hungary,v2_attention_smoke,v2,0,5062,1.0,0.7259655594825745,0.7148889367941225,0.7259655594825745,0.7323989272117615,0.2662113904953003
switzerland,hungary,v2_attention_smoke,v2,0,5062,2.0,0.6925353407859802,0.7015583816007569,0.6925353407859802,0.7098277807235718,0.2497171014547348
switzerland,hungary,v2_attention_smoke,v2,0,5062,3.0,0.6764184832572937,0.6943505843701212,0.6764184832572937,0.6964365243911743,0.24169135093688965
switzerland,va_long_beach,v2_attention_smoke,v2,0,5062,1.0,0.758625864982605,0.7324221089242524,0.758625864982605,0.7627019882202148,0.2804749608039856
switzerland,va_long_beach,v2_attention_smoke,v2,0,5062,2.0,0.7037914991378784,0.7144233818265053,0.7037914991378784,0.7070723176002502,0.25520217418670654
switzerland,va_long_beach,v2_attention_smoke,v2,0,5062,3.0,0.6578995585441589,0.7071564684769294,0.6578995585441589,0.6599934101104736,0.2326735556125641
switzerland,cleveland,v2_deepsets_smoke,v2,0,5062,1.0,0.6979472637176514,0.6843109358670942,0.6979472637176514,0.7012680768966675,0.25240427255630493
switzerland,cleveland,v2_deepsets_smoke,v2,0,5062,2.0,0.6900413632392883,0.6782432453518179,0.6900413632392883,0.6947247982025146,0.24848413467407227
switzerland,cleveland,v2_deepsets_smoke,v2,0,5062,3.0,0.6838206052780151,0.6739886201233578,0.6838206052780151,0.6896726489067078,0.24537110328674316
switzerland,hungary,v2_deepsets_smoke,v2,0,5062,1.0,0.7064381241798401,0.7080886637815346,0.7064381241798401,0.7126760482788086,0.25658077001571655
switzerland,hungary,v2_deepsets_smoke,v2,0,5062,2.0,0.7014096975326538,0.7035075206552699,0.7014096975326538,0.7056702375411987,0.25410544872283936
switzerland,hungary,v2_deepsets_smoke,v2,0,5062,3.0,0.6970685720443726,0.7006923656543791,0.6970685720443726,0.6994920969009399,0.25195184350013733
switzerland,va_long_beach,v2_deepsets_smoke,v2,0,5062,1.0,0.6923248171806335,0.6923015839295843,0.6923248171806335,0.6934943199157715,0.24958887696266174
switzerland,va_long_beach,v2_deepsets_smoke,v2,0,5062,2.0,0.6883690357208252,0.6914346292455873,0.6883690357208252,0.6898680925369263,0.24761159718036652
switzerland,va_long_beach,v2_deepsets_smoke,v2,0,5062,3.0,0.6844927072525024,0.6906383912195153,0.6844927072525024,0.6862730979919434,0.2456740438938141
va_long_beach,cleveland,v2_attention_smoke,v2,0,5062,1.0,0.750796914100647,0.6896456211072801,0.750796914100647,0.7650448679924011,0.27631810307502747
va_long_beach,cleveland,v2_attention_smoke,v2,0,5062,2.0,0.6624603271484375,0.6288011267821629,0.6624603271484375,0.6976208686828613,0.23467594385147095
va_long_beach,cleveland,v2_attention_smoke,v2,0,5062,3.0,0.6003773212432861,0.6044483066939799,0.6003773212432861,0.6348134279251099,0.20602039992809296
va_long_beach,hungary,v2_attention_smoke,v2,0,5062,1.0,0.6727232933044434,0.6903743467434091,0.6727232933044434,0.6882745027542114,0.2399139404296875
va_long_beach,hungary,v2_attention_smoke,v2,0,5062,2.0,0.6503419876098633,0.6800354875301476,0.6503419876098633,0.6680563688278198,0.22909070551395416
va_long_beach,hungary,v2_attention_smoke,v2,0,5062,3.0,0.6377649307250977,0.6735057956225705,0.6377649307250977,0.6592862010002136,0.22328336536884308
va_long_beach,switzerland,v2_attention_smoke,v2,0,5062,1.0,0.6424803733825684,0.7014097578098533,0.6424803733825684,0.6681703329086304,0.2252378761768341
va_long_beach,switzerland,v2_attention_smoke,v2,0,5062,2.0,0.5907934904098511,0.6936964492568487,0.5907934904098511,0.6080166101455688,0.20075511932373047
va_long_beach,switzerland,v2_attention_smoke,v2,0,5062,3.0,0.5516274571418762,0.6948045915394113,0.5516274571418762,0.5652779340744019,0.18264387547969818
va_long_beach,cleveland,v2_deepsets_smoke,v2,0,5062,1.0,0.7077471613883972,0.7031568114200386,0.7077471613883972,0.7127331495285034,0.2572593688964844
va_long_beach,cleveland,v2_deepsets_smoke,v2,0,5062,2.0,0.6951903104782104,0.6977414055485887,0.6951903104782104,0.702412486076355,0.25102996826171875
va_long_beach,cleveland,v2_deepsets_smoke,v2,0,5062,3.0,0.6842392683029175,0.6931466376389745,0.6842392683029175,0.6935437917709351,0.24555975198745728
va_long_beach,hungary,v2_deepsets_smoke,v2,0,5062,1.0,0.7031944990158081,0.6992449097130399,0.7031944990158081,0.7080044150352478,0.25501036643981934
va_long_beach,hungary,v2_deepsets_smoke,v2,0,5062,2.0,0.6983152627944946,0.6955644106165993,0.6983152627944946,0.7035099267959595,0.25258225202560425
va_long_beach,hungary,v2_deepsets_smoke,v2,0,5062,3.0,0.6944714784622192,0.6924234596075978,0.6944714784622192,0.6999903917312622,0.25066202878952026
va_long_beach,switzerland,v2_deepsets_smoke,v2,0,5062,1.0,0.7007493376731873,0.6937859991932999,0.7007493376731873,0.7010610103607178,0.25377893447875977
va_long_beach,switzerland,v2_deepsets_smoke,v2,0,5062,2.0,0.6960549354553223,0.6911871922233369,0.6960549354553223,0.6962610483169556,0.25145018100738525
va_long_beach,switzerland,v2_deepsets_smoke,v2,0,5062,3.0,0.6921511292457581,0.6892004177433535,0.6921511292457581,0.6921961307525635,0.24950431287288666
