scenario,experiment,variant,seed,epoch,objective,validation_score,mean_group_risk,robust_group_risk,mean_group_brier
label_only,prior_separated,v2,6101,5.0,0.3482867181301117,0.39329741417332764,0.3482867181301117,0.35677194595336914,0.09636355191469193
label_only,prior_separated,v2,6101,10.0,0.22523292899131775,0.3324164613075524,0.22523292899131775,0.234007328748703,0.05684646964073181
label_only,prior_separated,v2,6101,15.0,0.1869300901889801,0.3025826554728863,0.1869300901889801,0.1922803819179535,0.0481429323554039
label_only,prior_separated,v2,6101,20.0,0.14902710914611816,0.2910656297588497,0.14902710914611816,0.15528105199337006,0.03720945492386818
label_only,prior_separated,v2,6101,25.0,0.15383222699165344,0.29179278725603447,0.15383222699165344,0.15718922019004822,0.04093240201473236
label_only,prior_separated,v2,6101,30.0,0.12405623495578766,0.3152200248735395,0.12405623495578766,0.13877715170383453,0.030430130660533905
label_only,prior_separated,v2,6101,35.0,0.12475626170635223,0.285000987643379,0.12475626170635223,0.12552115321159363,0.0313728041946888
label_only,prior_separated,v2,6101,40.0,0.1267630010843277,0.2838153352824266,0.1267630010843277,0.13242970407009125,0.03362074866890907
label_only,prior_separated,v2,6101,45.0,0.11271896958351135,0.27968812023940726,0.11271896958351135,0.11394967138767242,0.02906682901084423
label_only,prior_separated,v2,6101,50.0,0.1133509948849678,0.28218652198297556,0.1133509948849678,0.11932648718357086,0.030686361715197563
label_only,prior_separated,v2,6101,55.0,0.09548158943653107,0.2949416411810166,0.09548158943653107,0.09737008064985275,0.02443334273993969
label_only,prior_separated,v2,6101,60.0,0.09786906838417053,0.2930992917312705,0.09786906838417053,0.10963933914899826,0.026336751878261566
label_only,prior_separated,v2,6101,65.0,0.08798842132091522,0.30620755726444787,0.08798842132091522,0.09491503238677979,0.022356722503900528
label_only,prior_separated,v2,6101,70.0,0.08661610633134842,0.30913077672064077,0.08661610633134842,0.08931263536214828,0.02179105579853058
label_only,prior_separated,v2,6101,75.0,0.09551350027322769,0.31396088639149117,0.09551350027322769,0.09763607382774353,0.02527214027941227
label_only,prior_separated,v2,6101,80.0,0.08003055304288864,0.31900000968310055,0.08003055304288864,0.0865907222032547,0.02073325775563717
label_only,prior_separated,v2,6101,85.0,0.07664050161838531,0.33335460203599143,0.07664050161838531,0.0790177583694458,0.019879421219229698
label_only,structured_policy_bank,v4,6101,5.0,0.530595064163208,0.49822109329268865,0.530595064163208,0.5817751288414001,0.17368850111961365
label_only,structured_policy_bank,v4,6101,10.0,0.35966789722442627,0.3724842545007584,0.35966789722442627,0.4558456838130951,0.10615624487400055
label_only,structured_policy_bank,v4,6101,15.0,0.28173545002937317,0.3111144176574878,0.28173545002937317,0.4029688835144043,0.08175476640462875
label_only,structured_policy_bank,v4,6101,20.0,0.249529629945755,0.29833280831552045,0.249529629945755,0.3627161979675293,0.07171913981437683
label_only,structured_policy_bank,v4,6101,25.0,0.231672003865242,0.2837729659963666,0.231672003865242,0.35743075609207153,0.06640512496232986
label_only,structured_policy_bank,v4,6101,30.0,0.21362873911857605,0.2676385343677835,0.21362873911857605,0.3441433906555176,0.06083348020911217
label_only,structured_policy_bank,v4,6101,35.0,0.2115667164325714,0.2606712490522964,0.2115667164325714,0.37724432349205017,0.06036320701241493
label_only,structured_policy_bank,v4,6101,40.0,0.19453687965869904,0.26151374843692987,0.19453687965869904,0.3225265145301819,0.05496852099895477
label_only,structured_policy_bank,v4,6101,45.0,0.1915779858827591,0.2608870320786254,0.1915779858827591,0.3300583064556122,0.05403782054781914
label_only,structured_policy_bank,v4,6101,50.0,0.1976584941148758,0.25946314352260375,0.1976584941148758,0.36711323261260986,0.05666768550872803
label_only,structured_policy_bank,v4,6101,55.0,0.19427424669265747,0.2577915599788916,0.19427424669265747,0.3406218886375427,0.05616994574666023
label_only,structured_policy_bank,v4,6101,60.0,0.18590207397937775,0.2593049917151408,0.18590207397937775,0.3392602801322937,0.05334455519914627
label_only,structured_policy_bank,v4,6101,65.0,0.1774524599313736,0.25447605586795086,0.1774524599313736,0.29807722568511963,0.05063068866729736
label_only,structured_policy_bank,v4,6101,70.0,0.18081775307655334,0.2526320438995655,0.18081775307655334,0.34883445501327515,0.051900021731853485
label_only,structured_policy_bank,v4,6101,75.0,0.1768273115158081,0.2502579355707083,0.1768273115158081,0.31301015615463257,0.05088360607624054
label_only,structured_policy_bank,v4,6101,80.0,0.17511826753616333,0.2506286426200207,0.17511826753616333,0.33377689123153687,0.050689417868852615
label_only,structured_policy_bank,v4,6101,85.0,0.1769612580537796,0.2537678796304369,0.1769612580537796,0.331819623708725,0.05070210248231888
label_only,structured_policy_bank,v4,6101,90.0,0.1685015857219696,0.2513242347561303,0.1685015857219696,0.28919655084609985,0.048724256455898285
label_only,structured_policy_bank,v4,6101,95.0,0.17793457210063934,0.24787696150484184,0.17793457210063934,0.33762550354003906,0.051727112382650375
label_only,structured_policy_bank,v4,6101,100.0,0.1693589687347412,0.24915342747855132,0.1693589687347412,0.33029240369796753,0.049279458820819855
label_only,mask_only_dro,v5_mask,6101,5.0,0.5247403979301453,0.4654445751441231,0.5238385796546936,0.5256422162055969,0.16999442875385284
label_only,mask_only_dro,v5_mask,6101,10.0,0.3551918566226959,0.3318961628250978,0.35281261801719666,0.3575710952281952,0.1023675873875618
label_only,mask_only_dro,v5_mask,6101,15.0,0.2860940992832184,0.3064946479135382,0.2819511592388153,0.29023703932762146,0.0802798792719841
label_only,mask_only_dro,v5_mask,6101,20.0,0.25601303577423096,0.3019256607178738,0.25067612528800964,0.26134997606277466,0.07104228436946869
label_only,mask_only_dro,v5_mask,6101,25.0,0.23980644345283508,0.28445135163864366,0.23496749997138977,0.2446454018354416,0.06620457768440247
label_only,mask_only_dro,v5_mask,6101,30.0,0.23200643062591553,0.28046175318034927,0.2275882363319397,0.23642463982105255,0.06381221860647202
label_only,mask_only_dro,v5_mask,6101,35.0,0.22921955585479736,0.26703260661381645,0.2238200306892395,0.23461909592151642,0.06366363912820816
label_only,mask_only_dro,v5_mask,6101,40.0,0.21983367204666138,0.25595969327975965,0.21434231102466583,0.22532501816749573,0.060712747275829315
label_only,mask_only_dro,v5_mask,6101,45.0,0.21215130388736725,0.2549491978458223,0.20737603306770325,0.21692657470703125,0.05874648317694664
label_only,mask_only_dro,v5_mask,6101,50.0,0.19439449906349182,0.25361031874109513,0.18999414145946503,0.19879484176635742,0.053408827632665634
label_only,mask_only_dro,v5_mask,6101,55.0,0.19784897565841675,0.25533838213045584,0.19271458685398102,0.20298337936401367,0.05424634739756584
label_only,mask_only_dro,v5_mask,6101,60.0,0.18872308731079102,0.25193448548460906,0.18348751962184906,0.19395866990089417,0.05209294334053993
label_only,mask_only_dro,v5_mask,6101,65.0,0.19034898281097412,0.24735370946764018,0.1850888729095459,0.19560909271240234,0.05343087017536163
label_only,mask_only_dro,v5_mask,6101,70.0,0.19234812259674072,0.24531807801075386,0.1864343285560608,0.19826193153858185,0.05329238623380661
label_only,mask_only_dro,v5_mask,6101,75.0,0.17675510048866272,0.245180754604538,0.17337635159492493,0.1801338642835617,0.04914063960313797
label_only,mask_only_dro,v5_mask,6101,80.0,0.17902520298957825,0.24683619350106553,0.17370158433914185,0.18434882164001465,0.04971863701939583
label_only,mask_only_dro,v5_mask,6101,85.0,0.17917275428771973,0.24287112205991052,0.17398855090141296,0.18435697257518768,0.050013866275548935
label_only,mask_only_dro,v5_mask,6101,90.0,0.16898921132087708,0.24438996477645827,0.1649351716041565,0.17304325103759766,0.04746713861823082
label_only,mask_only_dro,v5_mask,6101,95.0,0.17560741305351257,0.24753323176579523,0.17081886529922485,0.1803959459066391,0.04931320622563362
label_only,mask_only_dro,v5_mask,6101,100.0,0.17819887399673462,0.24802526301833666,0.17192141711711884,0.1844763308763504,0.04955880716443062
label_only,prior_separated,v2,6102,5.0,0.41799771785736084,0.45814288884892157,0.41799771785736084,0.4203292727470398,0.1243334412574768
label_only,prior_separated,v2,6102,10.0,0.26572513580322266,0.37870501025888215,0.26572513580322266,0.26740407943725586,0.0698523223400116
label_only,prior_separated,v2,6102,15.0,0.2127949446439743,0.35986019548223513,0.2127949446439743,0.2199421226978302,0.057088255882263184
label_only,prior_separated,v2,6102,20.0,0.18878579139709473,0.3451614531603888,0.18878579139709473,0.18978925049304962,0.051159828901290894
label_only,prior_separated,v2,6102,25.0,0.16229118406772614,0.33243113903946886,0.16229118406772614,0.17283710837364197,0.042262207716703415
label_only,prior_separated,v2,6102,30.0,0.15856841206550598,0.32903185102395904,0.15856841206550598,0.18025201559066772,0.04242856428027153
label_only,prior_separated,v2,6102,35.0,0.12285889685153961,0.3272374040443194,0.12285889685153961,0.13412520289421082,0.030607860535383224
label_only,prior_separated,v2,6102,40.0,0.12399589270353317,0.3291559308701808,0.12399589270353317,0.130950927734375,0.030884286388754845
label_only,prior_separated,v2,6102,45.0,0.11983431875705719,0.33243009733202816,0.11983431875705719,0.1277415156364441,0.031163588166236877
label_only,prior_separated,v2,6102,50.0,0.10674957931041718,0.3255940903188716,0.10674957931041718,0.1210545003414154,0.02633243426680565
label_only,prior_separated,v2,6102,55.0,0.11067187786102295,0.32944886912015514,0.11067187786102295,0.11425044387578964,0.02734408900141716
label_only,prior_separated,v2,6102,60.0,0.10849528014659882,0.3392564570509632,0.10849528014659882,0.11406847834587097,0.02838057652115822
label_only,prior_separated,v2,6102,65.0,0.10362939536571503,0.3548123226881045,0.10362939536571503,0.1091250479221344,0.02683521807193756
label_only,prior_separated,v2,6102,70.0,0.09628845751285553,0.34455577228248996,0.09628845751285553,0.10492421686649323,0.02375049702823162
label_only,prior_separated,v2,6102,75.0,0.12788905203342438,0.35220157352747383,0.12788905203342438,0.13159963488578796,0.03474173694849014
label_only,prior_separated,v2,6102,80.0,0.10320457071065903,0.35540407290251685,0.10320457071065903,0.11940312385559082,0.02671886421740055
label_only,prior_separated,v2,6102,85.0,0.10559544712305069,0.3543627444080233,0.10559544712305069,0.10805320739746094,0.027552442625164986
label_only,prior_separated,v2,6102,90.0,0.08530710637569427,0.3510370713149017,0.08530710637569427,0.09576649963855743,0.02182464301586151
label_only,structured_policy_bank,v4,6102,5.0,0.5207223892211914,0.4944310316814724,0.5207223892211914,0.5893548727035522,0.1684233844280243
label_only,structured_policy_bank,v4,6102,10.0,0.3658093214035034,0.3917765372156179,0.3658093214035034,0.4866384267807007,0.10827556252479553
label_only,structured_policy_bank,v4,6102,15.0,0.28713640570640564,0.3353633903652397,0.28713640570640564,0.4300461411476135,0.0814761072397232
label_only,structured_policy_bank,v4,6102,20.0,0.25267788767814636,0.2945091567800539,0.25267788767814636,0.38818299770355225,0.07067511230707169
label_only,structured_policy_bank,v4,6102,25.0,0.23767028748989105,0.2868995353960062,0.23767028748989105,0.42612022161483765,0.06736047565937042
label_only,structured_policy_bank,v4,6102,30.0,0.2269698828458786,0.2880678663051173,0.2269698828458786,0.3929786682128906,0.06422004103660583
label_only,structured_policy_bank,v4,6102,35.0,0.2242385298013687,0.28158343270977043,0.2242385298013687,0.36952829360961914,0.06404351443052292
label_only,structured_policy_bank,v4,6102,40.0,0.2076498419046402,0.27412207478081996,0.2076498419046402,0.35036522150039673,0.05841371789574623
label_only,structured_policy_bank,v4,6102,45.0,0.206416055560112,0.27518498015693216,0.206416055560112,0.33078932762145996,0.05846041440963745
label_only,structured_policy_bank,v4,6102,50.0,0.20621544122695923,0.2744296528065104,0.20621544122695923,0.35697072744369507,0.0587458610534668
label_only,structured_policy_bank,v4,6102,55.0,0.19449657201766968,0.27167657483238833,0.19449657201766968,0.31754761934280396,0.055399663746356964
label_only,structured_policy_bank,v4,6102,60.0,0.19779962301254272,0.26901447984508253,0.19779962301254272,0.32981765270233154,0.0573742650449276
label_only,structured_policy_bank,v4,6102,65.0,0.1977453976869583,0.26498847662915426,0.1977453976869583,0.34066563844680786,0.05752537027001381
label_only,structured_policy_bank,v4,6102,70.0,0.19243891537189484,0.26873038054466325,0.19243891537189484,0.38288992643356323,0.055565398186445236
label_only,structured_policy_bank,v4,6102,75.0,0.18576888740062714,0.26637158198400607,0.18576888740062714,0.31896349787712097,0.053514618426561356
label_only,structured_policy_bank,v4,6102,80.0,0.18400390446186066,0.26781281726474254,0.18400390446186066,0.30766966938972473,0.05322769656777382
label_only,structured_policy_bank,v4,6102,85.0,0.18454544246196747,0.26273888207632046,0.18454544246196747,0.3335888981819153,0.0537777803838253
label_only,structured_policy_bank,v4,6102,90.0,0.18805183470249176,0.26421333201011804,0.18805183470249176,0.3115191161632538,0.05502103641629219
label_only,structured_policy_bank,v4,6102,95.0,0.1809215247631073,0.25995565756867783,0.1809215247631073,0.3082248568534851,0.053325049579143524
label_only,structured_policy_bank,v4,6102,100.0,0.17286348342895508,0.2620910712215181,0.17286348342895508,0.2970566153526306,0.050762008875608444
label_only,mask_only_dro,v5_mask,6102,5.0,0.49559909105300903,0.45272148124042966,0.4943602383136749,0.49683791399002075,0.15715911984443665
label_only,mask_only_dro,v5_mask,6102,10.0,0.3286861181259155,0.3414079732122294,0.32457202672958374,0.3328002095222473,0.09488090127706528
label_only,mask_only_dro,v5_mask,6102,15.0,0.277470201253891,0.3074343538217016,0.2717934846878052,0.2831469178199768,0.07908722013235092
label_only,mask_only_dro,v5_mask,6102,20.0,0.2561482787132263,0.2962417600521231,0.25003188848495483,0.2622646391391754,0.07270143926143646
label_only,mask_only_dro,v5_mask,6102,25.0,0.2461261749267578,0.2794122550321432,0.24140432476997375,0.25084802508354187,0.07024703174829483
label_only,mask_only_dro,v5_mask,6102,30.0,0.22474610805511475,0.2653331651658358,0.21956686675548553,0.22992534935474396,0.06315246224403381
label_only,mask_only_dro,v5_mask,6102,35.0,0.2188761681318283,0.25766078478959914,0.21387642621994019,0.22387591004371643,0.061992302536964417
label_only,mask_only_dro,v5_mask,6102,40.0,0.21448372304439545,0.25650501325857705,0.2109421342611313,0.2180253118276596,0.061023686081171036
label_only,mask_only_dro,v5_mask,6102,45.0,0.2104792445898056,0.25686201826076693,0.205111563205719,0.2158469259738922,0.059433963149785995
label_only,mask_only_dro,v5_mask,6102,50.0,0.20467033982276917,0.2547228961473086,0.19986531138420105,0.20947538316249847,0.05798404663801193
label_only,mask_only_dro,v5_mask,6102,55.0,0.20498865842819214,0.25307288204866285,0.1997123658657074,0.21026496589183807,0.05806243419647217
label_only,mask_only_dro,v5_mask,6102,60.0,0.20193204283714294,0.2509085799847851,0.19751088321208954,0.20635318756103516,0.05787290632724762
label_only,mask_only_dro,v5_mask,6102,65.0,0.1910017728805542,0.24774556021498598,0.18719197809696198,0.19481158256530762,0.05450538173317909
label_only,mask_only_dro,v5_mask,6102,70.0,0.1942099928855896,0.2478619264180898,0.18882955610752106,0.19959044456481934,0.05566675215959549
label_only,mask_only_dro,v5_mask,6102,75.0,0.19314488768577576,0.2476207226476054,0.18882355093955994,0.19746623933315277,0.05564242601394653
label_only,mask_only_dro,v5_mask,6102,80.0,0.19412310421466827,0.24819527993693835,0.18930254876613617,0.19894365966320038,0.056114885956048965
label_only,mask_only_dro,v5_mask,6102,85.0,0.19546464085578918,0.24599747399780092,0.18961812555789948,0.2013111561536789,0.056190185248851776
label_only,mask_only_dro,v5_mask,6102,90.0,0.1883845180273056,0.24690181713688278,0.1841348260641098,0.1926342099905014,0.05441373586654663
label_only,mask_only_dro,v5_mask,6102,95.0,0.19023583829402924,0.2491329487125603,0.18550536036491394,0.19496631622314453,0.05498578026890755
label_only,mask_only_dro,v5_mask,6102,100.0,0.18670256435871124,0.2437355627335121,0.1820935755968094,0.1913115531206131,0.05449235066771507
label_only,prior_separated,v2,6103,5.0,0.4959845542907715,0.4865793367213985,0.4959845542907715,0.507986307144165,0.15816184878349304
label_only,prior_separated,v2,6103,10.0,0.2962997257709503,0.347072094858196,0.2962997257709503,0.30069905519485474,0.08230602741241455
label_only,prior_separated,v2,6103,15.0,0.21017688512802124,0.3033998648763284,0.21017688512802124,0.21357916295528412,0.056669726967811584
label_only,prior_separated,v2,6103,20.0,0.1903977394104004,0.3027201426487786,0.1903977394104004,0.19373515248298645,0.05209541320800781
label_only,prior_separated,v2,6103,25.0,0.15492205321788788,0.2971509387288336,0.15492205321788788,0.18247592449188232,0.03998739644885063
label_only,prior_separated,v2,6103,30.0,0.13829194009304047,0.3171791564440672,0.13829194009304047,0.14931726455688477,0.0361897237598896
label_only,prior_separated,v2,6103,35.0,0.1200731098651886,0.3221847186604763,0.1200731098651886,0.1436021775007248,0.03049010969698429
label_only,prior_separated,v2,6103,40.0,0.12570704519748688,0.3238094744370396,0.12570704519748688,0.1530779004096985,0.033313628286123276
label_only,prior_separated,v2,6103,45.0,0.12011763453483582,0.31667927951719427,0.12011763453483582,0.13626529276371002,0.03098815120756626
label_only,prior_separated,v2,6103,50.0,0.10361693799495697,0.3393662163617637,0.10361693799495697,0.1278376579284668,0.025777051225304604
label_only,prior_separated,v2,6103,55.0,0.11186178773641586,0.3475760914912793,0.11186178773641586,0.13895145058631897,0.029537491500377655
label_only,prior_separated,v2,6103,60.0,0.10671420395374298,0.32532444953490414,0.10671420395374298,0.1337343156337738,0.02823413535952568
label_only,prior_separated,v2,6103,65.0,0.09512512385845184,0.33028707751927155,0.09512512385845184,0.10907820612192154,0.024345383048057556
label_only,structured_policy_bank,v4,6103,5.0,0.49684688448905945,0.47577246236340276,0.49684688448905945,0.5482766032218933,0.16098608076572418
label_only,structured_policy_bank,v4,6103,10.0,0.3510819375514984,0.35429019467438977,0.3510819375514984,0.4333796799182892,0.10601426661014557
label_only,structured_policy_bank,v4,6103,15.0,0.2878507673740387,0.32458856284674986,0.2878507673740387,0.41187584400177,0.08518731594085693
label_only,structured_policy_bank,v4,6103,20.0,0.24922429025173187,0.3001541197382795,0.24922429025173187,0.37206628918647766,0.07249588519334793
label_only,structured_policy_bank,v4,6103,25.0,0.22865349054336548,0.2958087602943622,0.22865349054336548,0.33509159088134766,0.06576912850141525
label_only,structured_policy_bank,v4,6103,30.0,0.21420039236545563,0.29780005627111333,0.21420039236545563,0.3418087065219879,0.061561305075883865
label_only,structured_policy_bank,v4,6103,35.0,0.2179718315601349,0.30050810562237423,0.2179718315601349,0.42631399631500244,0.06351206451654434
label_only,structured_policy_bank,v4,6103,40.0,0.2072688788175583,0.29866194298586046,0.2072688788175583,0.36487847566604614,0.06068187206983566
label_only,structured_policy_bank,v4,6103,45.0,0.19972297549247742,0.28995005022725284,0.19972297549247742,0.36340397596359253,0.05763087049126625
label_only,structured_policy_bank,v4,6103,50.0,0.19727849960327148,0.2839913878164533,0.19727849960327148,0.3458227515220642,0.05746454745531082
label_only,structured_policy_bank,v4,6103,55.0,0.19257187843322754,0.2838708861913904,0.19257187843322754,0.3225780725479126,0.05596890673041344
label_only,structured_policy_bank,v4,6103,60.0,0.1913214474916458,0.28602952362259604,0.1913214474916458,0.40075069665908813,0.055595118552446365
label_only,structured_policy_bank,v4,6103,65.0,0.18609462678432465,0.28511707481437687,0.18609462678432465,0.346017062664032,0.05433165654540062
label_only,structured_policy_bank,v4,6103,70.0,0.18325765430927277,0.28511215493430697,0.18325765430927277,0.3266103267669678,0.05360151454806328
label_only,structured_policy_bank,v4,6103,75.0,0.1814809888601303,0.2853889726895659,0.1814809888601303,0.30508437752723694,0.053217336535453796
label_only,structured_policy_bank,v4,6103,80.0,0.1777825653553009,0.2863298664650259,0.1777825653553009,0.3426033556461334,0.05201077461242676
label_only,structured_policy_bank,v4,6103,85.0,0.18505872786045074,0.2841637537147126,0.18505872786045074,0.3792419135570526,0.0543319396674633
label_only,structured_policy_bank,v4,6103,90.0,0.17709796130657196,0.2844890687721649,0.17709796130657196,0.33817851543426514,0.05136082321405411
label_only,structured_policy_bank,v4,6103,95.0,0.166472390294075,0.2831326495130787,0.166472390294075,0.30281561613082886,0.04870394244790077
label_only,structured_policy_bank,v4,6103,100.0,0.1716008335351944,0.28535498510826174,0.1716008335351944,0.3186122477054596,0.04998989775776863
label_only,mask_only_dro,v5_mask,6103,5.0,0.511557936668396,0.4801853947071658,0.510199785232544,0.5129160284996033,0.16598685085773468
label_only,mask_only_dro,v5_mask,6103,10.0,0.38767385482788086,0.3881646796730569,0.3842010498046875,0.3911466598510742,0.11709512770175934
label_only,mask_only_dro,v5_mask,6103,15.0,0.32748958468437195,0.3461182652594824,0.3231159448623657,0.3318632245063782,0.0959528461098671
label_only,mask_only_dro,v5_mask,6103,20.0,0.2857762277126312,0.29982640148798567,0.2796778380870819,0.29187461733818054,0.08103707432746887
label_only,mask_only_dro,v5_mask,6103,25.0,0.2548924684524536,0.2714206406051542,0.25015750527381897,0.25962743163108826,0.07167074829339981
label_only,mask_only_dro,v5_mask,6103,30.0,0.23723329603672028,0.2601070033080521,0.23263327777385712,0.24183331429958344,0.06630978733301163
label_only,mask_only_dro,v5_mask,6103,35.0,0.23870529234409332,0.2543016087157718,0.23257462680339813,0.2448359578847885,0.0675240084528923
label_only,mask_only_dro,v5_mask,6103,40.0,0.21872466802597046,0.2576699024533454,0.2141980081796646,0.2232513427734375,0.06148513779044151
label_only,mask_only_dro,v5_mask,6103,45.0,0.2122693657875061,0.2522392057389411,0.20711874961853027,0.21741996705532074,0.05942242220044136
label_only,mask_only_dro,v5_mask,6103,50.0,0.20475493371486664,0.24487487078936138,0.19957171380519867,0.2099381536245346,0.05767510458827019
label_only,mask_only_dro,v5_mask,6103,55.0,0.20351144671440125,0.2412628141020562,0.19957824051380157,0.2074446678161621,0.057755112648010254
label_only,mask_only_dro,v5_mask,6103,60.0,0.1892000436782837,0.2429561481012772,0.18438537418842316,0.19401469826698303,0.052657920867204666
label_only,mask_only_dro,v5_mask,6103,65.0,0.19660980999469757,0.2405225372307519,0.1910666972398758,0.20215292274951935,0.05535148084163666
label_only,mask_only_dro,v5_mask,6103,70.0,0.18971075117588043,0.24181395072496054,0.18371541798114777,0.1957060843706131,0.05301431939005852
label_only,mask_only_dro,v5_mask,6103,75.0,0.1886923909187317,0.24097117583927274,0.18358556926250458,0.1937992125749588,0.05389334633946419
label_only,mask_only_dro,v5_mask,6103,80.0,0.17947083711624146,0.23642567629837102,0.17555856704711914,0.18338309228420258,0.05141675844788551
label_only,mask_only_dro,v5_mask,6103,85.0,0.18293458223342896,0.23953507999681273,0.17763999104499817,0.18822918832302094,0.05218726024031639
label_only,mask_only_dro,v5_mask,6103,90.0,0.18045401573181152,0.24275862156169697,0.17520952224731445,0.1856985092163086,0.051169272512197495
label_only,mask_only_dro,v5_mask,6103,95.0,0.18056917190551758,0.24131000121323373,0.17474232614040375,0.1863960325717926,0.05130669102072716
label_only,mask_only_dro,v5_mask,6103,100.0,0.17498746514320374,0.24948515901997542,0.16954676806926727,0.1804281771183014,0.04909249395132065
mar_policy_shift,prior_separated,v2,6101,5.0,0.5477540493011475,0.5389840402567427,0.5477540493011475,0.5515961647033691,0.18006077408790588
mar_policy_shift,prior_separated,v2,6101,10.0,0.31743213534355164,0.414520068201254,0.31743213534355164,0.3270954489707947,0.08304004371166229
mar_policy_shift,prior_separated,v2,6101,15.0,0.2185218334197998,0.3650577852757433,0.2185218334197998,0.22621384263038635,0.05324466899037361
mar_policy_shift,prior_separated,v2,6101,20.0,0.15080711245536804,0.3640873614987321,0.15080711245536804,0.15588951110839844,0.03179095312952995
mar_policy_shift,prior_separated,v2,6101,25.0,0.1286097913980484,0.3615426485802108,0.1286097913980484,0.1438145935535431,0.027765881270170212
mar_policy_shift,prior_separated,v2,6101,30.0,0.10943532735109329,0.3679352735645508,0.10943532735109329,0.11877837777137756,0.02250497415661812
mar_policy_shift,prior_separated,v2,6101,35.0,0.1139959916472435,0.36957671571189327,0.1139959916472435,0.118104949593544,0.025136806070804596
mar_policy_shift,prior_separated,v2,6101,40.0,0.09960564970970154,0.3670898789555778,0.09960564970970154,0.11837952584028244,0.020934203639626503
mar_policy_shift,prior_separated,v2,6101,45.0,0.10680686682462692,0.36881462675909904,0.10680686682462692,0.11652590334415436,0.024989189580082893
mar_policy_shift,prior_separated,v2,6101,50.0,0.0937487781047821,0.3586638891721392,0.0937487781047821,0.10737229883670807,0.020799551159143448
mar_policy_shift,prior_separated,v2,6101,55.0,0.08095568418502808,0.35774827578028523,0.08095568418502808,0.09493512660264969,0.01672009378671646
mar_policy_shift,prior_separated,v2,6101,60.0,0.08246860653162003,0.35788890888282,0.08246860653162003,0.08407070487737656,0.01806498132646084
mar_policy_shift,prior_separated,v2,6101,65.0,0.08224944770336151,0.3586184650212553,0.08224944770336151,0.09302428364753723,0.018750661984086037
mar_policy_shift,prior_separated,v2,6101,70.0,0.08496009558439255,0.35790356882346863,0.08496009558439255,0.097967728972435,0.019638609141111374
mar_policy_shift,prior_separated,v2,6101,75.0,0.07541407644748688,0.3576566322425869,0.07541407644748688,0.07773196697235107,0.01688777469098568
mar_policy_shift,prior_separated,v2,6101,80.0,0.07478132843971252,0.35283163013926905,0.07478132843971252,0.07755718380212784,0.017554696649312973
mar_policy_shift,prior_separated,v2,6101,85.0,0.05423847213387489,0.3516117253957429,0.05423847213387489,0.06052394583821297,0.010863244533538818
mar_policy_shift,prior_separated,v2,6101,90.0,0.06569011509418488,0.35407596053595847,0.06569011509418488,0.07368774712085724,0.015058958902955055
mar_policy_shift,prior_separated,v2,6101,95.0,0.0628361776471138,0.36198776940917377,0.0628361776471138,0.06822820007801056,0.014432195574045181
mar_policy_shift,prior_separated,v2,6101,100.0,0.051751695573329926,0.3680919118106608,0.051751695573329926,0.052468039095401764,0.010632716119289398
mar_policy_shift,structured_policy_bank,v4,6101,5.0,0.4617370069026947,0.44638728591519317,0.4617370069026947,0.5492366552352905,0.14279963076114655
mar_policy_shift,structured_policy_bank,v4,6101,10.0,0.3016231954097748,0.35117380908625784,0.3016231954097748,0.4263187646865845,0.08260103315114975
mar_policy_shift,structured_policy_bank,v4,6101,15.0,0.24747247993946075,0.3331773987055377,0.24747247993946075,0.3790915012359619,0.06711182743310928
mar_policy_shift,structured_policy_bank,v4,6101,20.0,0.21434609591960907,0.31327396232831106,0.21434609591960907,0.3647926449775696,0.05735312029719353
mar_policy_shift,structured_policy_bank,v4,6101,25.0,0.20435293018817902,0.2938050290211512,0.20435293018817902,0.3673909902572632,0.055634431540966034
mar_policy_shift,structured_policy_bank,v4,6101,30.0,0.19203747808933258,0.28675554403964065,0.19203747808933258,0.3495866358280182,0.05183396488428116
mar_policy_shift,structured_policy_bank,v4,6101,35.0,0.16470377147197723,0.2833233971441532,0.16470377147197723,0.30241164565086365,0.043701283633708954
mar_policy_shift,structured_policy_bank,v4,6101,40.0,0.16878439486026764,0.2820337371109509,0.16878439486026764,0.3115595579147339,0.04548712819814682
mar_policy_shift,structured_policy_bank,v4,6101,45.0,0.1589997410774231,0.27572320683416884,0.1589997410774231,0.2991420030593872,0.04264767840504646
mar_policy_shift,structured_policy_bank,v4,6101,50.0,0.15615487098693848,0.26788836322924725,0.15615487098693848,0.30203306674957275,0.04192235693335533
mar_policy_shift,structured_policy_bank,v4,6101,55.0,0.15223415195941925,0.26533772274048345,0.15223415195941925,0.3327938914299011,0.0411219485104084
mar_policy_shift,structured_policy_bank,v4,6101,60.0,0.14050227403640747,0.26784068325563504,0.14050227403640747,0.24395406246185303,0.03742546588182449
mar_policy_shift,structured_policy_bank,v4,6101,65.0,0.13987061381340027,0.2673665453687744,0.13987061381340027,0.27075672149658203,0.03782222792506218
mar_policy_shift,structured_policy_bank,v4,6101,70.0,0.1409410983324051,0.26152912647680254,0.1409410983324051,0.289841890335083,0.03873978182673454
mar_policy_shift,structured_policy_bank,v4,6101,75.0,0.1394176483154297,0.26045147087705006,0.1394176483154297,0.26697206497192383,0.03805225342512131
mar_policy_shift,structured_policy_bank,v4,6101,80.0,0.14166805148124695,0.2620063117258732,0.14166805148124695,0.3084387183189392,0.03939713537693024
mar_policy_shift,structured_policy_bank,v4,6101,85.0,0.1436024308204651,0.2612443133366169,0.1436024308204651,0.2970796823501587,0.04016854614019394
mar_policy_shift,structured_policy_bank,v4,6101,90.0,0.1405619978904724,0.2580054721802624,0.1405619978904724,0.3138536810874939,0.03926301747560501
mar_policy_shift,structured_policy_bank,v4,6101,95.0,0.1368696391582489,0.26095490806564925,0.1368696391582489,0.29741305112838745,0.03852495923638344
mar_policy_shift,structured_policy_bank,v4,6101,100.0,0.12672419846057892,0.26215407225044296,0.12672419846057892,0.26165616512298584,0.03523917868733406
mar_policy_shift,mask_only_dro,v5_mask,6101,5.0,0.4624263644218445,0.45884927317505214,0.46074262261390686,0.4641101062297821,0.14270837604999542
mar_policy_shift,mask_only_dro,v5_mask,6101,10.0,0.2935524582862854,0.34358077442866153,0.28967371582984924,0.29743120074272156,0.07953149825334549
mar_policy_shift,mask_only_dro,v5_mask,6101,15.0,0.2298750877380371,0.3141251730726492,0.22466535866260529,0.23508481681346893,0.0615503266453743
mar_policy_shift,mask_only_dro,v5_mask,6101,20.0,0.2022426724433899,0.3082128453054963,0.19719111919403076,0.20729422569274902,0.0539700910449028
mar_policy_shift,mask_only_dro,v5_mask,6101,25.0,0.19504573941230774,0.3022143031192014,0.1884579360485077,0.20163355767726898,0.051441047340631485
mar_policy_shift,mask_only_dro,v5_mask,6101,30.0,0.17945806682109833,0.2992624190680634,0.17336373031139374,0.18555240333080292,0.047110699117183685
mar_policy_shift,mask_only_dro,v5_mask,6101,35.0,0.1769372522830963,0.29820575708946606,0.17110766470432281,0.18276682496070862,0.046700358390808105
mar_policy_shift,mask_only_dro,v5_mask,6101,40.0,0.1709698736667633,0.2930086497670781,0.16581270098686218,0.17612706124782562,0.04520968720316887
mar_policy_shift,mask_only_dro,v5_mask,6101,45.0,0.16093173623085022,0.28588116442169603,0.15589658915996552,0.16596689820289612,0.042514584958553314
mar_policy_shift,mask_only_dro,v5_mask,6101,50.0,0.15366679430007935,0.2831935861530277,0.1481831669807434,0.1591504067182541,0.03991801664233208
mar_policy_shift,mask_only_dro,v5_mask,6101,55.0,0.15886647999286652,0.28119311907672595,0.15246577560901642,0.1652671843767166,0.04194388911128044
mar_policy_shift,mask_only_dro,v5_mask,6101,60.0,0.1486661285161972,0.280409679819025,0.14378926157951355,0.15354299545288086,0.039239466190338135
mar_policy_shift,mask_only_dro,v5_mask,6101,65.0,0.16105534136295319,0.28082145115352486,0.15477851033210754,0.16733217239379883,0.04384392872452736
mar_policy_shift,mask_only_dro,v5_mask,6101,70.0,0.14640569686889648,0.27716346640166306,0.14101606607437134,0.15179534256458282,0.03899576887488365
mar_policy_shift,mask_only_dro,v5_mask,6101,75.0,0.14634734392166138,0.2779056481192218,0.14177043735980988,0.15092425048351288,0.039437469094991684
mar_policy_shift,mask_only_dro,v5_mask,6101,80.0,0.14597003161907196,0.27718627351244784,0.1407419592142105,0.1511981040239334,0.039252955466508865
mar_policy_shift,mask_only_dro,v5_mask,6101,85.0,0.13396501541137695,0.27610810984516987,0.1287294328212738,0.1392005980014801,0.03528999537229538
mar_policy_shift,mask_only_dro,v5_mask,6101,90.0,0.14169275760650635,0.2775022741946318,0.13609442114830017,0.14729109406471252,0.038483068346977234
mar_policy_shift,mask_only_dro,v5_mask,6101,95.0,0.1308588832616806,0.2750415475383015,0.1267573982477188,0.1349603682756424,0.03499641641974449
mar_policy_shift,mask_only_dro,v5_mask,6101,100.0,0.1315678060054779,0.27383083122869956,0.127322256565094,0.13581334054470062,0.034983642399311066
mar_policy_shift,prior_separated,v2,6102,5.0,0.41478973627090454,0.5079138080980308,0.41478973627090454,0.4194219410419464,0.12306563556194305
mar_policy_shift,prior_separated,v2,6102,10.0,0.22275139391422272,0.4210667557090344,0.22275139391422272,0.24286019802093506,0.0551551878452301
mar_policy_shift,prior_separated,v2,6102,15.0,0.17504273355007172,0.3604347409252726,0.17504273355007172,0.18826346099376678,0.044980332255363464
mar_policy_shift,prior_separated,v2,6102,20.0,0.13039226830005646,0.37138020487889556,0.13039226830005646,0.1517857164144516,0.03044513240456581
mar_policy_shift,prior_separated,v2,6102,25.0,0.10795295983552933,0.3974493083276185,0.10795295983552933,0.1232919842004776,0.024522727355360985
mar_policy_shift,prior_separated,v2,6102,30.0,0.1223350539803505,0.38132638639271976,0.1223350539803505,0.12799260020256042,0.029309986159205437
mar_policy_shift,prior_separated,v2,6102,35.0,0.09304545819759369,0.38320983606265974,0.09304545819759369,0.11634577810764313,0.020848555490374565
mar_policy_shift,prior_separated,v2,6102,40.0,0.09487180411815643,0.39881953510035373,0.09487180411815643,0.1029975414276123,0.02308393269777298
mar_policy_shift,prior_separated,v2,6102,45.0,0.08650318533182144,0.3828538875521431,0.08650318533182144,0.09897853434085846,0.020666174590587616
mar_policy_shift,prior_separated,v2,6102,50.0,0.08363235741853714,0.37641813625549914,0.08363235741853714,0.09501999616622925,0.0203643050044775
mar_policy_shift,prior_separated,v2,6102,55.0,0.08179618418216705,0.40129027913280346,0.08179618418216705,0.09480707347393036,0.020267056301236153
mar_policy_shift,structured_policy_bank,v4,6102,5.0,0.4604027569293976,0.4753189191755067,0.4604027569293976,0.550329327583313,0.1415734887123108
mar_policy_shift,structured_policy_bank,v4,6102,10.0,0.3043282926082611,0.3460980839758491,0.3043282926082611,0.4258846044540405,0.08275843411684036
mar_policy_shift,structured_policy_bank,v4,6102,15.0,0.23989100754261017,0.2940013593171899,0.23989100754261017,0.34229493141174316,0.06359895318746567
mar_policy_shift,structured_policy_bank,v4,6102,20.0,0.22493858635425568,0.2855904032868259,0.22493858635425568,0.37087273597717285,0.06060836836695671
mar_policy_shift,structured_policy_bank,v4,6102,25.0,0.19926536083221436,0.27321174863981057,0.19926536083221436,0.3387526869773865,0.05287100374698639
mar_policy_shift,structured_policy_bank,v4,6102,30.0,0.18383193016052246,0.2722026244751398,0.18383193016052246,0.31740981340408325,0.04810076951980591
mar_policy_shift,structured_policy_bank,v4,6102,35.0,0.1808682531118393,0.27241017853129296,0.1808682531118393,0.3105596601963043,0.04851736128330231
mar_policy_shift,structured_policy_bank,v4,6102,40.0,0.17406824231147766,0.2651698462336995,0.17406824231147766,0.3157861828804016,0.04621618986129761
mar_policy_shift,structured_policy_bank,v4,6102,45.0,0.16474975645542145,0.2614083836372878,0.16474975645542145,0.2845207452774048,0.04353310540318489
mar_policy_shift,structured_policy_bank,v4,6102,50.0,0.16636019945144653,0.2614013925077029,0.16636019945144653,0.29627832770347595,0.04514492303133011
mar_policy_shift,structured_policy_bank,v4,6102,55.0,0.15788725018501282,0.25977424216721157,0.15788725018501282,0.25320449471473694,0.04232490807771683
mar_policy_shift,structured_policy_bank,v4,6102,60.0,0.15298481285572052,0.256502087481597,0.15298481285572052,0.2552286386489868,0.0411355085670948
mar_policy_shift,structured_policy_bank,v4,6102,65.0,0.1553439050912857,0.25929295407624736,0.1553439050912857,0.3120516538619995,0.04224216565489769
mar_policy_shift,structured_policy_bank,v4,6102,70.0,0.15239422023296356,0.2535486379850219,0.15239422023296356,0.26915237307548523,0.04163958132266998
mar_policy_shift,structured_policy_bank,v4,6102,75.0,0.1471436768770218,0.2546212676577087,0.1471436768770218,0.2627745568752289,0.03994183987379074
mar_policy_shift,structured_policy_bank,v4,6102,80.0,0.14466948807239532,0.2564017032897551,0.14466948807239532,0.24515998363494873,0.03981601074337959
mar_policy_shift,structured_policy_bank,v4,6102,85.0,0.14117605984210968,0.25951484640101713,0.14117605984210968,0.2673743963241577,0.03901994973421097
mar_policy_shift,structured_policy_bank,v4,6102,90.0,0.13960427045822144,0.2553545020145043,0.13960427045822144,0.28246253728866577,0.03834417834877968
mar_policy_shift,structured_policy_bank,v4,6102,95.0,0.14508114755153656,0.2578568911868674,0.14508114755153656,0.2693391442298889,0.040762271732091904
mar_policy_shift,structured_policy_bank,v4,6102,100.0,0.1335805356502533,0.2578361414203529,0.1335805356502533,0.2476554661989212,0.03690808266401291
mar_policy_shift,mask_only_dro,v5_mask,6102,5.0,0.4934210777282715,0.481183702872383,0.4923131763935089,0.49452897906303406,0.15723684430122375
mar_policy_shift,mask_only_dro,v5_mask,6102,10.0,0.32496368885040283,0.37120029582112635,0.3210303485393524,0.32889705896377563,0.09068950265645981
mar_policy_shift,mask_only_dro,v5_mask,6102,15.0,0.25731879472732544,0.3212069877441661,0.25253602862358093,0.26210156083106995,0.07006887346506119
mar_policy_shift,mask_only_dro,v5_mask,6102,20.0,0.2237657606601715,0.31158292547462013,0.2185947597026825,0.22893677651882172,0.06023895740509033
mar_policy_shift,mask_only_dro,v5_mask,6102,25.0,0.19705185294151306,0.2982367510785011,0.19227461516857147,0.20182910561561584,0.05218735337257385
mar_policy_shift,mask_only_dro,v5_mask,6102,30.0,0.19212761521339417,0.28392292532534835,0.18682663142681122,0.1974286139011383,0.051012974232435226
mar_policy_shift,mask_only_dro,v5_mask,6102,35.0,0.18893617391586304,0.2768965429780875,0.18321020901203156,0.19466213881969452,0.05087615177035332
mar_policy_shift,mask_only_dro,v5_mask,6102,40.0,0.18100351095199585,0.2717266622021358,0.17510144412517548,0.18690557777881622,0.04801377281546593
mar_policy_shift,mask_only_dro,v5_mask,6102,45.0,0.17526806890964508,0.27166853323061735,0.17103998363018036,0.1794961541891098,0.04731754586100578
mar_policy_shift,mask_only_dro,v5_mask,6102,50.0,0.1636054515838623,0.26900510212827156,0.15916819870471954,0.16804270446300507,0.04390972852706909
mar_policy_shift,mask_only_dro,v5_mask,6102,55.0,0.16573144495487213,0.26419978077939227,0.1611962616443634,0.17026662826538086,0.04448745772242546
mar_policy_shift,mask_only_dro,v5_mask,6102,60.0,0.15987086296081543,0.2639029197872548,0.15499630570411682,0.16474543511867523,0.04257141426205635
mar_policy_shift,mask_only_dro,v5_mask,6102,65.0,0.15582336485385895,0.2651904260778651,0.15226256847381592,0.15938416123390198,0.042076025158166885
mar_policy_shift,mask_only_dro,v5_mask,6102,70.0,0.1531156599521637,0.2588359691114591,0.14875714480876923,0.15747418999671936,0.04178380221128464
mar_policy_shift,mask_only_dro,v5_mask,6102,75.0,0.15644529461860657,0.25771211265296684,0.15097253024578094,0.16191807389259338,0.04336986318230629
mar_policy_shift,mask_only_dro,v5_mask,6102,80.0,0.14834818243980408,0.2552319787850226,0.14461153745651245,0.1520848274230957,0.040139246731996536
mar_policy_shift,mask_only_dro,v5_mask,6102,85.0,0.15275034308433533,0.2556267463564994,0.14813902974128723,0.15736165642738342,0.04199783876538277
mar_policy_shift,mask_only_dro,v5_mask,6102,90.0,0.15467551350593567,0.250452936884783,0.14986969530582428,0.15948133170604706,0.04311559721827507
mar_policy_shift,mask_only_dro,v5_mask,6102,95.0,0.15459810197353363,0.2515785343123128,0.14936715364456177,0.1598290503025055,0.04216603562235832
mar_policy_shift,mask_only_dro,v5_mask,6102,100.0,0.14214175939559937,0.25569430088566997,0.13720345497131348,0.14708004891872406,0.03889261186122894
mar_policy_shift,prior_separated,v2,6103,5.0,0.4149877429008484,0.5291613412608019,0.4149877429008484,0.43688562512397766,0.12199955433607101
mar_policy_shift,prior_separated,v2,6103,10.0,0.25130873918533325,0.3907063399043903,0.25130873918533325,0.26133084297180176,0.06167314201593399
mar_policy_shift,prior_separated,v2,6103,15.0,0.16788142919540405,0.3566041524466832,0.16788142919540405,0.17469197511672974,0.03586883842945099
mar_policy_shift,prior_separated,v2,6103,20.0,0.13865873217582703,0.3472421103773483,0.13865873217582703,0.14304065704345703,0.029223669320344925
mar_policy_shift,prior_separated,v2,6103,25.0,0.11135207116603851,0.3488106611342958,0.11135207116603851,0.1268337070941925,0.02174326777458191
mar_policy_shift,prior_separated,v2,6103,30.0,0.11087401956319809,0.34677203024430725,0.11087401956319809,0.12424352765083313,0.02400125190615654
mar_policy_shift,prior_separated,v2,6103,35.0,0.10386452078819275,0.34614552364362666,0.10386452078819275,0.12228255718946457,0.022727087140083313
mar_policy_shift,prior_separated,v2,6103,40.0,0.07838451862335205,0.35518080058269,0.07838451862335205,0.09825335443019867,0.01488401647657156
mar_policy_shift,prior_separated,v2,6103,45.0,0.07983829081058502,0.3543579938961108,0.07983829081058502,0.08858951926231384,0.01672333851456642
mar_policy_shift,prior_separated,v2,6103,50.0,0.09050708264112473,0.3695146385086994,0.09050708264112473,0.10169132798910141,0.021159198135137558
mar_policy_shift,prior_separated,v2,6103,55.0,0.0697966143488884,0.3606862307974255,0.0697966143488884,0.08837978541851044,0.013740415684878826
mar_policy_shift,prior_separated,v2,6103,60.0,0.07930368185043335,0.3678786854146668,0.07930368185043335,0.09794838726520538,0.017457809299230576
mar_policy_shift,prior_separated,v2,6103,65.0,0.07073128968477249,0.37259421320727937,0.07073128968477249,0.09456710517406464,0.015068245120346546
mar_policy_shift,prior_separated,v2,6103,70.0,0.06957820802927017,0.3657942604945396,0.06957820802927017,0.08744006603956223,0.015881244093179703
mar_policy_shift,prior_separated,v2,6103,75.0,0.06401705741882324,0.36959967368018093,0.06401705741882324,0.09001114964485168,0.013975752517580986
mar_policy_shift,structured_policy_bank,v4,6103,5.0,0.5934014916419983,0.5731464756412487,0.5934014916419983,0.649157702922821,0.20206941664218903
mar_policy_shift,structured_policy_bank,v4,6103,10.0,0.4198130667209625,0.44521165921804473,0.4198130667209625,0.5120811462402344,0.12847787141799927
mar_policy_shift,structured_policy_bank,v4,6103,15.0,0.32461729645729065,0.3946446902699303,0.32461729645729065,0.45645901560783386,0.09610982984304428
mar_policy_shift,structured_policy_bank,v4,6103,20.0,0.2819306254386902,0.37564546963291995,0.2819306254386902,0.46549558639526367,0.0825522318482399
mar_policy_shift,structured_policy_bank,v4,6103,25.0,0.2369508296251297,0.33239667770481796,0.2369508296251297,0.40375131368637085,0.06756167858839035
mar_policy_shift,structured_policy_bank,v4,6103,30.0,0.20771589875221252,0.29861283682149287,0.20771589875221252,0.3707998991012573,0.057746853679418564
mar_policy_shift,structured_policy_bank,v4,6103,35.0,0.1907280832529068,0.2747278573879359,0.1907280832529068,0.3474556803703308,0.05269010737538338
mar_policy_shift,structured_policy_bank,v4,6103,40.0,0.18189223110675812,0.2572675328291891,0.18189223110675812,0.34572282433509827,0.05091921240091324
mar_policy_shift,structured_policy_bank,v4,6103,45.0,0.16968737542629242,0.2529576002669477,0.16968737542629242,0.3069456219673157,0.047044120728969574
mar_policy_shift,structured_policy_bank,v4,6103,50.0,0.154494047164917,0.25336765959247415,0.154494047164917,0.29243314266204834,0.04208345338702202
mar_policy_shift,structured_policy_bank,v4,6103,55.0,0.16321983933448792,0.259695073017737,0.16321983933448792,0.30962303280830383,0.0456446073949337
mar_policy_shift,structured_policy_bank,v4,6103,60.0,0.15155242383480072,0.2560868274263274,0.15155242383480072,0.354007363319397,0.04164119437336922
mar_policy_shift,structured_policy_bank,v4,6103,65.0,0.14698398113250732,0.25433765791999624,0.14698398113250732,0.3023340702056885,0.04050331935286522
mar_policy_shift,structured_policy_bank,v4,6103,70.0,0.1380995661020279,0.25055405706768713,0.1380995661020279,0.27473577857017517,0.037897560745477676
mar_policy_shift,structured_policy_bank,v4,6103,75.0,0.14081743359565735,0.25125585714753507,0.14081743359565735,0.2774026393890381,0.038993775844573975
mar_policy_shift,structured_policy_bank,v4,6103,80.0,0.13738973438739777,0.2517757134232497,0.13738973438739777,0.29357874393463135,0.03815783932805061
mar_policy_shift,structured_policy_bank,v4,6103,85.0,0.13756227493286133,0.2517415002925487,0.13756227493286133,0.2767908573150635,0.03843950480222702
mar_policy_shift,structured_policy_bank,v4,6103,90.0,0.14146862924098969,0.2588781830674954,0.14146862924098969,0.2949519753456116,0.04023372009396553
mar_policy_shift,structured_policy_bank,v4,6103,95.0,0.13359422981739044,0.2636718912869931,0.13359422981739044,0.31738537549972534,0.03732869029045105
mar_policy_shift,structured_policy_bank,v4,6103,100.0,0.13297411799430847,0.257016411587572,0.13297411799430847,0.24423597753047943,0.037864722311496735
mar_policy_shift,mask_only_dro,v5_mask,6103,5.0,0.49853676557540894,0.4901923598184239,0.4967125952243805,0.500360906124115,0.15787678956985474
mar_policy_shift,mask_only_dro,v5_mask,6103,10.0,0.3375350832939148,0.38631455689386035,0.33311814069747925,0.34195205569267273,0.09630352258682251
mar_policy_shift,mask_only_dro,v5_mask,6103,15.0,0.2678799033164978,0.35259845311127846,0.2623271346092224,0.2734326422214508,0.07340444624423981
mar_policy_shift,mask_only_dro,v5_mask,6103,20.0,0.2297506034374237,0.3108438415487088,0.22462061047554016,0.23488059639930725,0.06179117038846016
mar_policy_shift,mask_only_dro,v5_mask,6103,25.0,0.20327718555927277,0.29294800080949734,0.1975756138563156,0.20897875726222992,0.053865958005189896
mar_policy_shift,mask_only_dro,v5_mask,6103,30.0,0.1853145956993103,0.28589407936211914,0.18025757372379303,0.19037161767482758,0.04859519004821777
mar_policy_shift,mask_only_dro,v5_mask,6103,35.0,0.1796625852584839,0.28625799883723,0.17416931688785553,0.18515586853027344,0.04765543341636658
mar_policy_shift,mask_only_dro,v5_mask,6103,40.0,0.17624925076961517,0.28418435681751103,0.17093311250209808,0.18156538903713226,0.046661000698804855
mar_policy_shift,mask_only_dro,v5_mask,6103,45.0,0.16892752051353455,0.27450599979222934,0.1630672961473465,0.1747877597808838,0.044364314526319504
mar_policy_shift,mask_only_dro,v5_mask,6103,50.0,0.16141170263290405,0.2656940930201443,0.15647464990615845,0.16634874045848846,0.04260624200105667
mar_policy_shift,mask_only_dro,v5_mask,6103,55.0,0.16393667459487915,0.26807221653693164,0.15739507973194122,0.17047825455665588,0.04287116602063179
mar_policy_shift,mask_only_dro,v5_mask,6103,60.0,0.1647016853094101,0.26084892262941595,0.158903568983078,0.1704998016357422,0.044225338846445084
mar_policy_shift,mask_only_dro,v5_mask,6103,65.0,0.15111252665519714,0.2562241894587096,0.1470952183008194,0.1551298201084137,0.040420010685920715
mar_policy_shift,mask_only_dro,v5_mask,6103,70.0,0.15322723984718323,0.26056951872637757,0.14783713221549988,0.15861736238002777,0.040816206485033035
mar_policy_shift,mask_only_dro,v5_mask,6103,75.0,0.15095016360282898,0.26172918481179397,0.14622342586517334,0.15567688643932343,0.041401978582143784
mar_policy_shift,mask_only_dro,v5_mask,6103,80.0,0.1490946114063263,0.2595405283495013,0.14376603066921234,0.15442319214344025,0.040200479328632355
mar_policy_shift,mask_only_dro,v5_mask,6103,85.0,0.14553576707839966,0.25587885360225876,0.1398804783821106,0.15119104087352753,0.038557685911655426
mar_policy_shift,mask_only_dro,v5_mask,6103,90.0,0.14131179451942444,0.25359773266224583,0.1358972042798996,0.14672636985778809,0.03780040517449379
mar_policy_shift,mask_only_dro,v5_mask,6103,95.0,0.14205068349838257,0.25543853869284666,0.1368429809808731,0.14725838601589203,0.03909723088145256
mar_policy_shift,mask_only_dro,v5_mask,6103,100.0,0.14156389236450195,0.2549196216530449,0.13541589677333832,0.14771190285682678,0.038291726261377335
conditional_only,prior_separated,v2,6101,5.0,0.4975747764110565,0.5036149284833117,0.4975747764110565,0.5066453814506531,0.15925875306129456
conditional_only,prior_separated,v2,6101,10.0,0.32550323009490967,0.4102916858528114,0.32550323009490967,0.33774298429489136,0.09351801127195358
conditional_only,prior_separated,v2,6101,15.0,0.23886984586715698,0.36323055386496395,0.23886984586715698,0.25314298272132874,0.06439371407032013
conditional_only,prior_separated,v2,6101,20.0,0.20348234474658966,0.35994194748564456,0.20348234474658966,0.21100422739982605,0.054886169731616974
conditional_only,prior_separated,v2,6101,25.0,0.16825316846370697,0.35619177428399595,0.16825316846370697,0.16905027627944946,0.04346785321831703
conditional_only,prior_separated,v2,6101,30.0,0.16379572451114655,0.3377750684999473,0.16379572451114655,0.16806915402412415,0.04309094697237015
conditional_only,prior_separated,v2,6101,35.0,0.12677381932735443,0.3279287302716368,0.12677381932735443,0.13348093628883362,0.03188280016183853
conditional_only,prior_separated,v2,6101,40.0,0.12140118330717087,0.3214324021673588,0.12140118330717087,0.12663047015666962,0.03182550519704819
conditional_only,prior_separated,v2,6101,45.0,0.1129753515124321,0.32621470142770487,0.1129753515124321,0.11895571649074554,0.02868647873401642
conditional_only,prior_separated,v2,6101,50.0,0.11344786733388901,0.3466240383090209,0.11344786733388901,0.11996400356292725,0.02890164405107498
conditional_only,prior_separated,v2,6101,55.0,0.1311798393726349,0.3393203256728091,0.1311798393726349,0.14307814836502075,0.0343996025621891
conditional_only,prior_separated,v2,6101,60.0,0.11298622936010361,0.3310277535453332,0.11298622936010361,0.1178009957075119,0.029794063419103622
conditional_only,prior_separated,v2,6101,65.0,0.12070988118648529,0.33312626383710275,0.12070988118648529,0.1355305016040802,0.03212795406579971
conditional_only,prior_separated,v2,6101,70.0,0.11835357546806335,0.32233190947817025,0.11835357546806335,0.12427778542041779,0.031961530447006226
conditional_only,prior_separated,v2,6101,75.0,0.09108080714941025,0.32148874443627445,0.09108080714941025,0.09934163093566895,0.02344551682472229
conditional_only,prior_separated,v2,6101,80.0,0.08535975962877274,0.3219086022066079,0.08535975962877274,0.08870735764503479,0.022107109427452087
conditional_only,structured_policy_bank,v4,6101,5.0,0.4890649616718292,0.4742788462987372,0.4890649616718292,0.5768420696258545,0.15697263181209564
conditional_only,structured_policy_bank,v4,6101,10.0,0.34621351957321167,0.37047838405996836,0.34621351957321167,0.4590955376625061,0.10216878354549408
conditional_only,structured_policy_bank,v4,6101,15.0,0.2751929759979248,0.3411161310128511,0.2751929759979248,0.35852593183517456,0.07810918241739273
conditional_only,structured_policy_bank,v4,6101,20.0,0.24147412180900574,0.3271767130691691,0.24147412180900574,0.3438037931919098,0.06765670329332352
conditional_only,structured_policy_bank,v4,6101,25.0,0.23138873279094696,0.3144150526714627,0.23138873279094696,0.3887844383716583,0.06545877456665039
conditional_only,structured_policy_bank,v4,6101,30.0,0.21531818807125092,0.29898240889840966,0.21531818807125092,0.4169875383377075,0.0602981373667717
conditional_only,structured_policy_bank,v4,6101,35.0,0.21085941791534424,0.2913931303533497,0.21085941791534424,0.34640181064605713,0.059421274811029434
conditional_only,structured_policy_bank,v4,6101,40.0,0.20501475036144257,0.29086216891500716,0.20501475036144257,0.35712531208992004,0.057522859424352646
conditional_only,structured_policy_bank,v4,6101,45.0,0.19436995685100555,0.29536049005694887,0.19436995685100555,0.34199798107147217,0.05458981916308403
conditional_only,structured_policy_bank,v4,6101,50.0,0.19371066987514496,0.29655522861388167,0.19371066987514496,0.3294522762298584,0.05436636507511139
conditional_only,structured_policy_bank,v4,6101,55.0,0.18745960295200348,0.29162350821614313,0.18745960295200348,0.2949037551879883,0.053435344249010086
conditional_only,structured_policy_bank,v4,6101,60.0,0.1863987147808075,0.28672639104401154,0.1863987147808075,0.32919859886169434,0.052327945828437805
conditional_only,structured_policy_bank,v4,6101,65.0,0.18403315544128418,0.28778832798872644,0.18403315544128418,0.32698389887809753,0.052068550139665604
conditional_only,structured_policy_bank,v4,6101,70.0,0.18140946328639984,0.28693906503181615,0.18140946328639984,0.3514275848865509,0.05218259617686272
conditional_only,structured_policy_bank,v4,6101,75.0,0.17601244151592255,0.28732003034482206,0.17601244151592255,0.33790308237075806,0.05046924576163292
conditional_only,structured_policy_bank,v4,6101,80.0,0.1793065220117569,0.2949474024979637,0.1793065220117569,0.3278535306453705,0.05166982114315033
conditional_only,structured_policy_bank,v4,6101,85.0,0.16821952164173126,0.2889695516029777,0.16821952164173126,0.33855319023132324,0.047672975808382034
conditional_only,structured_policy_bank,v4,6101,90.0,0.1708352118730545,0.2877339387952587,0.1708352118730545,0.29323410987854004,0.04941467568278313
conditional_only,structured_policy_bank,v4,6101,95.0,0.16667212545871735,0.2907394885197306,0.16667212545871735,0.3347882628440857,0.047707244753837585
conditional_only,structured_policy_bank,v4,6101,100.0,0.1682680994272232,0.2881988978945341,0.1682680994272232,0.3141009211540222,0.048451829701662064
conditional_only,mask_only_dro,v5_mask,6101,5.0,0.5073100328445435,0.4762257946517189,0.5063628554344177,0.5082572102546692,0.16406545042991638
conditional_only,mask_only_dro,v5_mask,6101,10.0,0.3541507124900818,0.3556487730119192,0.35118401050567627,0.3571173846721649,0.10354753583669662
conditional_only,mask_only_dro,v5_mask,6101,15.0,0.29514867067337036,0.30553873041887974,0.29022470116615295,0.30007266998291016,0.08431150019168854
conditional_only,mask_only_dro,v5_mask,6101,20.0,0.24877166748046875,0.28793843588851115,0.24451187252998352,0.253031462430954,0.06928625702857971
conditional_only,mask_only_dro,v5_mask,6101,25.0,0.22498834133148193,0.2742403071561256,0.22135743498802185,0.22861924767494202,0.0630021020770073
conditional_only,mask_only_dro,v5_mask,6101,30.0,0.21017053723335266,0.26728573618093077,0.2066168338060379,0.21372424066066742,0.058211226016283035
conditional_only,mask_only_dro,v5_mask,6101,35.0,0.215452179312706,0.2601543678955532,0.2079208493232727,0.22298350930213928,0.05892609804868698
conditional_only,mask_only_dro,v5_mask,6101,40.0,0.20550450682640076,0.25878276754379415,0.20043964684009552,0.2105693817138672,0.0569022111594677
conditional_only,mask_only_dro,v5_mask,6101,45.0,0.19678832590579987,0.2613839472024424,0.19199545681476593,0.2015811949968338,0.05429484322667122
conditional_only,mask_only_dro,v5_mask,6101,50.0,0.19696658849716187,0.2612166161748568,0.19088096916675568,0.20305219292640686,0.05463752895593643
conditional_only,mask_only_dro,v5_mask,6101,55.0,0.19581177830696106,0.26036131900363596,0.18931426107883453,0.2023092806339264,0.05400761216878891
conditional_only,mask_only_dro,v5_mask,6101,60.0,0.19006720185279846,0.2597148063852582,0.18478894233703613,0.1953454464673996,0.052985478192567825
conditional_only,mask_only_dro,v5_mask,6101,65.0,0.1872996687889099,0.25786225901522375,0.18258249759674072,0.1920168399810791,0.05284281075000763
conditional_only,mask_only_dro,v5_mask,6101,70.0,0.17908132076263428,0.25665001135398435,0.17492471635341644,0.1832379400730133,0.05017048865556717
conditional_only,mask_only_dro,v5_mask,6101,75.0,0.1802697628736496,0.25582537961129437,0.17526063323020935,0.18527889251708984,0.05038214474916458
conditional_only,mask_only_dro,v5_mask,6101,80.0,0.17184820771217346,0.25762611403312285,0.16682720184326172,0.176869198679924,0.047752495855093
conditional_only,mask_only_dro,v5_mask,6101,85.0,0.17251431941986084,0.25646371665738904,0.16787272691726685,0.17715592682361603,0.04804909974336624
conditional_only,mask_only_dro,v5_mask,6101,90.0,0.17544612288475037,0.25260202441714047,0.17066267132759094,0.1802295744419098,0.04941490665078163
conditional_only,mask_only_dro,v5_mask,6101,95.0,0.1704953908920288,0.25462074825403463,0.16631950438022614,0.17467127740383148,0.04800887033343315
conditional_only,mask_only_dro,v5_mask,6101,100.0,0.16682177782058716,0.25696644906467636,0.16206055879592896,0.17158298194408417,0.046213794499635696
conditional_only,prior_separated,v2,6102,5.0,0.568321704864502,0.5547823758893249,0.568321704864502,0.5745406746864319,0.189977765083313
conditional_only,prior_separated,v2,6102,10.0,0.3693358898162842,0.43982321071310126,0.3693358898162842,0.38116562366485596,0.10585041344165802
conditional_only,prior_separated,v2,6102,15.0,0.25333335995674133,0.35083698034779,0.25333335995674133,0.2557893693447113,0.06630441546440125
conditional_only,prior_separated,v2,6102,20.0,0.1983613669872284,0.3270992089029804,0.1983613669872284,0.1990988552570343,0.0496477410197258
conditional_only,prior_separated,v2,6102,25.0,0.1630760133266449,0.3166497942264063,0.1630760133266449,0.16441813111305237,0.039347581565380096
conditional_only,prior_separated,v2,6102,30.0,0.1578139066696167,0.30487265888483345,0.1578139066696167,0.1636837124824524,0.039875950664281845
conditional_only,prior_separated,v2,6102,35.0,0.13169056177139282,0.3116101231948619,0.13169056177139282,0.13650712370872498,0.03101148083806038
conditional_only,prior_separated,v2,6102,40.0,0.13717059791088104,0.31035876051994055,0.13717059791088104,0.1479560136795044,0.03507435321807861
conditional_only,prior_separated,v2,6102,45.0,0.11945842206478119,0.30721086602788256,0.11945842206478119,0.12072839587926865,0.029063042253255844
conditional_only,prior_separated,v2,6102,50.0,0.11755919456481934,0.3141028722869209,0.11755919456481934,0.120157390832901,0.029823441058397293
conditional_only,prior_separated,v2,6102,55.0,0.12260046601295471,0.330819790906412,0.12260046601295471,0.13552317023277283,0.032218221575021744
conditional_only,prior_separated,v2,6102,60.0,0.11039812862873077,0.32661736393534113,0.11039812862873077,0.11215895414352417,0.027867939323186874
conditional_only,prior_separated,v2,6102,65.0,0.1007249653339386,0.3282534422464132,0.1007249653339386,0.10164515674114227,0.024908028542995453
conditional_only,prior_separated,v2,6102,70.0,0.11666539311408997,0.33022218133216397,0.11666539311408997,0.12426213920116425,0.031645022332668304
conditional_only,structured_policy_bank,v4,6102,5.0,0.4280182123184204,0.42366165194671124,0.4280182123184204,0.5029957294464111,0.1325104534626007
conditional_only,structured_policy_bank,v4,6102,10.0,0.2920747399330139,0.3176385218129924,0.2920747399330139,0.4156917929649353,0.08522585034370422
conditional_only,structured_policy_bank,v4,6102,15.0,0.24294622242450714,0.30182007114906617,0.24294622242450714,0.3745890259742737,0.0699026882648468
conditional_only,structured_policy_bank,v4,6102,20.0,0.23141880333423615,0.3133640684435154,0.23141880333423615,0.36551016569137573,0.06700123846530914
conditional_only,structured_policy_bank,v4,6102,25.0,0.22307510673999786,0.31221649749154845,0.22307510673999786,0.4275793731212616,0.06471003592014313
conditional_only,structured_policy_bank,v4,6102,30.0,0.21522977948188782,0.2954079894064754,0.21522977948188782,0.3277345597743988,0.06208965554833412
conditional_only,structured_policy_bank,v4,6102,35.0,0.21251772344112396,0.28710530719759253,0.21251772344112396,0.38865581154823303,0.06165448948740959
conditional_only,structured_policy_bank,v4,6102,40.0,0.19366341829299927,0.2855859742384046,0.19366341829299927,0.31315043568611145,0.05619325861334801
conditional_only,structured_policy_bank,v4,6102,45.0,0.20155541598796844,0.28685330551196936,0.20155541598796844,0.3164942264556885,0.059357788413763046
conditional_only,structured_policy_bank,v4,6102,50.0,0.1851990818977356,0.2839931730639823,0.1851990818977356,0.3045567274093628,0.053459085524082184
conditional_only,structured_policy_bank,v4,6102,55.0,0.19950085878372192,0.2834729998854303,0.19950085878372192,0.3384226858615875,0.05879910662770271
conditional_only,structured_policy_bank,v4,6102,60.0,0.18799686431884766,0.285326678653811,0.18799686431884766,0.32144811749458313,0.05498311296105385
conditional_only,structured_policy_bank,v4,6102,65.0,0.18166400492191315,0.28354985595369364,0.18166400492191315,0.30157580971717834,0.05310710147023201
conditional_only,structured_policy_bank,v4,6102,70.0,0.18650443851947784,0.28515957199562775,0.18650443851947784,0.30837827920913696,0.05469251796603203
conditional_only,structured_policy_bank,v4,6102,75.0,0.1867195963859558,0.2815957705384076,0.1867195963859558,0.3403005599975586,0.05507812649011612
conditional_only,structured_policy_bank,v4,6102,80.0,0.18627993762493134,0.278151337358895,0.18627993762493134,0.3047748804092407,0.05528170242905617
conditional_only,structured_policy_bank,v4,6102,85.0,0.179515078663826,0.28761226340769414,0.179515078663826,0.28739216923713684,0.05349977687001228
conditional_only,structured_policy_bank,v4,6102,90.0,0.17552074790000916,0.28624551577271656,0.17552074790000916,0.2944304645061493,0.051609575748443604
conditional_only,structured_policy_bank,v4,6102,95.0,0.17169353365898132,0.2838574385538126,0.17169353365898132,0.2835259437561035,0.05060349777340889
conditional_only,structured_policy_bank,v4,6102,100.0,0.18196356296539307,0.28700069993287103,0.18196356296539307,0.36772727966308594,0.054642219096422195
conditional_only,mask_only_dro,v5_mask,6102,5.0,0.4410918653011322,0.4051284276933768,0.4393950402736664,0.442788690328598,0.13502314686775208
conditional_only,mask_only_dro,v5_mask,6102,10.0,0.31209123134613037,0.32742625308941364,0.3093700408935547,0.31481239199638367,0.089872345328331
conditional_only,mask_only_dro,v5_mask,6102,15.0,0.2756463289260864,0.30651333584177326,0.2699725031852722,0.281320184469223,0.07820962369441986
conditional_only,mask_only_dro,v5_mask,6102,20.0,0.25226789712905884,0.28159445931761184,0.24857540428638458,0.2559603750705719,0.0717458724975586
conditional_only,mask_only_dro,v5_mask,6102,25.0,0.2286021113395691,0.27364536332463885,0.2253832370042801,0.2318209707736969,0.06422322243452072
conditional_only,mask_only_dro,v5_mask,6102,30.0,0.22233116626739502,0.27025372625209154,0.21811439096927643,0.2265479564666748,0.06243421137332916
conditional_only,mask_only_dro,v5_mask,6102,35.0,0.21596434712409973,0.2656867621178822,0.21128956973552704,0.22063913941383362,0.06029311940073967
conditional_only,mask_only_dro,v5_mask,6102,40.0,0.2049688696861267,0.2616129760754426,0.20124661922454834,0.20869112014770508,0.05685703083872795
conditional_only,mask_only_dro,v5_mask,6102,45.0,0.20202839374542236,0.25865583196333886,0.19543755054473877,0.20861922204494476,0.05570655316114426
conditional_only,mask_only_dro,v5_mask,6102,50.0,0.196658194065094,0.25695830022685684,0.19248151779174805,0.20083485543727875,0.05551125854253769
conditional_only,mask_only_dro,v5_mask,6102,55.0,0.1990399956703186,0.2556404416335055,0.19428890943527222,0.20379109680652618,0.056416142731904984
conditional_only,mask_only_dro,v5_mask,6102,60.0,0.19485890865325928,0.25740882714555563,0.1900462806224823,0.19967155158519745,0.05565860494971275
conditional_only,mask_only_dro,v5_mask,6102,65.0,0.19468995928764343,0.2609827553775417,0.1882687360048294,0.20111118257045746,0.05506477877497673
conditional_only,mask_only_dro,v5_mask,6102,70.0,0.1952640414237976,0.2558901206124286,0.1904262751340866,0.2001018077135086,0.05580872297286987
conditional_only,mask_only_dro,v5_mask,6102,75.0,0.18488635122776031,0.25367167496931164,0.18060019612312317,0.18917250633239746,0.05231984332203865
conditional_only,mask_only_dro,v5_mask,6102,80.0,0.18972361087799072,0.25034667951681955,0.18404115736484528,0.19540606439113617,0.054003167897462845
conditional_only,mask_only_dro,v5_mask,6102,85.0,0.18361014127731323,0.2527179847413865,0.17840419709682465,0.18881607055664062,0.05260711908340454
conditional_only,mask_only_dro,v5_mask,6102,90.0,0.17580892145633698,0.25159891740836576,0.17093661427497864,0.1806812286376953,0.0498657301068306
conditional_only,mask_only_dro,v5_mask,6102,95.0,0.18022635579109192,0.25175651501062063,0.17471280694007874,0.1857399046421051,0.05113709717988968
conditional_only,mask_only_dro,v5_mask,6102,100.0,0.17639516294002533,0.2492032626178255,0.17282168567180634,0.17996864020824432,0.05059512332081795
conditional_only,prior_separated,v2,6103,5.0,0.4546000361442566,0.4514192358806651,0.4546000361442566,0.45616549253463745,0.1400526463985443
conditional_only,prior_separated,v2,6103,10.0,0.29131001234054565,0.38380190450823803,0.29131001234054565,0.2975810766220093,0.08010890334844589
conditional_only,prior_separated,v2,6103,15.0,0.21418416500091553,0.3626584381348985,0.21418416500091553,0.22389906644821167,0.0559893473982811
conditional_only,prior_separated,v2,6103,20.0,0.16944363713264465,0.35845521698380095,0.16944363713264465,0.18710993230342865,0.04355026036500931
conditional_only,prior_separated,v2,6103,25.0,0.18103130161762238,0.35952909864907234,0.18103130161762238,0.18870456516742706,0.048848193138837814
conditional_only,prior_separated,v2,6103,30.0,0.15603891015052795,0.36356280071077895,0.15603891015052795,0.17806091904640198,0.040969252586364746
conditional_only,prior_separated,v2,6103,35.0,0.14858998358249664,0.3432340493748238,0.14858998358249664,0.16848738491535187,0.03800950199365616
conditional_only,prior_separated,v2,6103,40.0,0.1391000896692276,0.3276307590147301,0.1391000896692276,0.14548340439796448,0.03558818995952606
conditional_only,prior_separated,v2,6103,45.0,0.11911947280168533,0.32340619066963344,0.11911947280168533,0.1377934217453003,0.030124550685286522
conditional_only,prior_separated,v2,6103,50.0,0.12045826762914658,0.3183511484927503,0.12045826762914658,0.15014031529426575,0.030111243948340416
conditional_only,prior_separated,v2,6103,55.0,0.10215874016284943,0.32801287819710234,0.10215874016284943,0.10940851271152496,0.026121128350496292
conditional_only,prior_separated,v2,6103,60.0,0.11239692568778992,0.3322075783293942,0.11239692568778992,0.13802792131900787,0.028099386021494865
conditional_only,prior_separated,v2,6103,65.0,0.10778534412384033,0.3272696990105643,0.10778534412384033,0.13675755262374878,0.028615985065698624
conditional_only,prior_separated,v2,6103,70.0,0.1047990471124649,0.3414690879023109,0.1047990471124649,0.12587511539459229,0.027200976386666298
conditional_only,prior_separated,v2,6103,75.0,0.08111565560102463,0.33880998973554277,0.08111565560102463,0.09624509513378143,0.018901191651821136
conditional_only,prior_separated,v2,6103,80.0,0.09421439468860626,0.3347059765645405,0.09421439468860626,0.10911808907985687,0.024661995470523834
conditional_only,prior_separated,v2,6103,85.0,0.09893195331096649,0.3397407501689561,0.09893195331096649,0.1036895364522934,0.02564367651939392
conditional_only,prior_separated,v2,6103,90.0,0.09051097929477692,0.33856880321405514,0.09051097929477692,0.1048143208026886,0.023281864821910858
conditional_only,structured_policy_bank,v4,6103,5.0,0.4655512869358063,0.42217031167362895,0.4655512869358063,0.541122317314148,0.1466657817363739
conditional_only,structured_policy_bank,v4,6103,10.0,0.3228480815887451,0.33303007561647113,0.3228480815887451,0.4733083248138428,0.09679532796144485
conditional_only,structured_policy_bank,v4,6103,15.0,0.2751442492008209,0.3110422714001932,0.2751442492008209,0.42995598912239075,0.08115314692258835
conditional_only,structured_policy_bank,v4,6103,20.0,0.2506360113620758,0.3106077289566067,0.2506360113620758,0.38637542724609375,0.07361162453889847
conditional_only,structured_policy_bank,v4,6103,25.0,0.22498412430286407,0.28875501545540794,0.22498412430286407,0.3709726631641388,0.06557264178991318
conditional_only,structured_policy_bank,v4,6103,30.0,0.21305705606937408,0.27759662568635607,0.21305705606937408,0.32791781425476074,0.061278898268938065
conditional_only,structured_policy_bank,v4,6103,35.0,0.2087453454732895,0.2731486422647396,0.2087453454732895,0.34975767135620117,0.060423269867897034
conditional_only,structured_policy_bank,v4,6103,40.0,0.20443063974380493,0.2747509051643592,0.20443063974380493,0.35064783692359924,0.05916593596339226
conditional_only,structured_policy_bank,v4,6103,45.0,0.19888770580291748,0.2721513407947274,0.19888770580291748,0.3166674077510834,0.05811496078968048
conditional_only,structured_policy_bank,v4,6103,50.0,0.19488294422626495,0.2670298584222829,0.19488294422626495,0.3424673080444336,0.056417662650346756
conditional_only,structured_policy_bank,v4,6103,55.0,0.1906900703907013,0.2631372408992037,0.1906900703907013,0.3978957235813141,0.055010367184877396
conditional_only,structured_policy_bank,v4,6103,60.0,0.18723911046981812,0.26136378778618363,0.18723911046981812,0.3252311944961548,0.05450509861111641
conditional_only,structured_policy_bank,v4,6103,65.0,0.1832919865846634,0.26622578766168514,0.1832919865846634,0.30572324991226196,0.0536503903567791
conditional_only,structured_policy_bank,v4,6103,70.0,0.18301521241664886,0.26669209800997973,0.18301521241664886,0.3325660228729248,0.05398862808942795
conditional_only,structured_policy_bank,v4,6103,75.0,0.18307554721832275,0.26072242691817255,0.18307554721832275,0.3511095643043518,0.05391259863972664
conditional_only,structured_policy_bank,v4,6103,80.0,0.17685718834400177,0.2587795170382553,0.17685718834400177,0.33832937479019165,0.05121482163667679
conditional_only,structured_policy_bank,v4,6103,85.0,0.1696174144744873,0.2627288556400299,0.1696174144744873,0.30600354075431824,0.04965010657906532
conditional_only,structured_policy_bank,v4,6103,90.0,0.17176982760429382,0.2637888386486859,0.17176982760429382,0.3084428012371063,0.05048447102308273
conditional_only,structured_policy_bank,v4,6103,95.0,0.17586347460746765,0.2617787394979203,0.17586347460746765,0.3257944881916046,0.05182795599102974
conditional_only,structured_policy_bank,v4,6103,100.0,0.17294713854789734,0.25576351379373996,0.17294713854789734,0.32896822690963745,0.05062216892838478
conditional_only,mask_only_dro,v5_mask,6103,5.0,0.5614649653434753,0.5232490788461815,0.5605200529098511,0.5624098777770996,0.1867438405752182
conditional_only,mask_only_dro,v5_mask,6103,10.0,0.41475215554237366,0.4062889790765347,0.4125264286994934,0.4169778823852539,0.1258356273174286
conditional_only,mask_only_dro,v5_mask,6103,15.0,0.344010591506958,0.35587410228508054,0.3408520221710205,0.3471691310405731,0.10113328695297241
conditional_only,mask_only_dro,v5_mask,6103,20.0,0.29752039909362793,0.32699917275013124,0.293578565120697,0.30146223306655884,0.08438324928283691
conditional_only,mask_only_dro,v5_mask,6103,25.0,0.2748173773288727,0.3086318565522793,0.2701386511325836,0.27949610352516174,0.0778866782784462
conditional_only,mask_only_dro,v5_mask,6103,30.0,0.24697856605052948,0.3001129365331242,0.24188661575317383,0.25207051634788513,0.06845869868993759
conditional_only,mask_only_dro,v5_mask,6103,35.0,0.23254609107971191,0.2954209392588481,0.22749969363212585,0.23759250342845917,0.06380286812782288
conditional_only,mask_only_dro,v5_mask,6103,40.0,0.2262784093618393,0.2833478446466806,0.22050067782402039,0.2320561408996582,0.06237701699137688
conditional_only,mask_only_dro,v5_mask,6103,45.0,0.21764951944351196,0.2768601725933537,0.2111351042985916,0.22416391968727112,0.05964985862374306
conditional_only,mask_only_dro,v5_mask,6103,50.0,0.21541514992713928,0.2810599362041391,0.20866625010967255,0.2221640646457672,0.05918343737721443
conditional_only,mask_only_dro,v5_mask,6103,55.0,0.2050248384475708,0.27340718875454306,0.19794192910194397,0.21210776269435883,0.05628146603703499
conditional_only,mask_only_dro,v5_mask,6103,60.0,0.20136645436286926,0.26533219740867997,0.19599130749702454,0.20674161612987518,0.056666307151317596
conditional_only,mask_only_dro,v5_mask,6103,65.0,0.18906420469284058,0.2619082105046391,0.1854100078344345,0.19271841645240784,0.052388180047273636
conditional_only,mask_only_dro,v5_mask,6103,70.0,0.1909889578819275,0.2621241671850088,0.1863115131855011,0.19566641747951508,0.053921811282634735
conditional_only,mask_only_dro,v5_mask,6103,75.0,0.19118015468120575,0.25526871014795344,0.18514280021190643,0.19721750915050507,0.052836786955595016
conditional_only,mask_only_dro,v5_mask,6103,80.0,0.191942036151886,0.24947593859554812,0.18743698298931122,0.19644708931446075,0.05370084196329117
conditional_only,mask_only_dro,v5_mask,6103,85.0,0.19018493592739105,0.24993527182023167,0.18325243890285492,0.19711743295192719,0.05279357358813286
conditional_only,mask_only_dro,v5_mask,6103,90.0,0.18432320654392242,0.24852205614490042,0.1780281364917755,0.19061827659606934,0.05135359987616539
conditional_only,mask_only_dro,v5_mask,6103,95.0,0.186125248670578,0.25375718619727416,0.1804274022579193,0.1918231099843979,0.051931437104940414
conditional_only,mask_only_dro,v5_mask,6103,100.0,0.17558430135250092,0.25314046459034567,0.16940619051456451,0.18176241219043732,0.04850398749113083
mnar_outcome_only,prior_separated,v2,6101,5.0,0.44616764783859253,0.4613172174405947,0.44616764783859253,0.45366862416267395,0.13669303059577942
mnar_outcome_only,prior_separated,v2,6101,10.0,0.26038676500320435,0.36141495942190466,0.26038676500320435,0.2846295237541199,0.06971219182014465
mnar_outcome_only,prior_separated,v2,6101,15.0,0.1732616126537323,0.31980576145950823,0.1732616126537323,0.19199959933757782,0.04419434070587158
mnar_outcome_only,prior_separated,v2,6101,20.0,0.14852021634578705,0.33000902575287305,0.14852021634578705,0.16957807540893555,0.0388125479221344
mnar_outcome_only,prior_separated,v2,6101,25.0,0.14624369144439697,0.34380679219647636,0.14624369144439697,0.1491129994392395,0.03892727568745613
mnar_outcome_only,prior_separated,v2,6101,30.0,0.1206934005022049,0.35185829875411184,0.1206934005022049,0.12218180298805237,0.03079349920153618
mnar_outcome_only,prior_separated,v2,6101,35.0,0.1282825767993927,0.35490188119420385,0.1282825767993927,0.15004664659500122,0.03487277030944824
mnar_outcome_only,prior_separated,v2,6101,40.0,0.11181822419166565,0.3534011223721694,0.11181822419166565,0.12802691757678986,0.02960285358130932
mnar_outcome_only,prior_separated,v2,6101,45.0,0.10191883146762848,0.34872970225751754,0.10191883146762848,0.10212407261133194,0.026328736916184425
mnar_outcome_only,prior_separated,v2,6101,50.0,0.10023236274719238,0.36350484953356993,0.10023236274719238,0.10771644115447998,0.025311198085546494
mnar_outcome_only,prior_separated,v2,6101,55.0,0.09264761209487915,0.37730409917896646,0.09264761209487915,0.09491254389286041,0.02487368881702423
mnar_outcome_only,structured_policy_bank,v4,6101,5.0,0.492574006319046,0.48210632731770514,0.492574006319046,0.5523747205734253,0.15743310749530792
mnar_outcome_only,structured_policy_bank,v4,6101,10.0,0.36855021119117737,0.386019842744181,0.36855021119117737,0.46060678362846375,0.1106327548623085
mnar_outcome_only,structured_policy_bank,v4,6101,15.0,0.3134098947048187,0.3454653944169816,0.3134098947048187,0.4316352903842926,0.0922733023762703
mnar_outcome_only,structured_policy_bank,v4,6101,20.0,0.27415087819099426,0.3150686139035156,0.27415087819099426,0.40467578172683716,0.07906544208526611
mnar_outcome_only,structured_policy_bank,v4,6101,25.0,0.24452389776706696,0.3005861361967647,0.24452389776706696,0.3959083557128906,0.06863676011562347
mnar_outcome_only,structured_policy_bank,v4,6101,30.0,0.23812733590602875,0.28306586482295154,0.23812733590602875,0.36448919773101807,0.06731123477220535
mnar_outcome_only,structured_policy_bank,v4,6101,35.0,0.2161911576986313,0.27204351806574123,0.2161911576986313,0.33997225761413574,0.0603586845099926
mnar_outcome_only,structured_policy_bank,v4,6101,40.0,0.2208680957555771,0.26723563166836095,0.2208680957555771,0.3496014177799225,0.06276730448007584
mnar_outcome_only,structured_policy_bank,v4,6101,45.0,0.1976737082004547,0.2690447120902719,0.1976737082004547,0.3304675817489624,0.05532548949122429
mnar_outcome_only,structured_policy_bank,v4,6101,50.0,0.18496425449848175,0.26596751090779774,0.18496425449848175,0.29114747047424316,0.0516592301428318
mnar_outcome_only,structured_policy_bank,v4,6101,55.0,0.18233564496040344,0.26347369913859775,0.18233564496040344,0.297269731760025,0.05100974068045616
mnar_outcome_only,structured_policy_bank,v4,6101,60.0,0.18654994666576385,0.2608105557951583,0.18654994666576385,0.33269962668418884,0.053028106689453125
mnar_outcome_only,structured_policy_bank,v4,6101,65.0,0.18777109682559967,0.2600966231932432,0.18777109682559967,0.3361694812774658,0.05405565723776817
mnar_outcome_only,structured_policy_bank,v4,6101,70.0,0.18016672134399414,0.26362462275176185,0.18016672134399414,0.29506105184555054,0.052134957164525986
mnar_outcome_only,structured_policy_bank,v4,6101,75.0,0.17411194741725922,0.2658429671916444,0.17411194741725922,0.2947576642036438,0.04990214854478836
mnar_outcome_only,structured_policy_bank,v4,6101,80.0,0.1773102581501007,0.26356297622261454,0.1773102581501007,0.33705443143844604,0.05140478536486626
mnar_outcome_only,structured_policy_bank,v4,6101,85.0,0.17334850132465363,0.2632818378647858,0.17334850132465363,0.2978553771972656,0.04994279891252518
mnar_outcome_only,structured_policy_bank,v4,6101,90.0,0.16699464619159698,0.26124502151064743,0.16699464619159698,0.32389265298843384,0.04783725365996361
mnar_outcome_only,structured_policy_bank,v4,6101,95.0,0.17470748722553253,0.26259761953089594,0.17470748722553253,0.3256148099899292,0.05079147592186928
mnar_outcome_only,structured_policy_bank,v4,6101,100.0,0.16346965730190277,0.26120776733444323,0.16346965730190277,0.31906116008758545,0.04694763943552971
mnar_outcome_only,mask_only_dro,v5_mask,6101,5.0,0.5182503461837769,0.46324803741002807,0.5175736546516418,0.5189270377159119,0.16753724217414856
mnar_outcome_only,mask_only_dro,v5_mask,6101,10.0,0.3538229763507843,0.3339188370300192,0.3510994017124176,0.356546550989151,0.10211823135614395
mnar_outcome_only,mask_only_dro,v5_mask,6101,15.0,0.2936471700668335,0.28802539768171964,0.2891172468662262,0.2981770932674408,0.08327983319759369
mnar_outcome_only,mask_only_dro,v5_mask,6101,20.0,0.25412774085998535,0.27518386973552705,0.250514417886734,0.2577410638332367,0.07090847939252853
mnar_outcome_only,mask_only_dro,v5_mask,6101,25.0,0.25009211897850037,0.26225699873629504,0.24479542672634125,0.2553888261318207,0.07016070932149887
mnar_outcome_only,mask_only_dro,v5_mask,6101,30.0,0.22996847331523895,0.2537462044326266,0.22562016546726227,0.23431678116321564,0.06379476934671402
mnar_outcome_only,mask_only_dro,v5_mask,6101,35.0,0.22780746221542358,0.2538776751077908,0.22261939942836761,0.23299551010131836,0.06324374675750732
mnar_outcome_only,mask_only_dro,v5_mask,6101,40.0,0.21348491311073303,0.2535585372480772,0.20861083269119263,0.21835899353027344,0.058656852692365646
mnar_outcome_only,mask_only_dro,v5_mask,6101,45.0,0.21278303861618042,0.24726151138744612,0.20809370279312134,0.2174723595380783,0.05904492363333702
mnar_outcome_only,mask_only_dro,v5_mask,6101,50.0,0.20462824404239655,0.24061192064444115,0.19930489361286163,0.20995159447193146,0.05679040402173996
mnar_outcome_only,mask_only_dro,v5_mask,6101,55.0,0.1968650221824646,0.23811759968363294,0.19303785264492035,0.20069217681884766,0.05445260554552078
mnar_outcome_only,mask_only_dro,v5_mask,6101,60.0,0.20074868202209473,0.2354998788715117,0.19540616869926453,0.20609121024608612,0.05631841719150543
mnar_outcome_only,mask_only_dro,v5_mask,6101,65.0,0.20199814438819885,0.23909671292483137,0.1966315060853958,0.20736479759216309,0.055852677673101425
mnar_outcome_only,mask_only_dro,v5_mask,6101,70.0,0.18914106488227844,0.2347177663625069,0.18313755095005035,0.19514456391334534,0.05249841883778572
mnar_outcome_only,mask_only_dro,v5_mask,6101,75.0,0.19257491827011108,0.24058371470971443,0.18604008853435516,0.199109748005867,0.05331042781472206
mnar_outcome_only,mask_only_dro,v5_mask,6101,80.0,0.18112462759017944,0.24276885150029281,0.17706935107707977,0.1851799041032791,0.05049467459321022
mnar_outcome_only,mask_only_dro,v5_mask,6101,85.0,0.18500375747680664,0.2474901805126566,0.17848846316337585,0.19151906669139862,0.051239486783742905
mnar_outcome_only,mask_only_dro,v5_mask,6101,90.0,0.17905831336975098,0.24264785715926118,0.17486076056957245,0.1832558661699295,0.05025903508067131
mnar_outcome_only,mask_only_dro,v5_mask,6101,95.0,0.1794241964817047,0.24934093911572358,0.17334790527820587,0.18550048768520355,0.04959139600396156
mnar_outcome_only,mask_only_dro,v5_mask,6101,100.0,0.17200858891010284,0.2502647915477249,0.16719523072242737,0.17682194709777832,0.048347748816013336
mnar_outcome_only,prior_separated,v2,6102,5.0,0.41715145111083984,0.4249009554455567,0.41715145111083984,0.43357956409454346,0.12488255649805069
mnar_outcome_only,prior_separated,v2,6102,10.0,0.2513270080089569,0.3126197862501244,0.2513270080089569,0.28024303913116455,0.06684498488903046
mnar_outcome_only,prior_separated,v2,6102,15.0,0.1905612051486969,0.29696434653456033,0.1905612051486969,0.2149389535188675,0.05123484134674072
mnar_outcome_only,prior_separated,v2,6102,20.0,0.14807330071926117,0.29909789215351407,0.14807330071926117,0.1540321260690689,0.037418633699417114
mnar_outcome_only,prior_separated,v2,6102,25.0,0.14237451553344727,0.31340746098134387,0.14237451553344727,0.15969733893871307,0.03681562840938568
mnar_outcome_only,prior_separated,v2,6102,30.0,0.12756454944610596,0.3250052019285866,0.12756454944610596,0.12879836559295654,0.032438572496175766
mnar_outcome_only,prior_separated,v2,6102,35.0,0.1286543756723404,0.332027519348322,0.1286543756723404,0.14430512487888336,0.03420470654964447
mnar_outcome_only,prior_separated,v2,6102,40.0,0.1180541068315506,0.3315648560438701,0.1180541068315506,0.1273931860923767,0.030855312943458557
mnar_outcome_only,prior_separated,v2,6102,45.0,0.11292793601751328,0.3164234408605576,0.11292793601751328,0.1172758936882019,0.029853612184524536
mnar_outcome_only,prior_separated,v2,6102,50.0,0.09769531339406967,0.3135602873759421,0.09769531339406967,0.10501642525196075,0.025051942095160484
mnar_outcome_only,prior_separated,v2,6102,55.0,0.09763891249895096,0.32640102848070773,0.09763891249895096,0.10393878817558289,0.024569302797317505
mnar_outcome_only,structured_policy_bank,v4,6102,5.0,0.5717450976371765,0.547487885580368,0.5717450976371765,0.6504836082458496,0.1928909569978714
mnar_outcome_only,structured_policy_bank,v4,6102,10.0,0.37791797518730164,0.38745406988687425,0.37791797518730164,0.4975773096084595,0.11228767782449722
mnar_outcome_only,structured_policy_bank,v4,6102,15.0,0.30142372846603394,0.3544095655364271,0.30142372846603394,0.4488099217414856,0.08738549798727036
mnar_outcome_only,structured_policy_bank,v4,6102,20.0,0.2713906466960907,0.3443148402912768,0.2713906466960907,0.3772062659263611,0.07822050154209137
mnar_outcome_only,structured_policy_bank,v4,6102,25.0,0.24585086107254028,0.32632134575444577,0.24585086107254028,0.4230233430862427,0.07044294476509094
mnar_outcome_only,structured_policy_bank,v4,6102,30.0,0.23659096658229828,0.3028421890380631,0.23659096658229828,0.36634179949760437,0.06754151731729507
mnar_outcome_only,structured_policy_bank,v4,6102,35.0,0.2260088473558426,0.29328305539629435,0.2260088473558426,0.3538057506084442,0.06438468396663666
mnar_outcome_only,structured_policy_bank,v4,6102,40.0,0.21446296572685242,0.28794800299192824,0.21446296572685242,0.3441886901855469,0.06063683703541756
mnar_outcome_only,structured_policy_bank,v4,6102,45.0,0.21617837250232697,0.283078775265723,0.21617837250232697,0.37393897771835327,0.06240909546613693
mnar_outcome_only,structured_policy_bank,v4,6102,50.0,0.2031228095293045,0.27606174495879987,0.2031228095293045,0.31568020582199097,0.058333490043878555
mnar_outcome_only,structured_policy_bank,v4,6102,55.0,0.19605763256549835,0.2738806767179897,0.19605763256549835,0.31716135144233704,0.05607912316918373
mnar_outcome_only,structured_policy_bank,v4,6102,60.0,0.19867737591266632,0.2776971358897966,0.19867737591266632,0.317417174577713,0.05748337507247925
mnar_outcome_only,structured_policy_bank,v4,6102,65.0,0.19306032359600067,0.2763651524300771,0.19306032359600067,0.31988781690597534,0.05663801729679108
mnar_outcome_only,structured_policy_bank,v4,6102,70.0,0.19064171612262726,0.27708932566665084,0.19064171612262726,0.31229549646377563,0.05582442507147789
mnar_outcome_only,structured_policy_bank,v4,6102,75.0,0.19417549669742584,0.2780273316752596,0.19417549669742584,0.33061859011650085,0.057004451751708984
mnar_outcome_only,structured_policy_bank,v4,6102,80.0,0.18445487320423126,0.2804118195981612,0.18445487320423126,0.3272053599357605,0.053901415318250656
mnar_outcome_only,structured_policy_bank,v4,6102,85.0,0.18432193994522095,0.28313792915913927,0.18432193994522095,0.32703840732574463,0.05436208099126816
mnar_outcome_only,structured_policy_bank,v4,6102,90.0,0.18765124678611755,0.2844585793703662,0.18765124678611755,0.3222975730895996,0.0561518557369709
mnar_outcome_only,structured_policy_bank,v4,6102,95.0,0.18614806234836578,0.2775694945814595,0.18614806234836578,0.3117387592792511,0.054978806525468826
mnar_outcome_only,mask_only_dro,v5_mask,6102,5.0,0.5635577440261841,0.5414062007709011,0.5615528225898743,0.5655626654624939,0.18695977330207825
mnar_outcome_only,mask_only_dro,v5_mask,6102,10.0,0.38733163475990295,0.3982320372709008,0.3812156617641449,0.393447607755661,0.11420425027608871
mnar_outcome_only,mask_only_dro,v5_mask,6102,15.0,0.3086032271385193,0.35878767071565965,0.302820086479187,0.31438636779785156,0.08812511712312698
mnar_outcome_only,mask_only_dro,v5_mask,6102,20.0,0.2817891836166382,0.3213716886698059,0.27640500664711,0.2871733605861664,0.08027736097574234
mnar_outcome_only,mask_only_dro,v5_mask,6102,25.0,0.25357234477996826,0.2909318792992578,0.24891921877861023,0.2582254409790039,0.07106407731771469
mnar_outcome_only,mask_only_dro,v5_mask,6102,30.0,0.2341630458831787,0.2722524569110764,0.2294963151216507,0.23882976174354553,0.06547380983829498
mnar_outcome_only,mask_only_dro,v5_mask,6102,35.0,0.22937388718128204,0.26932506556578784,0.2244616597890854,0.2342861145734787,0.06393138319253922
mnar_outcome_only,mask_only_dro,v5_mask,6102,40.0,0.22028642892837524,0.2646025833823145,0.21596074104309082,0.22461210191249847,0.06167804077267647
mnar_outcome_only,mask_only_dro,v5_mask,6102,45.0,0.21818074584007263,0.2577383209545393,0.2137477695941925,0.22261372208595276,0.06129464879631996
mnar_outcome_only,mask_only_dro,v5_mask,6102,50.0,0.20707246661186218,0.2536912232984882,0.20338326692581177,0.2107616513967514,0.05803484469652176
mnar_outcome_only,mask_only_dro,v5_mask,6102,55.0,0.20640823245048523,0.25319568365058387,0.20220176875591278,0.21061468124389648,0.05826830863952637
mnar_outcome_only,mask_only_dro,v5_mask,6102,60.0,0.1967889964580536,0.25066791863197907,0.1922856867313385,0.20129232108592987,0.05542171373963356
mnar_outcome_only,mask_only_dro,v5_mask,6102,65.0,0.19691699743270874,0.24737385544811713,0.19216838479042053,0.20166559517383575,0.055612631142139435
mnar_outcome_only,mask_only_dro,v5_mask,6102,70.0,0.19446489214897156,0.2479291108199856,0.1901455819606781,0.1987842172384262,0.05584176257252693
mnar_outcome_only,mask_only_dro,v5_mask,6102,75.0,0.1874249279499054,0.24859323252495924,0.18285508453845978,0.191994771361351,0.05319680646061897
mnar_outcome_only,mask_only_dro,v5_mask,6102,80.0,0.17979881167411804,0.24795426444002927,0.17579397559165955,0.18380366265773773,0.05106349661946297
mnar_outcome_only,mask_only_dro,v5_mask,6102,85.0,0.1881071925163269,0.2500492920276042,0.182130366563797,0.194084033370018,0.0530676506459713
mnar_outcome_only,mask_only_dro,v5_mask,6102,90.0,0.1878599226474762,0.24683164923113024,0.18265610933303833,0.19306373596191406,0.05369257181882858
mnar_outcome_only,mask_only_dro,v5_mask,6102,95.0,0.18151286244392395,0.24984098638457675,0.17661727964878082,0.18640843033790588,0.051865387707948685
mnar_outcome_only,mask_only_dro,v5_mask,6102,100.0,0.18895941972732544,0.24842890598640907,0.183212012052536,0.19470682740211487,0.054414067417383194
mnar_outcome_only,prior_separated,v2,6103,5.0,0.540999710559845,0.5150907015439169,0.540999710559845,0.5432588458061218,0.17898085713386536
mnar_outcome_only,prior_separated,v2,6103,10.0,0.33629733324050903,0.37238196440581994,0.33629733324050903,0.3364512324333191,0.09348208457231522
mnar_outcome_only,prior_separated,v2,6103,15.0,0.21996353566646576,0.3323957111174,0.21996353566646576,0.22053495049476624,0.05556574463844299
mnar_outcome_only,prior_separated,v2,6103,20.0,0.20991989970207214,0.32134719004018863,0.20991989970207214,0.22314774990081787,0.05705329030752182
mnar_outcome_only,prior_separated,v2,6103,25.0,0.1739788055419922,0.31410125317071647,0.1739788055419922,0.21237653493881226,0.04469836875796318
mnar_outcome_only,prior_separated,v2,6103,30.0,0.14505459368228912,0.32086591885943844,0.14505459368228912,0.16210973262786865,0.03516855090856552
mnar_outcome_only,prior_separated,v2,6103,35.0,0.14476490020751953,0.32729576441479524,0.14476490020751953,0.1787765622138977,0.03582649677991867
mnar_outcome_only,prior_separated,v2,6103,40.0,0.12321273982524872,0.33036429337089884,0.12321273982524872,0.1472339630126953,0.031200695782899857
mnar_outcome_only,prior_separated,v2,6103,45.0,0.12229325622320175,0.33803308579009206,0.12229325622320175,0.1514359414577484,0.03070373646914959
mnar_outcome_only,prior_separated,v2,6103,50.0,0.11634448170661926,0.336681346739989,0.11634448170661926,0.1492411494255066,0.028378907591104507
mnar_outcome_only,prior_separated,v2,6103,55.0,0.10935767740011215,0.32665256691821465,0.10935767740011215,0.1369311362504959,0.027109824120998383
mnar_outcome_only,prior_separated,v2,6103,60.0,0.11831323802471161,0.32433084756938574,0.11831323802471161,0.1391199827194214,0.03102848492562771
mnar_outcome_only,prior_separated,v2,6103,65.0,0.11419644951820374,0.32922680334052873,0.11419644951820374,0.1293080449104309,0.028967587277293205
mnar_outcome_only,structured_policy_bank,v4,6103,5.0,0.5233171582221985,0.47553671622496424,0.5233171582221985,0.5805498361587524,0.1697993129491806
mnar_outcome_only,structured_policy_bank,v4,6103,10.0,0.3748350143432617,0.3751174802756212,0.3748350143432617,0.4879758656024933,0.11040928959846497
mnar_outcome_only,structured_policy_bank,v4,6103,15.0,0.30408042669296265,0.3306547453575416,0.30408042669296265,0.4161983132362366,0.087399922311306
mnar_outcome_only,structured_policy_bank,v4,6103,20.0,0.2604213356971741,0.31987202950933713,0.2604213356971741,0.380598783493042,0.07321763038635254
mnar_outcome_only,structured_policy_bank,v4,6103,25.0,0.2408367246389389,0.3154634554702338,0.2408367246389389,0.362848699092865,0.06752543896436691
mnar_outcome_only,structured_policy_bank,v4,6103,30.0,0.22599074244499207,0.3021493599186764,0.22599074244499207,0.35689401626586914,0.06310784816741943
mnar_outcome_only,structured_policy_bank,v4,6103,35.0,0.22582271695137024,0.29041712676813713,0.22582271695137024,0.3815688490867615,0.06404776126146317
mnar_outcome_only,structured_policy_bank,v4,6103,40.0,0.2190602570772171,0.2827580322347394,0.2190602570772171,0.3554458022117615,0.062003303319215775
mnar_outcome_only,structured_policy_bank,v4,6103,45.0,0.21353435516357422,0.27998593802712607,0.21353435516357422,0.3703884482383728,0.06030000001192093
mnar_outcome_only,structured_policy_bank,v4,6103,50.0,0.20642323791980743,0.27904072448723416,0.20642323791980743,0.32250839471817017,0.05849196016788483
mnar_outcome_only,structured_policy_bank,v4,6103,55.0,0.19742481410503387,0.27978038442928443,0.19742481410503387,0.3251521587371826,0.05559733137488365
mnar_outcome_only,structured_policy_bank,v4,6103,60.0,0.18903784453868866,0.27606784751151775,0.18903784453868866,0.32104137539863586,0.0531947985291481
mnar_outcome_only,structured_policy_bank,v4,6103,65.0,0.19356781244277954,0.26956789407157594,0.19356781244277954,0.35363906621932983,0.054869260638952255
mnar_outcome_only,structured_policy_bank,v4,6103,70.0,0.18865060806274414,0.26392364181495176,0.18865060806274414,0.3113737106323242,0.05339512601494789
mnar_outcome_only,structured_policy_bank,v4,6103,75.0,0.18822629749774933,0.26183047066194,0.18822629749774933,0.3334156274795532,0.053938739001750946
mnar_outcome_only,structured_policy_bank,v4,6103,80.0,0.18560108542442322,0.25650133444617973,0.18560108542442322,0.38321179151535034,0.052760615944862366
mnar_outcome_only,structured_policy_bank,v4,6103,85.0,0.18876932561397552,0.2592684342778564,0.18876932561397552,0.3379178047180176,0.05463069677352905
mnar_outcome_only,structured_policy_bank,v4,6103,90.0,0.1788574606180191,0.2637668604313159,0.1788574606180191,0.31375545263290405,0.05090238153934479
mnar_outcome_only,structured_policy_bank,v4,6103,95.0,0.18238966166973114,0.26118918335299585,0.18238966166973114,0.30326080322265625,0.053099386394023895
mnar_outcome_only,structured_policy_bank,v4,6103,100.0,0.17507323622703552,0.25373867492859026,0.17507323622703552,0.3295217752456665,0.050182051956653595
mnar_outcome_only,mask_only_dro,v5_mask,6103,5.0,0.5006272792816162,0.462383981845387,0.49984413385391235,0.5014104843139648,0.1608508676290512
mnar_outcome_only,mask_only_dro,v5_mask,6103,10.0,0.3479401469230652,0.3704231647424463,0.3447151482105255,0.35116511583328247,0.1017226129770279
mnar_outcome_only,mask_only_dro,v5_mask,6103,15.0,0.2835384011268616,0.32705890221912537,0.27927231788635254,0.2878044545650482,0.08046771585941315
mnar_outcome_only,mask_only_dro,v5_mask,6103,20.0,0.25392115116119385,0.3089135103594096,0.24754831194877625,0.26029396057128906,0.0707036554813385
mnar_outcome_only,mask_only_dro,v5_mask,6103,25.0,0.23713311553001404,0.29543482896320067,0.23350854218006134,0.24075770378112793,0.06686532497406006
mnar_outcome_only,mask_only_dro,v5_mask,6103,30.0,0.22704073786735535,0.28768450008273966,0.21912719309329987,0.23495426774024963,0.06262991577386856
mnar_outcome_only,mask_only_dro,v5_mask,6103,35.0,0.22545567154884338,0.2780143110411482,0.21851086616516113,0.23240046203136444,0.06315431743860245
mnar_outcome_only,mask_only_dro,v5_mask,6103,40.0,0.21229258179664612,0.2631337765612417,0.20703944563865662,0.21754570305347443,0.05892176181077957
mnar_outcome_only,mask_only_dro,v5_mask,6103,45.0,0.20891447365283966,0.25809459108570953,0.2025962918996811,0.21523265540599823,0.05811002478003502
mnar_outcome_only,mask_only_dro,v5_mask,6103,50.0,0.20677706599235535,0.25612900920743065,0.20107463002204895,0.21247950196266174,0.05802834779024124
mnar_outcome_only,mask_only_dro,v5_mask,6103,55.0,0.1998634934425354,0.2572334351112732,0.19478999078273773,0.20493698120117188,0.055797286331653595
mnar_outcome_only,mask_only_dro,v5_mask,6103,60.0,0.19161838293075562,0.25801387462822223,0.1864548772573471,0.19678187370300293,0.05338491499423981
mnar_outcome_only,mask_only_dro,v5_mask,6103,65.0,0.18885546922683716,0.2539120198806033,0.1839359998703003,0.19377493858337402,0.052890755236148834
mnar_outcome_only,mask_only_dro,v5_mask,6103,70.0,0.1858806312084198,0.2532961581230861,0.1809946447610855,0.1907666176557541,0.05221395939588547
mnar_outcome_only,mask_only_dro,v5_mask,6103,75.0,0.18848738074302673,0.2526930739600153,0.18213966488838196,0.1948350965976715,0.05297178775072098
mnar_outcome_only,mask_only_dro,v5_mask,6103,80.0,0.19173654913902283,0.25355998476875985,0.18588502705097198,0.19758807122707367,0.053967107087373734
mnar_outcome_only,mask_only_dro,v5_mask,6103,85.0,0.18663297593593597,0.2502165625664889,0.18021808564662933,0.19304786622524261,0.052671004086732864
mnar_outcome_only,mask_only_dro,v5_mask,6103,90.0,0.18474294245243073,0.2516507812817983,0.1777249574661255,0.19176092743873596,0.05187762528657913
mnar_outcome_only,mask_only_dro,v5_mask,6103,95.0,0.17456020414829254,0.25481809498287167,0.16939237713813782,0.17972803115844727,0.048653874546289444
mnar_outcome_only,mask_only_dro,v5_mask,6103,100.0,0.17935790121555328,0.25332720545825194,0.174698144197464,0.18401765823364258,0.05104647949337959
