outer_target,inner_validation,experiment,variant,parameter_id,seed,epoch,objective,validation_score,natural_supervised_risk,masked_supervised_risk,consistency_risk,confident_fraction
cleveland,hungary,mirrams_equation9,mirrams,0,5062,5.0,7.720111846923828,0.876134897086801,0.4789971709251404,0.48274096846580505,0.0,0.0
cleveland,hungary,mirrams_equation9,mirrams,0,5062,10.0,7.4400739669799805,0.9866900793064401,0.4547683596611023,0.4656870663166046,0.0,0.0
cleveland,hungary,mirrams_equation9,mirrams,0,5062,15.0,6.897841930389404,0.9415905205461759,0.43947634100914,0.4305576980113983,0.0,0.0
cleveland,hungary,mirrams_equation9,mirrams,0,5062,20.0,6.65697717666626,0.8251455405629683,0.42669713497161865,0.4153519868850708,0.0,0.0
cleveland,hungary,mirrams_equation9,mirrams,0,5062,25.0,6.5366530418396,0.756743903146154,0.40898609161376953,0.40851113200187683,0.0,0.0
cleveland,hungary,mirrams_equation9,mirrams,0,5062,30.0,7.251201152801514,0.7581281980067731,0.3948890268802643,0.3935585618019104,0.06352891027927399,0.0030959751456975937
cleveland,hungary,mirrams_equation9,mirrams,0,5062,35.0,7.349668025970459,0.8083875835726011,0.39392727613449097,0.38776126503944397,0.07595478743314743,0.08049535751342773
cleveland,hungary,mirrams_equation9,mirrams,0,5062,40.0,7.442690849304199,0.8256512119581316,0.39637863636016846,0.41845569014549255,0.05129847303032875,0.27863776683807373
cleveland,hungary,mirrams_equation9,mirrams,0,5062,45.0,7.119347095489502,0.7444010614170768,0.38865745067596436,0.3999190032482147,0.048793647438287735,0.37151700258255005
cleveland,hungary,mirrams_equation9,mirrams,0,5062,50.0,6.760928153991699,0.6950635895793968,0.3759048283100128,0.3776874244213104,0.047980789095163345,0.396284818649292
cleveland,hungary,mirrams_equation9,mirrams,0,5062,55.0,6.8830413818359375,0.7034095560945184,0.3747217357158661,0.390239417552948,0.043648552149534225,0.45820432901382446
cleveland,hungary,mirrams_equation9,mirrams,0,5062,60.0,7.074609279632568,0.6907985084147681,0.3608294427394867,0.39925655722618103,0.04832879453897476,0.5263157486915588
cleveland,hungary,mirrams_equation9,mirrams,0,5062,65.0,6.616698741912842,0.6576366825737522,0.3614060878753662,0.3748454451560974,0.04217405989766121,0.5077399015426636
cleveland,hungary,mirrams_equation9,mirrams,0,5062,70.0,6.6119794845581055,0.6525230833851708,0.35118982195854187,0.3732493817806244,0.04413660615682602,0.5201238393783569
cleveland,hungary,mirrams_equation9,mirrams,0,5062,75.0,6.652393817901611,0.6568677874746971,0.32548683881759644,0.37482360005378723,0.04697020351886749,0.5108358860015869
cleveland,hungary,mirrams_equation9,mirrams,0,5062,80.0,6.422642707824707,0.6745782887471105,0.3477163314819336,0.36272305250167847,0.042272016406059265,0.5510835647583008
cleveland,hungary,mirrams_equation9,mirrams,0,5062,85.0,6.6387505531311035,0.6756735004531784,0.36304372549057007,0.3715886175632477,0.046791836619377136,0.5665634274482727
cleveland,hungary,mirrams_equation9,mirrams,0,5062,90.0,6.707102298736572,0.6545026367548914,0.3425459563732147,0.37332913279533386,0.05097462236881256,0.5417956709861755
cleveland,hungary,mirrams_equation9,mirrams,0,5062,95.0,5.931360244750977,0.6567394797438948,0.3315761089324951,0.33063772320747375,0.04268123582005501,0.5572755336761475
cleveland,hungary,mirrams_equation9,mirrams,0,5062,100.0,6.57877779006958,0.6481244566960092,0.3378145694732666,0.3637312054634094,0.052333034574985504,0.5603715181350708
cleveland,hungary,mirrams_equation9,mirrams,0,5062,105.0,6.300199508666992,0.6399210576149286,0.3347429037094116,0.35446327924728394,0.04323380067944527,0.5603715181350708
cleveland,hungary,mirrams_equation9,mirrams,0,5062,110.0,6.253444194793701,0.6467749702356267,0.3215039074420929,0.35569679737091064,0.0397658534348011,0.5665634274482727
cleveland,hungary,mirrams_equation9,mirrams,0,5062,115.0,6.0090250968933105,0.6512773957869145,0.3236619234085083,0.33513006567955017,0.043894167989492416,0.569659411907196
cleveland,hungary,mirrams_equation9,mirrams,0,5062,120.0,5.923084259033203,0.6500003466344004,0.3144594430923462,0.3335997760295868,0.04030853509902954,0.5789473652839661
cleveland,hungary,mirrams_equation9,mirrams,0,5063,5.0,7.844925403594971,0.8826070736001969,0.4818311631679535,0.49087294936180115,0.0,0.0
cleveland,hungary,mirrams_equation9,mirrams,0,5063,10.0,7.306887626647949,0.9973621866620872,0.4573371708393097,0.4566366672515869,0.0,0.0
cleveland,hungary,mirrams_equation9,mirrams,0,5063,15.0,7.2703375816345215,0.9722975151823361,0.4533597230911255,0.45446521043777466,0.0,0.0
cleveland,hungary,mirrams_equation9,mirrams,0,5063,20.0,7.074807643890381,0.8738513349082984,0.43542465567588806,0.4426255226135254,0.0,0.0
cleveland,hungary,mirrams_equation9,mirrams,0,5063,25.0,6.879698753356934,0.7791841083613945,0.4239259958267212,0.4303848445415497,0.0,0.0
cleveland,hungary,mirrams_equation9,mirrams,0,5063,30.0,6.655146598815918,0.7254714766214361,0.4074054956436157,0.41651609539985657,0.0,0.0
cleveland,hungary,mirrams_equation9,mirrams,0,5063,35.0,7.808487415313721,0.6852693984989705,0.4059349000453949,0.4204200506210327,0.07308345288038254,0.0030959751456975937
cleveland,hungary,mirrams_equation9,mirrams,0,5063,40.0,7.323578834533691,0.6710104373733473,0.3922017514705658,0.4074127674102783,0.05467899516224861,0.03405572474002838
cleveland,hungary,mirrams_equation9,mirrams,0,5063,45.0,7.172365665435791,0.6479124670009351,0.39483222365379333,0.3944529592990875,0.05738260969519615,0.20743033289909363
cleveland,hungary,mirrams_equation9,mirrams,0,5063,50.0,7.2776384353637695,0.6020044389340067,0.39023885130882263,0.4067041575908661,0.05245581641793251,0.3560371398925781
cleveland,hungary,mirrams_equation9,mirrams,0,5063,55.0,7.140657901763916,0.5812161420625134,0.3711504340171814,0.40292811393737793,0.04837239161133766,0.3900928795337677
cleveland,hungary,mirrams_equation9,mirrams,0,5063,60.0,6.90359354019165,0.5908762712371516,0.38321933150291443,0.3871556520462036,0.04753595590591431,0.4613002836704254
cleveland,hungary,mirrams_equation9,mirrams,0,5063,65.0,6.706249713897705,0.6151723035106343,0.3827223479747772,0.3733401596546173,0.04822833091020584,0.5139318704605103
cleveland,hungary,mirrams_equation9,mirrams,0,5063,70.0,7.238266944885254,0.6157770370529096,0.3784900903701782,0.409953773021698,0.04736468195915222,0.48606809973716736
cleveland,hungary,mirrams_equation9,mirrams,0,5063,75.0,6.616889476776123,0.6387103299282053,0.3657980263233185,0.3747575879096985,0.04198184981942177,0.5356037020683289
cleveland,hungary,mirrams_equation9,mirrams,0,5063,80.0,6.441452980041504,0.643645003530413,0.37979716062545776,0.36780157685279846,0.03630883991718292,0.5356037020683289
cleveland,hungary,mirrams_equation9,mirrams,0,5063,85.0,6.151767253875732,0.6214409721348704,0.36188676953315735,0.34718385338783264,0.03880815580487251,0.5325077176094055
cleveland,hungary,mirrams_equation9,mirrams,0,5063,90.0,6.720544815063477,0.620682587011854,0.35394740104675293,0.3818846046924591,0.04255524277687073,0.5417956709861755
cleveland,hungary,mirrams_equation9,mirrams,0,5063,95.0,6.410282611846924,0.64239494358667,0.3443935811519623,0.36713454127311707,0.03725804388523102,0.5541795492172241
cleveland,hungary,mirrams_equation9,mirrams,0,5064,5.0,7.902876853942871,0.8232892450205851,0.48568129539489746,0.4944797158241272,0.0,0.0
cleveland,hungary,mirrams_equation9,mirrams,0,5064,10.0,7.249807357788086,1.0230678217803906,0.4476289749145508,0.45347854495048523,0.0,0.0
cleveland,hungary,mirrams_equation9,mirrams,0,5064,15.0,6.97025728225708,0.989576416793273,0.4414692521095276,0.4352525472640991,0.0,0.0
cleveland,hungary,mirrams_equation9,mirrams,0,5064,20.0,8.82490348815918,0.8329880458242332,0.4135898947715759,0.4353979527950287,0.1253562569618225,0.0030959751456975937
cleveland,hungary,mirrams_equation9,mirrams,0,5064,25.0,8.957022666931152,0.7804500599993287,0.4122672379016876,0.421597957611084,0.1480524092912674,0.0030959751456975937
cleveland,hungary,mirrams_equation9,mirrams,0,5064,30.0,7.841461181640625,0.8100818146851693,0.4018121361732483,0.4147075116634369,0.08126910030841827,0.02476780116558075
cleveland,hungary,mirrams_equation9,mirrams,0,5064,35.0,7.613428592681885,0.8770746880772597,0.39951711893081665,0.42516404390335083,0.05576339736580849,0.13622289896011353
cleveland,hungary,mirrams_equation9,mirrams,0,5064,40.0,6.963451385498047,0.8339907653078535,0.39460068941116333,0.38587063550949097,0.05205272510647774,0.36532506346702576
cleveland,hungary,mirrams_equation9,mirrams,0,5064,45.0,7.419182300567627,0.7742280729057505,0.39712655544281006,0.4178573489189148,0.05027966946363449,0.43653249740600586
cleveland,hungary,mirrams_equation9,mirrams,0,5064,50.0,7.088006019592285,0.7588543865211741,0.373660683631897,0.39885613322257996,0.048766884952783585,0.47058820724487305
cleveland,hungary,mirrams_equation9,mirrams,0,5064,55.0,6.413386344909668,0.7398390291147365,0.378085732460022,0.36192914843559265,0.04042420908808708,0.5386996865272522
cleveland,hungary,mirrams_equation9,mirrams,0,5064,60.0,6.611225605010986,0.684707430429212,0.3746888041496277,0.37381112575531006,0.041958000510931015,0.5386996865272522
cleveland,hungary,mirrams_equation9,mirrams,0,5064,65.0,6.767283916473389,0.6689170935561644,0.36865490674972534,0.38249799609184265,0.04407726973295212,0.5510835647583008
cleveland,hungary,mirrams_equation9,mirrams,0,5064,70.0,6.590278625488281,0.6640267524397558,0.3586052358150482,0.3765068054199219,0.03893806040287018,0.5758513808250427
cleveland,hungary,mirrams_equation9,mirrams,0,5064,75.0,6.409809112548828,0.6487860860253531,0.36900854110717773,0.35642051696777344,0.0462995208799839,0.6006191968917847
cleveland,hungary,mirrams_equation9,mirrams,0,5064,80.0,6.75103759765625,0.6376833434439236,0.3455391526222229,0.3790643513202667,0.04796891286969185,0.5975232124328613
cleveland,hungary,mirrams_equation9,mirrams,0,5064,85.0,6.659326553344727,0.63747074531651,0.36075812578201294,0.3697108030319214,0.05019375681877136,0.5913312435150146
cleveland,hungary,mirrams_equation9,mirrams,0,5064,90.0,6.562647819519043,0.6309931963740002,0.3441644012928009,0.37322303652763367,0.04134252294898033,0.594427227973938
cleveland,hungary,mirrams_equation9,mirrams,0,5064,95.0,6.735682010650635,0.6050174220400653,0.3260272741317749,0.380343496799469,0.0469667948782444,0.5820433497428894
cleveland,hungary,mirrams_equation9,mirrams,0,5064,100.0,6.0940351486206055,0.603143124943896,0.33093640208244324,0.33946657180786133,0.044740017503499985,0.5634675025939941
cleveland,hungary,mirrams_equation9,mirrams,0,5064,105.0,6.139997482299805,0.6278218596065204,0.3298671245574951,0.34987637400627136,0.03746567294001579,0.5820433497428894
cleveland,hungary,mirrams_equation9,mirrams,0,5064,110.0,6.288829803466797,0.6206056861658857,0.32118919491767883,0.3597661554813385,0.03807654231786728,0.603715181350708
cleveland,hungary,mirrams_equation9,mirrams,0,5064,115.0,6.725526332855225,0.6277133038132792,0.3325575590133667,0.38069677352905273,0.045501139014959335,0.569659411907196
cleveland,hungary,mirrams_equation9,mirrams,0,5064,120.0,6.251250743865967,0.637796883616867,0.32233351469039917,0.35425642132759094,0.041004739701747894,0.5913312435150146
cleveland,switzerland,mirrams_equation9,mirrams,0,5062,5.0,9.963373184204102,0.6590508605607434,0.6238453984260559,0.6226351857185364,0.0,0.0
cleveland,switzerland,mirrams_equation9,mirrams,0,5062,10.0,8.916396141052246,0.651003436749972,0.5438768267631531,0.5581679940223694,0.0,0.0
cleveland,switzerland,mirrams_equation9,mirrams,0,5062,15.0,8.102118492126465,0.661977430872517,0.502117931842804,0.5066667199134827,0.0,0.0
cleveland,switzerland,mirrams_equation9,mirrams,0,5062,20.0,7.882529258728027,0.6918028951152457,0.4648435115814209,0.4945124089717865,0.0,0.0
cleveland,switzerland,mirrams_equation9,mirrams,0,5062,25.0,7.630300045013428,0.7230754138161801,0.46008822321891785,0.47801411151885986,0.0,0.0
cleveland,switzerland,mirrams_equation9,mirrams,0,5062,30.0,8.497180938720703,0.7311659443069358,0.45019644498825073,0.45100879669189453,0.08545684814453125,0.0020242915488779545
cleveland,switzerland,mirrams_equation9,mirrams,0,5062,35.0,8.376466751098633,0.7369574425295116,0.4351649284362793,0.45161011815071106,0.07780998945236206,0.008097166195511818
cleveland,switzerland,mirrams_equation9,mirrams,0,5062,40.0,7.892173767089844,0.746177030285982,0.4165825843811035,0.43627214431762695,0.0621006153523922,0.05870445445179939
cleveland,switzerland,mirrams_equation9,mirrams,0,5062,45.0,7.920471668243408,0.7572081660613001,0.41456711292266846,0.4385228753089905,0.0618707537651062,0.10323886573314667
cleveland,switzerland,mirrams_equation9,mirrams,0,5062,50.0,7.751696586608887,0.7645458381168797,0.4201672077178955,0.43980544805526733,0.04896318167448044,0.14979757368564606
cleveland,switzerland,mirrams_equation9,mirrams,0,5063,5.0,10.823198318481445,0.7968430765727789,0.6640106439590454,0.6772791743278503,-0.0,0.0
cleveland,switzerland,mirrams_equation9,mirrams,0,5063,10.0,9.655126571655273,0.784246507540592,0.593096911907196,0.6041353344917297,0.0,0.0
cleveland,switzerland,mirrams_equation9,mirrams,0,5063,15.0,8.505876541137695,0.7808812869054793,0.5314807295799255,0.5316264033317566,0.0,0.0
cleveland,switzerland,mirrams_equation9,mirrams,0,5063,20.0,7.947361469268799,0.8011017101980114,0.4799969494342804,0.4978242814540863,-0.0,0.0
cleveland,switzerland,mirrams_equation9,mirrams,0,5063,25.0,7.657980918884277,0.8469645904048531,0.4630337059497833,0.4796631336212158,0.0,0.0
cleveland,switzerland,mirrams_equation9,mirrams,0,5063,30.0,9.846274375915527,0.8861635669512549,0.4345293641090393,0.4622545838356018,0.16519507765769958,0.0020242915488779545
cleveland,switzerland,mirrams_equation9,mirrams,0,5063,35.0,7.249873638153076,0.8800091846055952,0.4356960952281952,0.45427849888801575,0.0,0.0
cleveland,switzerland,mirrams_equation9,mirrams,0,5063,40.0,7.209700584411621,0.8527920334751892,0.43949437141418457,0.45134708285331726,0.0,0.0
cleveland,switzerland,mirrams_equation9,mirrams,0,5063,45.0,8.226104736328125,0.8529151678509084,0.41588857769966125,0.4260890483856201,0.09459200501441956,0.008097166195511818
cleveland,switzerland,mirrams_equation9,mirrams,0,5063,50.0,7.816239356994629,0.8670276924846959,0.41324594616889954,0.42188459634780884,0.0716482624411583,0.03846153989434242
cleveland,switzerland,mirrams_equation9,mirrams,0,5063,55.0,7.769936561584473,0.8569795898622212,0.40881243348121643,0.4202924370765686,0.07044917345046997,0.10526315867900848
cleveland,switzerland,mirrams_equation9,mirrams,0,5064,5.0,10.580870628356934,0.6758936880546553,0.6579198837280273,0.6615300178527832,0.0,0.0
cleveland,switzerland,mirrams_equation9,mirrams,0,5064,10.0,9.2156400680542,0.6444191090201851,0.5699282288551331,0.5763807892799377,0.0,0.0
cleveland,switzerland,mirrams_equation9,mirrams,0,5064,15.0,8.176634788513184,0.6363212859992383,0.5123088955879211,0.5109550356864929,0.0,0.0
cleveland,switzerland,mirrams_equation9,mirrams,0,5064,20.0,7.537754058837891,0.6385658318549601,0.4646008014678955,0.4715435206890106,0.0,0.0
cleveland,switzerland,mirrams_equation9,mirrams,0,5064,25.0,8.463059425354004,0.6528694486979916,0.44034940004348755,0.45608553290367126,0.07876178622245789,0.012145749293267727
cleveland,switzerland,mirrams_equation9,mirrams,0,5064,30.0,8.137709617614746,0.6825287474509989,0.4323694109916687,0.4447653293609619,0.06892399489879608,0.06477732956409454
cleveland,switzerland,mirrams_equation9,mirrams,0,5064,35.0,8.04995346069336,0.7058459033196514,0.42707207798957825,0.4539377689361572,0.05425428971648216,0.15182186663150787
cleveland,switzerland,mirrams_equation9,mirrams,0,5064,40.0,7.941112995147705,0.7222267541018854,0.4216328263282776,0.4430828392505646,0.058215830475091934,0.21862348914146423
cleveland,switzerland,mirrams_equation9,mirrams,0,5064,45.0,7.482311725616455,0.7431290111206114,0.4325178265571594,0.42523106932640076,0.044755179435014725,0.2591093182563782
cleveland,switzerland,mirrams_equation9,mirrams,0,5064,50.0,7.714634895324707,0.7358439700192334,0.417374849319458,0.4392749071121216,0.04720909148454666,0.29149797558784485
cleveland,switzerland,mirrams_equation9,mirrams,0,5064,55.0,7.543275833129883,0.7244820258334395,0.4112882912158966,0.4254414141178131,0.05002441629767418,0.311740905046463
cleveland,va_long_beach,mirrams_equation9,mirrams,0,5062,5.0,10.219669342041016,0.6892336760851663,0.6182408332824707,0.6400952935218811,0.0,0.0
cleveland,va_long_beach,mirrams_equation9,mirrams,0,5062,10.0,8.641965866088867,0.7051911908080579,0.5264412760734558,0.5410349369049072,0.0,0.0
cleveland,va_long_beach,mirrams_equation9,mirrams,0,5062,15.0,7.848567962646484,0.7487038782511688,0.47471630573272705,0.49159011244773865,0.0,0.0
cleveland,va_long_beach,mirrams_equation9,mirrams,0,5062,20.0,6.8389387130737305,0.7969127367697608,0.4333707094192505,0.4270378649234772,0.0,0.0
cleveland,va_long_beach,mirrams_equation9,mirrams,0,5062,25.0,6.242567539215088,0.8488229858333847,0.3959202766418457,0.38977646827697754,0.0,0.0
cleveland,va_long_beach,mirrams_equation9,mirrams,0,5062,30.0,7.037335395812988,0.9166177485030874,0.3549771010875702,0.37207767367362976,0.07341285794973373,0.011990407481789589
cleveland,va_long_beach,mirrams_equation9,mirrams,0,5062,35.0,7.226644992828369,0.978597280385322,0.355760782957077,0.3843989968299866,0.07365994900465012,0.08872901648283005
cleveland,va_long_beach,mirrams_equation9,mirrams,0,5062,40.0,6.86485481262207,1.043218245556599,0.33538222312927246,0.3739813268184662,0.06131686270236969,0.20383693277835846
cleveland,va_long_beach,mirrams_equation9,mirrams,0,5062,45.0,6.5324177742004395,1.0743060170669307,0.3317587673664093,0.36179715394973755,0.05158010870218277,0.2949640452861786
cleveland,va_long_beach,mirrams_equation9,mirrams,0,5063,5.0,10.305371284484863,0.6627710049437643,0.6284022927284241,0.6451312303543091,0.0,0.0
cleveland,va_long_beach,mirrams_equation9,mirrams,0,5063,10.0,8.980070114135742,0.6544370360297567,0.556466817855835,0.5615735650062561,0.0,0.0
cleveland,va_long_beach,mirrams_equation9,mirrams,0,5063,15.0,8.088982582092285,0.693818222122158,0.48512861132621765,0.5069236159324646,0.0,0.0
cleveland,va_long_beach,mirrams_equation9,mirrams,0,5063,20.0,7.315074920654297,0.7482690277211063,0.43542978167533875,0.45864301919937134,0.0,0.0
cleveland,va_long_beach,mirrams_equation9,mirrams,0,5063,25.0,6.74554967880249,0.8030828512972161,0.38332420587539673,0.4241483807563782,0.0,0.0
cleveland,va_long_beach,mirrams_equation9,mirrams,0,5063,30.0,7.351374626159668,0.882776422736864,0.36961597204208374,0.4017629623413086,0.06368760764598846,0.0023980815894901752
cleveland,va_long_beach,mirrams_equation9,mirrams,0,5063,35.0,7.471857070922852,0.9671977515086114,0.36227238178253174,0.39824599027633667,0.07572633773088455,0.057553958147764206
cleveland,va_long_beach,mirrams_equation9,mirrams,0,5063,40.0,7.449676990509033,1.0359085512220296,0.3587692975997925,0.40003541111946106,0.07269175350666046,0.1774580329656601
cleveland,va_long_beach,mirrams_equation9,mirrams,0,5063,45.0,6.797946453094482,1.0759812531185438,0.3370654284954071,0.37152862548828125,0.05919679254293442,0.2781774699687958
cleveland,va_long_beach,mirrams_equation9,mirrams,0,5063,50.0,6.677249908447266,1.1180282009363927,0.3564976453781128,0.36365556716918945,0.05772789195179939,0.35731416940689087
cleveland,va_long_beach,mirrams_equation9,mirrams,0,5064,5.0,9.618768692016602,0.719664955952348,0.6040294170379639,0.6009826064109802,0.0,0.0
cleveland,va_long_beach,mirrams_equation9,mirrams,0,5064,10.0,8.882144927978516,0.7512521308105741,0.5333830714225769,0.5565841197967529,0.0,0.0
cleveland,va_long_beach,mirrams_equation9,mirrams,0,5064,15.0,7.686718463897705,0.7511325107491407,0.46396222710609436,0.48151710629463196,0.0,0.0
cleveland,va_long_beach,mirrams_equation9,mirrams,0,5064,20.0,6.94960880279541,0.7936020854440065,0.41144421696662903,0.43587765097618103,-0.0,0.0
cleveland,va_long_beach,mirrams_equation9,mirrams,0,5064,25.0,6.065258026123047,0.8819082626249106,0.3709390163421631,0.379621297121048,0.0,0.0
cleveland,va_long_beach,mirrams_equation9,mirrams,0,5064,30.0,6.955460548400879,0.9171006712936418,0.3520808815956116,0.3755602240562439,0.06466507911682129,0.0047961631789803505
cleveland,va_long_beach,mirrams_equation9,mirrams,0,5064,35.0,6.715602874755859,0.939714840212293,0.339335560798645,0.356118768453598,0.06896574050188065,0.047961629927158356
cleveland,va_long_beach,mirrams_equation9,mirrams,0,5064,40.0,6.909075736999512,1.0017909985752054,0.3447026312351227,0.3767163157463074,0.06090853735804558,0.20863309502601624
cleveland,va_long_beach,mirrams_equation9,mirrams,0,5064,45.0,6.381295204162598,1.0227430461843414,0.34553855657577515,0.3478694558143616,0.054514311254024506,0.3477218449115753
hungary,cleveland,mirrams_equation9,mirrams,0,5062,5.0,10.741706848144531,0.666366037934399,0.6399319767951965,0.6734516620635986,0.0,0.0
hungary,cleveland,mirrams_equation9,mirrams,0,5062,10.0,8.520329475402832,0.774386551986616,0.518146812915802,0.533478856086731,0.0,0.0
hungary,cleveland,mirrams_equation9,mirrams,0,5062,15.0,7.477437973022461,0.9493919071263943,0.464863657951355,0.46750494837760925,0.0,0.0
hungary,cleveland,mirrams_equation9,mirrams,0,5062,20.0,7.371193885803223,1.0587314702741997,0.45949891209602356,0.46077966690063477,0.0,0.0
hungary,cleveland,mirrams_equation9,mirrams,0,5062,25.0,7.162412643432617,1.0307347832450735,0.4574986398220062,0.44699427485466003,0.0,0.0
hungary,cleveland,mirrams_equation9,mirrams,0,5062,30.0,7.315139293670654,0.9314760158679711,0.4404962956905365,0.458309531211853,0.0,0.0
hungary,cleveland,mirrams_equation9,mirrams,0,5062,35.0,6.896519660949707,0.8433801003217676,0.42384520173072815,0.43151164054870605,0.0,0.0
hungary,cleveland,mirrams_equation9,mirrams,0,5062,40.0,6.894336700439453,0.8226976264780741,0.418318510055542,0.43173453211784363,0.0,0.0
hungary,cleveland,mirrams_equation9,mirrams,0,5062,45.0,6.902188301086426,0.8451702180602965,0.41312503814697266,0.43260422348976135,0.0,0.0
hungary,cleveland,mirrams_equation9,mirrams,0,5063,5.0,9.59832763671875,0.75469312417559,0.591315746307373,0.6004674434661865,0.0,0.0
hungary,cleveland,mirrams_equation9,mirrams,0,5063,10.0,8.144245147705078,0.8349805965153119,0.4964410066604614,0.5098536014556885,0.0,0.0
hungary,cleveland,mirrams_equation9,mirrams,0,5063,15.0,7.660712242126465,0.9268343768941957,0.4703471064567566,0.47935768961906433,0.0,0.0
hungary,cleveland,mirrams_equation9,mirrams,0,5063,20.0,7.267444133758545,0.9680036566668082,0.4513684809207916,0.4544050395488739,0.0,0.0
hungary,cleveland,mirrams_equation9,mirrams,0,5063,25.0,7.295674800872803,0.9259436030544225,0.44357576966285706,0.45680660009384155,0.0,0.0
hungary,cleveland,mirrams_equation9,mirrams,0,5063,30.0,7.167854309082031,0.8472564018473494,0.4243774712085724,0.4495651125907898,0.0,0.0
hungary,cleveland,mirrams_equation9,mirrams,0,5063,35.0,6.861364841461182,0.7867817786543361,0.40946266055107117,0.430126816034317,0.0,0.0
hungary,cleveland,mirrams_equation9,mirrams,0,5063,40.0,6.879286289215088,0.7776534187011475,0.40297800302505493,0.43175390362739563,0.0,0.0
hungary,cleveland,mirrams_equation9,mirrams,0,5063,45.0,6.518050193786621,0.7971007060373021,0.40290865302085876,0.407676100730896,0.0,0.0
hungary,cleveland,mirrams_equation9,mirrams,0,5064,5.0,8.062848091125488,0.9070904617896369,0.49403324723243713,0.5045876502990723,0.0,0.0
hungary,cleveland,mirrams_equation9,mirrams,0,5064,10.0,7.667818546295166,1.0561821602478336,0.4695548713207245,0.47988423705101013,0.0,0.0
hungary,cleveland,mirrams_equation9,mirrams,0,5064,15.0,7.338113784790039,1.0631235178655425,0.4498840272426605,0.45921531319618225,0.0,0.0
hungary,cleveland,mirrams_equation9,mirrams,0,5064,20.0,7.017805576324463,0.9648988892878216,0.43478280305862427,0.4388681650161743,0.0,0.0
hungary,cleveland,mirrams_equation9,mirrams,0,5064,25.0,6.882271766662598,0.8530599177552076,0.4182763695716858,0.43093302845954895,0.0,0.0
hungary,cleveland,mirrams_equation9,mirrams,0,5064,30.0,8.775812149047852,0.8277049793700678,0.409791499376297,0.4291854202747345,0.12854932248592377,0.0030959751456975937
hungary,cleveland,mirrams_equation9,mirrams,0,5064,35.0,8.185190200805664,0.8636845324086514,0.39836785197257996,0.4052906334400177,0.1138308197259903,0.015479875728487968
hungary,cleveland,mirrams_equation9,mirrams,0,5064,40.0,8.24990463256836,0.9477310204932103,0.4158549904823303,0.4342798590660095,0.08799013495445251,0.17956656217575073
hungary,cleveland,mirrams_equation9,mirrams,0,5064,45.0,7.840052604675293,1.0050270525710907,0.4253825843334198,0.42048656940460205,0.07382475584745407,0.38699689507484436
hungary,cleveland,mirrams_equation9,mirrams,0,5064,50.0,7.82684850692749,0.973170692549018,0.41467079520225525,0.43330633640289307,0.06083882972598076,0.495356023311615
hungary,cleveland,mirrams_equation9,mirrams,0,5064,55.0,7.633680820465088,0.8970283661142648,0.40435299277305603,0.4221457839012146,0.05980939790606499,0.495356023311615
hungary,cleveland,mirrams_equation9,mirrams,0,5064,60.0,7.644967079162598,0.8744214548945872,0.3936694860458374,0.4359714686870575,0.047448355704545975,0.5077399015426636
hungary,cleveland,mirrams_equation9,mirrams,0,5064,65.0,7.383118629455566,0.8851672560352253,0.41458672285079956,0.41103124618530273,0.053537555038928986,0.5356037020683289
hungary,cleveland,mirrams_equation9,mirrams,0,5064,70.0,7.43795108795166,0.8893066183164655,0.3943072259426117,0.4191579818725586,0.050418268889188766,0.5634675025939941
hungary,switzerland,mirrams_equation9,mirrams,0,5062,5.0,10.246865272521973,0.7443213358493865,0.6364709138870239,0.640692949295044,0.0,0.0
hungary,switzerland,mirrams_equation9,mirrams,0,5062,10.0,9.40852165222168,0.7297213550532908,0.5726487040519714,0.5890581607818604,0.0,0.0
hungary,switzerland,mirrams_equation9,mirrams,0,5062,15.0,8.838775634765625,0.7387543615226895,0.5170494318008423,0.5547817349433899,0.0,0.0
hungary,switzerland,mirrams_equation9,mirrams,0,5062,20.0,8.390439987182617,0.759294818962956,0.48698189854621887,0.5268971920013428,0.0,0.0
hungary,switzerland,mirrams_equation9,mirrams,0,5062,25.0,7.706982612609863,0.7999526400546348,0.45300036668777466,0.4835987985134125,0.0,0.0
hungary,switzerland,mirrams_equation9,mirrams,0,5062,30.0,8.830081939697266,0.8580413612496745,0.44831520318984985,0.46948617696762085,0.0892983004450798,0.003976142965257168
hungary,switzerland,mirrams_equation9,mirrams,0,5062,35.0,8.921550750732422,0.9450028182846746,0.44307032227516174,0.4863050580024719,0.07892697304487228,0.03976143151521683
hungary,switzerland,mirrams_equation9,mirrams,0,5062,40.0,8.519498825073242,1.009314225108987,0.44254550337791443,0.46509313583374023,0.07337042689323425,0.1530815064907074
hungary,switzerland,mirrams_equation9,mirrams,0,5062,45.0,9.05756950378418,1.0298927290275728,0.440087229013443,0.5078248977661133,0.06667392700910568,0.20278328657150269
hungary,switzerland,mirrams_equation9,mirrams,0,5062,50.0,8.469240188598633,1.0585323177820452,0.43767714500427246,0.4595177471637726,0.07591978460550308,0.2584492862224579
hungary,switzerland,mirrams_equation9,mirrams,0,5063,5.0,10.913108825683594,0.8001380471914454,0.6693739891052246,0.6829156875610352,0.0,0.0
hungary,switzerland,mirrams_equation9,mirrams,0,5063,10.0,10.199931144714355,0.810471043978408,0.6158781051635742,0.6389368772506714,0.0,0.0
hungary,switzerland,mirrams_equation9,mirrams,0,5063,15.0,9.1986665725708,0.7886323627060079,0.5478922128677368,0.576718270778656,0.0,0.0
hungary,switzerland,mirrams_equation9,mirrams,0,5063,20.0,8.891142845153809,0.7686659795940478,0.5150232315063477,0.5584079623222351,0.0,0.0
hungary,switzerland,mirrams_equation9,mirrams,0,5063,25.0,8.366230010986328,0.8007670149710375,0.48851531744003296,0.525180995464325,0.0,0.0
hungary,switzerland,mirrams_equation9,mirrams,0,5063,30.0,8.1478271484375,0.8410856537633987,0.45325881242752075,0.5129712224006653,0.0,0.0
hungary,switzerland,mirrams_equation9,mirrams,0,5063,35.0,7.693374156951904,0.8380458443912214,0.4334009289741516,0.48399820923805237,0.0,0.0
hungary,switzerland,mirrams_equation9,mirrams,0,5063,40.0,7.624998092651367,0.8531928573093297,0.43497076630592346,0.47933515906333923,0.0,0.0
hungary,switzerland,mirrams_equation9,mirrams,0,5063,45.0,7.6097307205200195,0.8570486530574444,0.4300907552242279,0.47864264249801636,0.0,0.0
hungary,switzerland,mirrams_equation9,mirrams,0,5063,50.0,8.09007740020752,0.8531082417583635,0.43482518196105957,0.4511835277080536,0.05916660279035568,0.001988071482628584
hungary,switzerland,mirrams_equation9,mirrams,0,5063,55.0,9.043330192565918,0.8729577400791708,0.4147995710372925,0.46608415246009827,0.10915117710828781,0.019880715757608414
hungary,switzerland,mirrams_equation9,mirrams,0,5063,60.0,8.889925003051758,0.9402167650172708,0.4312325119972229,0.4739322066307068,0.08998062461614609,0.10337971895933151
hungary,switzerland,mirrams_equation9,mirrams,0,5064,5.0,10.014978408813477,0.7094521736356998,0.6031413078308105,0.6274557709693909,0.0,0.0
hungary,switzerland,mirrams_equation9,mirrams,0,5064,10.0,9.123305320739746,0.6785158405023239,0.5313352346420288,0.5727980136871338,0.0,0.0
hungary,switzerland,mirrams_equation9,mirrams,0,5064,15.0,8.468023300170898,0.6810865528500544,0.503356397151947,0.5309777855873108,0.0,0.0
hungary,switzerland,mirrams_equation9,mirrams,0,5064,20.0,8.25775146484375,0.7044116302069537,0.4598671793937683,0.5198589563369751,0.0,0.0
hungary,switzerland,mirrams_equation9,mirrams,0,5064,25.0,8.082735061645508,0.7453314369627934,0.4574580490589142,0.5083518028259277,0.0,0.0
hungary,switzerland,mirrams_equation9,mirrams,0,5064,30.0,8.909002304077148,0.7924697794043767,0.45188480615615845,0.47727859020233154,0.08652924746274948,0.007952285930514336
hungary,switzerland,mirrams_equation9,mirrams,0,5064,35.0,9.031193733215332,0.8414014853963481,0.45351237058639526,0.48622289299964905,0.08562254160642624,0.023856857791543007
hungary,switzerland,mirrams_equation9,mirrams,0,5064,40.0,9.065774917602539,0.8716992419520244,0.4414951503276825,0.49653053283691406,0.078421451151371,0.10337971895933151
hungary,switzerland,mirrams_equation9,mirrams,0,5064,45.0,9.477338790893555,0.880793499993441,0.4307602047920227,0.5161832571029663,0.0869220420718193,0.17892643809318542
hungary,switzerland,mirrams_equation9,mirrams,0,5064,50.0,8.521988868713379,0.9239163392943455,0.4310791492462158,0.47898033261299133,0.06041369214653969,0.22067593038082123
hungary,va_long_beach,mirrams_equation9,mirrams,0,5062,5.0,10.350665092468262,0.6744230804236664,0.6127908229827881,0.6491916179656982,-0.0,0.0
hungary,va_long_beach,mirrams_equation9,mirrams,0,5062,10.0,9.31210994720459,0.7144250725046498,0.5585247874259949,0.5835723280906677,0.0,0.0
hungary,va_long_beach,mirrams_equation9,mirrams,0,5062,15.0,8.433786392211914,0.742550529925299,0.5037596225738525,0.5286684632301331,0.0,0.0
hungary,va_long_beach,mirrams_equation9,mirrams,0,5062,20.0,7.871053695678711,0.7452316497666449,0.44257137179374695,0.49523216485977173,0.0,0.0
hungary,va_long_beach,mirrams_equation9,mirrams,0,5062,25.0,7.3254804611206055,0.7838362410723008,0.4098374545574188,0.4610428810119629,0.0,0.0
hungary,va_long_beach,mirrams_equation9,mirrams,0,5062,30.0,7.152093887329102,0.8592975301369383,0.37411749362945557,0.4518651068210602,0.0,0.0
hungary,va_long_beach,mirrams_equation9,mirrams,0,5062,35.0,7.867365837097168,0.952029357934479,0.35382306575775146,0.42363449931144714,0.07726836204528809,0.03286385163664818
hungary,va_long_beach,mirrams_equation9,mirrams,0,5062,40.0,8.380205154418945,1.0488986412401173,0.35107284784317017,0.4415627121925354,0.09371275454759598,0.15258216857910156
hungary,va_long_beach,mirrams_equation9,mirrams,0,5062,45.0,8.10999870300293,1.1187271679594886,0.34974220395088196,0.4448022246360779,0.07254821807146072,0.2582159638404846
hungary,va_long_beach,mirrams_equation9,mirrams,0,5063,5.0,10.03795051574707,0.730504360987901,0.6326435804367065,0.6270204782485962,0.0,0.0
hungary,va_long_beach,mirrams_equation9,mirrams,0,5063,10.0,9.34101390838623,0.7901428615545403,0.5540952682495117,0.5857945680618286,0.0,0.0
hungary,va_long_beach,mirrams_equation9,mirrams,0,5063,15.0,8.491065979003906,0.8315808567858246,0.48105382919311523,0.534000813961029,0.0,0.0
hungary,va_long_beach,mirrams_equation9,mirrams,0,5063,20.0,7.833301067352295,0.8876124861162016,0.41882380843162537,0.4942984879016876,0.0,0.0
hungary,va_long_beach,mirrams_equation9,mirrams,0,5063,25.0,7.226006507873535,0.9772152517020403,0.3918825089931488,0.4556082785129547,0.0,0.0
hungary,va_long_beach,mirrams_equation9,mirrams,0,5063,30.0,8.585665702819824,1.097501623095513,0.35324370861053467,0.42725566029548645,0.12157246470451355,0.018779342994093895
hungary,va_long_beach,mirrams_equation9,mirrams,0,5063,35.0,7.996856689453125,1.2317536051825788,0.3611675798892975,0.4129304885864258,0.09611545503139496,0.11971831321716309
hungary,va_long_beach,mirrams_equation9,mirrams,0,5063,40.0,7.384359359741211,1.3219078199723824,0.3493575155735016,0.3943491578102112,0.07465097308158875,0.2582159638404846
hungary,va_long_beach,mirrams_equation9,mirrams,0,5063,45.0,7.988966941833496,1.3765873023183417,0.32082778215408325,0.4262113571166992,0.08499790728092194,0.30751174688339233
hungary,va_long_beach,mirrams_equation9,mirrams,0,5064,5.0,10.44211196899414,0.7170020963241175,0.6433300971984863,0.653252124786377,0.0,0.0
hungary,va_long_beach,mirrams_equation9,mirrams,0,5064,10.0,9.63208293914795,0.7448675743420553,0.5710141062736511,0.6040712594985962,0.0,0.0
hungary,va_long_beach,mirrams_equation9,mirrams,0,5064,15.0,8.52471923828125,0.7699473328944433,0.49928018450737,0.5350292921066284,0.0,0.0
hungary,va_long_beach,mirrams_equation9,mirrams,0,5064,20.0,7.976285934448242,0.806012984442773,0.4499809443950653,0.5017536878585815,0.0,0.0
hungary,va_long_beach,mirrams_equation9,mirrams,0,5064,25.0,7.435105323791504,0.882862990165283,0.40683606266975403,0.46855127811431885,0.0,0.0
hungary,va_long_beach,mirrams_equation9,mirrams,0,5064,30.0,7.943548679351807,0.9787419501864225,0.36793431639671326,0.42156505584716797,0.08347591757774353,0.002347417874261737
hungary,va_long_beach,mirrams_equation9,mirrams,0,5064,35.0,7.743005752563477,1.077872234260973,0.36504942178726196,0.3975164592266083,0.09434730559587479,0.039906103163957596
hungary,va_long_beach,mirrams_equation9,mirrams,0,5064,40.0,7.586367130279541,1.1553613786544634,0.35677340626716614,0.41007041931152344,0.07190249860286713,0.11502347886562347
hungary,va_long_beach,mirrams_equation9,mirrams,0,5064,45.0,7.784710884094238,1.212782937047987,0.32333385944366455,0.43169406056404114,0.06573106348514557,0.18779343366622925
switzerland,cleveland,mirrams_equation9,mirrams,0,5062,5.0,11.06177043914795,0.6943621735870329,0.6861990094184875,0.6917047500610352,0.0,0.0
switzerland,cleveland,mirrams_equation9,mirrams,0,5062,10.0,9.925528526306152,0.6371116235641655,0.6082658767700195,0.6211508512496948,0.0,0.0
switzerland,cleveland,mirrams_equation9,mirrams,0,5062,15.0,9.167019844055176,0.5948452834198559,0.5365370512008667,0.5753654837608337,0.0,0.0
switzerland,cleveland,mirrams_equation9,mirrams,0,5062,20.0,8.51037883758545,0.5658661833701293,0.49828824400901794,0.5341393947601318,0.0,0.0
switzerland,cleveland,mirrams_equation9,mirrams,0,5062,25.0,8.299077987670898,0.5424540322645868,0.4635162651538849,0.5223707556724548,0.0,0.0
switzerland,cleveland,mirrams_equation9,mirrams,0,5062,30.0,8.010899543762207,0.5289106068808758,0.45954829454421997,0.5034234523773193,0.0,0.0
switzerland,cleveland,mirrams_equation9,mirrams,0,5062,35.0,8.86557388305664,0.5280853747397348,0.43716514110565186,0.5013090968132019,0.06058478355407715,0.0020242915488779545
switzerland,cleveland,mirrams_equation9,mirrams,0,5062,40.0,8.970109939575195,0.5317398544501865,0.4324275255203247,0.4713976979255676,0.09778115153312683,0.03238866478204727
switzerland,cleveland,mirrams_equation9,mirrams,0,5062,45.0,8.900545120239258,0.5458313765321123,0.4395410716533661,0.4890228509902954,0.07504408061504364,0.09716599434614182
switzerland,cleveland,mirrams_equation9,mirrams,0,5062,50.0,8.666959762573242,0.5490159771588077,0.44290587306022644,0.46650418639183044,0.0817660391330719,0.17004048824310303
switzerland,cleveland,mirrams_equation9,mirrams,0,5062,55.0,8.995692253112793,0.5489313493826748,0.42767101526260376,0.4930497407913208,0.07815169543027878,0.21862348914146423
switzerland,cleveland,mirrams_equation9,mirrams,0,5062,60.0,8.000751495361328,0.5435706999864982,0.4413379430770874,0.4492237865924835,0.0547371506690979,0.24493928253650665
switzerland,cleveland,mirrams_equation9,mirrams,0,5062,65.0,8.270626068115234,0.538297717903753,0.4196130037307739,0.4578683376312256,0.06553258746862411,0.22064778208732605
switzerland,cleveland,mirrams_equation9,mirrams,0,5062,70.0,8.810193061828613,0.5395472963478216,0.413225382566452,0.4938032031059265,0.06599462032318115,0.22874493896961212
switzerland,cleveland,mirrams_equation9,mirrams,0,5062,75.0,8.056137084960938,0.5534751801719853,0.41680827736854553,0.4551434814929962,0.054145146161317825,0.25708502531051636
switzerland,cleveland,mirrams_equation9,mirrams,0,5063,5.0,11.292549133300781,0.761940174673219,0.7201968431472778,0.7048234939575195,0.0,0.0
switzerland,cleveland,mirrams_equation9,mirrams,0,5063,10.0,10.55209732055664,0.7073982546666062,0.6527722477912903,0.6599550247192383,0.0,0.0
switzerland,cleveland,mirrams_equation9,mirrams,0,5063,15.0,9.904458999633789,0.6692318579921164,0.5939541459083557,0.6207002997398376,0.0,0.0
switzerland,cleveland,mirrams_equation9,mirrams,0,5063,20.0,9.079148292541504,0.6389493772162678,0.5372764468193054,0.5694581270217896,0.0,0.0
switzerland,cleveland,mirrams_equation9,mirrams,0,5063,25.0,8.539427757263184,0.6149348862665605,0.4970100224018097,0.5361611843109131,0.0,0.0
switzerland,cleveland,mirrams_equation9,mirrams,0,5063,30.0,7.983643531799316,0.6019521782322275,0.45716068148612976,0.5017655491828918,0.0,0.0
switzerland,cleveland,mirrams_equation9,mirrams,0,5063,35.0,9.521167755126953,0.5989497829868515,0.4488523006439209,0.4791734516620636,0.1256476193666458,0.024291498586535454
switzerland,cleveland,mirrams_equation9,mirrams,0,5063,40.0,9.703512191772461,0.6293426843579563,0.4776292145252228,0.48344478011131287,0.131614089012146,0.11538461595773697
switzerland,cleveland,mirrams_equation9,mirrams,0,5063,45.0,9.351358413696289,0.6711345535150532,0.5121759176254272,0.4792669117450714,0.11001192033290863,0.26720649003982544
switzerland,cleveland,mirrams_equation9,mirrams,0,5063,50.0,9.607666015625,0.6485440205990747,0.4842810332775116,0.5081015825271606,0.10012412071228027,0.3097166121006012
switzerland,cleveland,mirrams_equation9,mirrams,0,5063,55.0,9.385146141052246,0.6533455045944625,0.47360914945602417,0.48273080587387085,0.11137165874242783,0.36437249183654785
switzerland,cleveland,mirrams_equation9,mirrams,0,5063,60.0,8.851414680480957,0.6640438677718878,0.45849061012268066,0.4840250015258789,0.07550328969955444,0.38663968443870544
switzerland,cleveland,mirrams_equation9,mirrams,0,5063,65.0,9.21336555480957,0.6684678524784768,0.4511502683162689,0.48135852813720703,0.10278911888599396,0.3785425126552582
switzerland,cleveland,mirrams_equation9,mirrams,0,5063,70.0,8.286498069763184,0.6955907797753615,0.4506334960460663,0.4379965662956238,0.08439438790082932,0.36639678478240967
switzerland,cleveland,mirrams_equation9,mirrams,0,5063,75.0,8.71583366394043,0.6944517775248493,0.43345895409584045,0.47510844469070435,0.07704988121986389,0.38461539149284363
switzerland,cleveland,mirrams_equation9,mirrams,0,5064,5.0,11.711942672729492,0.7527276471240669,0.7289640307426453,0.7321985960006714,-0.0,0.0
switzerland,cleveland,mirrams_equation9,mirrams,0,5064,10.0,10.400510787963867,0.6600057160307948,0.6198874115943909,0.6520415544509888,-0.0,0.0
switzerland,cleveland,mirrams_equation9,mirrams,0,5064,15.0,9.261144638061523,0.6034278850330972,0.5511398315429688,0.5806669592857361,0.0,0.0
switzerland,cleveland,mirrams_equation9,mirrams,0,5064,20.0,8.687736511230469,0.5655926974244643,0.49997711181640625,0.5458506345748901,0.0,0.0
switzerland,cleveland,mirrams_equation9,mirrams,0,5064,25.0,8.082457542419434,0.5463910160527656,0.46689629554748535,0.5077040791511536,0.0,0.0
switzerland,cleveland,mirrams_equation9,mirrams,0,5064,30.0,8.109513282775879,0.5435044565388567,0.4501396119594574,0.510624885559082,0.0,0.0
switzerland,cleveland,mirrams_equation9,mirrams,0,5064,35.0,8.533195495605469,0.5469122983925782,0.442618727684021,0.47394800186157227,0.06542374938726425,0.0020242915488779545
switzerland,cleveland,mirrams_equation9,mirrams,0,5064,40.0,7.840726852416992,0.5503835987188102,0.4386778473854065,0.4934699535369873,0.0,0.0
switzerland,cleveland,mirrams_equation9,mirrams,0,5064,45.0,10.323445320129395,0.5524518675601224,0.4213314652442932,0.47100749611854553,0.189133420586586,0.0020242915488779545
switzerland,cleveland,mirrams_equation9,mirrams,0,5064,50.0,9.807010650634766,0.5567203789079975,0.4211718738079071,0.45666560530662537,0.16905701160430908,0.008097166195511818
switzerland,cleveland,mirrams_equation9,mirrams,0,5064,55.0,8.6387939453125,0.5727352019232452,0.42295965552330017,0.45518091320991516,0.09254138171672821,0.014170041307806969
switzerland,cleveland,mirrams_equation9,mirrams,0,5064,60.0,8.88117504119873,0.5950726973988313,0.4249532222747803,0.48982369899749756,0.0739244669675827,0.10323886573314667
switzerland,cleveland,mirrams_equation9,mirrams,0,5064,65.0,8.607057571411133,0.604453629097152,0.4213070571422577,0.4626345634460449,0.0830821618437767,0.20850202441215515
switzerland,cleveland,mirrams_equation9,mirrams,0,5064,70.0,8.688455581665039,0.6138054927012555,0.43302157521247864,0.47078782320022583,0.07957448065280914,0.26113361120224
switzerland,hungary,mirrams_equation9,mirrams,0,5062,5.0,11.246070861816406,0.723732446301178,0.6978586912155151,0.703214168548584,0.0,0.0
switzerland,hungary,mirrams_equation9,mirrams,0,5062,10.0,10.246366500854492,0.6699908946095003,0.6165768504142761,0.6419859528541565,0.0,0.0
switzerland,hungary,mirrams_equation9,mirrams,0,5062,15.0,9.40482234954834,0.645430360295511,0.5703210830688477,0.5889667272567749,0.0,0.0
switzerland,hungary,mirrams_equation9,mirrams,0,5062,20.0,9.075434684753418,0.62900713314984,0.5305418372154236,0.5696595311164856,0.0,0.0
switzerland,hungary,mirrams_equation9,mirrams,0,5062,25.0,8.541574478149414,0.6090893598297817,0.48705270886421204,0.5369681119918823,0.0,0.0
switzerland,hungary,mirrams_equation9,mirrams,0,5062,30.0,8.20069408416748,0.5933880571272117,0.4781271815299988,0.5148378014564514,0.0,0.0
switzerland,hungary,mirrams_equation9,mirrams,0,5062,35.0,7.775966644287109,0.5779041367361619,0.4389451742172241,0.4891347587108612,0.0,0.0
switzerland,hungary,mirrams_equation9,mirrams,0,5062,40.0,7.687173366546631,0.5670718626097783,0.4344726800918579,0.48351338505744934,0.0,0.0
switzerland,hungary,mirrams_equation9,mirrams,0,5062,45.0,7.408102035522461,0.56260225020628,0.4332945644855499,0.4649871587753296,0.0,0.0
switzerland,hungary,mirrams_equation9,mirrams,0,5062,50.0,8.633844375610352,0.5523408076496361,0.4305626451969147,0.4710179269313812,0.07586754858493805,0.001988071482628584
switzerland,hungary,mirrams_equation9,mirrams,0,5062,55.0,8.620363235473633,0.537486936510637,0.43699774146080017,0.4661688208580017,0.07938888669013977,0.009940357878804207
switzerland,hungary,mirrams_equation9,mirrams,0,5062,60.0,8.461498260498047,0.5379254797758689,0.4181332588195801,0.4557743966579437,0.0804499089717865,0.04373757168650627
switzerland,hungary,mirrams_equation9,mirrams,0,5062,65.0,8.97146224975586,0.5538413269975477,0.429167240858078,0.49006199836730957,0.07942429184913635,0.14115308225154877
switzerland,hungary,mirrams_equation9,mirrams,0,5062,70.0,8.0707368850708,0.5402210221678678,0.42969954013824463,0.43578067421913147,0.07362178713083267,0.20278328657150269
switzerland,hungary,mirrams_equation9,mirrams,0,5062,75.0,8.496723175048828,0.5153403242068957,0.4300312399864197,0.4731523096561432,0.06462714076042175,0.24652086198329926
switzerland,hungary,mirrams_equation9,mirrams,0,5062,80.0,9.150798797607422,0.5198288573367114,0.4251866638660431,0.49023720622062683,0.09147027879953384,0.28031808137893677
switzerland,hungary,mirrams_equation9,mirrams,0,5062,85.0,8.606769561767578,0.5387595885962874,0.42125803232192993,0.4728580415248871,0.07284274697303772,0.3320079445838928
switzerland,hungary,mirrams_equation9,mirrams,0,5062,90.0,8.824206352233887,0.5283879570263723,0.43331271409988403,0.4893660843372345,0.07002678513526917,0.3419483006000519
switzerland,hungary,mirrams_equation9,mirrams,0,5062,95.0,8.270916938781738,0.5146705226168049,0.4015289843082428,0.45099499821662903,0.07363089174032211,0.3141152858734131
switzerland,hungary,mirrams_equation9,mirrams,0,5062,100.0,7.826015949249268,0.5187796160133652,0.41179054975509644,0.42998698353767395,0.0642947182059288,0.33598408102989197
switzerland,hungary,mirrams_equation9,mirrams,0,5062,105.0,8.029705047607422,0.5168407904094252,0.4089054465293884,0.4537225067615509,0.05433081462979317,0.3538767099380493
switzerland,hungary,mirrams_equation9,mirrams,0,5062,110.0,8.293803215026855,0.5057199428092529,0.3840027153491974,0.45351940393447876,0.07380064576864243,0.3558647930622101
switzerland,hungary,mirrams_equation9,mirrams,0,5062,115.0,8.278410911560059,0.5001472603891259,0.4033735990524292,0.4599303603172302,0.06507214158773422,0.36182901263237
switzerland,hungary,mirrams_equation9,mirrams,0,5062,120.0,7.725152969360352,0.49927694317834326,0.39889848232269287,0.41524407267570496,0.07317287474870682,0.36580514907836914
switzerland,hungary,mirrams_equation9,mirrams,0,5063,5.0,11.606666564941406,0.6872963574477071,0.7239430546760559,0.7255149483680725,-0.0,0.0
switzerland,hungary,mirrams_equation9,mirrams,0,5063,10.0,10.60301399230957,0.6490328438304063,0.6388294696807861,0.6642789840698242,0.0,0.0
switzerland,hungary,mirrams_equation9,mirrams,0,5063,15.0,9.795982360839844,0.6048466307869855,0.5926377177238464,0.6135562658309937,0.0,0.0
switzerland,hungary,mirrams_equation9,mirrams,0,5063,20.0,9.00503921508789,0.5534190547265021,0.5399911999702454,0.5643365383148193,0.0,0.0
switzerland,hungary,mirrams_equation9,mirrams,0,5063,25.0,8.52204418182373,0.5159339062437233,0.5043874979019165,0.5345104336738586,0.0,0.0
switzerland,hungary,mirrams_equation9,mirrams,0,5063,30.0,7.980980396270752,0.5014768124380046,0.46454206109046936,0.5010958909988403,0.0,0.0
switzerland,hungary,mirrams_equation9,mirrams,0,5063,35.0,7.94704532623291,0.49659155906762276,0.45053842663764954,0.49976712465286255,0.0,0.0
switzerland,hungary,mirrams_equation9,mirrams,0,5063,40.0,9.451751708984375,0.49485859118834474,0.44782930612564087,0.48238176107406616,0.11787973344326019,0.005964214447885752
switzerland,hungary,mirrams_equation9,mirrams,0,5063,45.0,9.096980094909668,0.5051250548083711,0.4364170730113983,0.47863680124282837,0.09873408824205399,0.03180914372205734
switzerland,hungary,mirrams_equation9,mirrams,0,5063,50.0,8.799901962280273,0.5247909004523222,0.4446045160293579,0.48121514916419983,0.07580465078353882,0.1252485066652298
switzerland,hungary,mirrams_equation9,mirrams,0,5063,55.0,8.558764457702637,0.5281291267640399,0.4368514120578766,0.4668973386287689,0.07456352561712265,0.19880715012550354
switzerland,hungary,mirrams_equation9,mirrams,0,5063,60.0,9.222196578979492,0.5177226333536064,0.4286818504333496,0.5006197094917297,0.0856146439909935,0.2504970133304596
switzerland,hungary,mirrams_equation9,mirrams,0,5063,65.0,8.433178901672363,0.5126001422266327,0.431802362203598,0.4660775661468506,0.06734757870435715,0.3081510663032532
switzerland,hungary,mirrams_equation9,mirrams,0,5063,70.0,8.61273193359375,0.5150398262567463,0.4241790175437927,0.46847015619277954,0.07743335515260696,0.3479125201702118
switzerland,hungary,mirrams_equation9,mirrams,0,5063,75.0,8.411499977111816,0.527221804468506,0.4356389045715332,0.47474920749664307,0.05697483941912651,0.3896619975566864
switzerland,hungary,mirrams_equation9,mirrams,0,5063,80.0,7.828644752502441,0.5155816485703284,0.42202144861221313,0.42676210403442383,0.06701278686523438,0.39960235357284546
switzerland,hungary,mirrams_equation9,mirrams,0,5064,5.0,10.32197093963623,0.7412171735976364,0.6358212232589722,0.6457433104515076,0.0,0.0
switzerland,hungary,mirrams_equation9,mirrams,0,5064,10.0,9.516393661499023,0.6967923880033458,0.5653036832809448,0.5967393517494202,0.0,0.0
switzerland,hungary,mirrams_equation9,mirrams,0,5064,15.0,8.770277976989746,0.6524938323762715,0.5354893207550049,0.5489858984947205,0.0,0.0
switzerland,hungary,mirrams_equation9,mirrams,0,5064,20.0,8.078936576843262,0.6302826963641271,0.48293057084083557,0.5064004063606262,0.0,0.0
switzerland,hungary,mirrams_equation9,mirrams,0,5064,25.0,8.20202922821045,0.6127287481776601,0.4624829590320587,0.5159697532653809,0.0,0.0
switzerland,hungary,mirrams_equation9,mirrams,0,5064,30.0,7.764280319213867,0.6005038781332844,0.45543405413627625,0.4872564375400543,0.0,0.0
switzerland,hungary,mirrams_equation9,mirrams,0,5064,35.0,7.396787643432617,0.5802130127535685,0.44152286648750305,0.4636842906475067,0.0,0.0
switzerland,hungary,mirrams_equation9,mirrams,0,5064,40.0,8.827707290649414,0.5608669125849097,0.43266475200653076,0.47095930576324463,0.08871017396450043,0.001988071482628584
switzerland,hungary,mirrams_equation9,mirrams,0,5064,45.0,9.80406379699707,0.5371984434584275,0.4337800145149231,0.47085392475128174,0.1538316011428833,0.005964214447885752
switzerland,hungary,mirrams_equation9,mirrams,0,5064,50.0,8.922164916992188,0.5369351975416533,0.4144148528575897,0.48302528262138367,0.0841580405831337,0.021868785843253136
switzerland,hungary,mirrams_equation9,mirrams,0,5064,55.0,8.468368530273438,0.5724907384090815,0.4224848449230194,0.4566739797592163,0.07971826195716858,0.11530814319849014
switzerland,hungary,mirrams_equation9,mirrams,0,5064,60.0,8.750351905822754,0.5835637631014621,0.4168313443660736,0.4754229485988617,0.08014505356550217,0.2007952183485031
switzerland,hungary,mirrams_equation9,mirrams,0,5064,65.0,8.732224464416504,0.5487269308466255,0.43057334423065186,0.47236841917037964,0.08107496798038483,0.2504970133304596
switzerland,hungary,mirrams_equation9,mirrams,0,5064,70.0,8.220104217529297,0.5554171227564382,0.41648054122924805,0.4293845593929291,0.09085700660943985,0.3419483006000519
switzerland,hungary,mirrams_equation9,mirrams,0,5064,75.0,8.627500534057617,0.5675115346272388,0.4182257652282715,0.48036521673202515,0.06691975891590118,0.35984092950820923
switzerland,hungary,mirrams_equation9,mirrams,0,5064,80.0,8.705559730529785,0.5386855423972781,0.41405877470970154,0.4816785752773285,0.07108812779188156,0.35188865661621094
switzerland,hungary,mirrams_equation9,mirrams,0,5064,85.0,8.782486915588379,0.5215061706269946,0.4319400191307068,0.4841836094856262,0.07251953333616257,0.3757455050945282
switzerland,hungary,mirrams_equation9,mirrams,0,5064,90.0,8.350332260131836,0.5194339896664671,0.4128649830818176,0.4505501091480255,0.07861436903476715,0.3817097246646881
switzerland,hungary,mirrams_equation9,mirrams,0,5064,95.0,8.51644229888916,0.5156079931763049,0.427344411611557,0.4722074568271637,0.06706572324037552,0.37972164154052734
switzerland,hungary,mirrams_equation9,mirrams,0,5064,100.0,7.737979888916016,0.5032427732733002,0.4118511974811554,0.4219661056995392,0.06644245237112045,0.3538767099380493
switzerland,hungary,mirrams_equation9,mirrams,0,5064,105.0,7.864955902099609,0.5033199727643485,0.41243597865104675,0.43073770403862,0.0660969465970993,0.37176936864852905
switzerland,hungary,mirrams_equation9,mirrams,0,5064,110.0,8.05234146118164,0.5079942464751956,0.3984777629375458,0.44088634848594666,0.0693712905049324,0.387673944234848
switzerland,hungary,mirrams_equation9,mirrams,0,5064,115.0,8.122745513916016,0.5095598313612507,0.39844584465026855,0.4465896189212799,0.068363718688488,0.4234592318534851
switzerland,hungary,mirrams_equation9,mirrams,0,5064,120.0,8.268499374389648,0.5064755132562591,0.4084116816520691,0.44891124963760376,0.07509462535381317,0.42743536829948425
switzerland,va_long_beach,mirrams_equation9,mirrams,0,5062,5.0,10.81974983215332,0.74350436906483,0.6572139859199524,0.6775023937225342,-0.0,0.0
switzerland,va_long_beach,mirrams_equation9,mirrams,0,5062,10.0,9.790705680847168,0.7018081337322963,0.5775285959243774,0.6142117977142334,-0.0,0.0
switzerland,va_long_beach,mirrams_equation9,mirrams,0,5062,15.0,9.036018371582031,0.6806896065113406,0.5062960386276245,0.5686481595039368,-0.0,0.0
switzerland,va_long_beach,mirrams_equation9,mirrams,0,5062,20.0,8.221101760864258,0.679457496708398,0.47927790880203247,0.5161216259002686,-0.0,0.0
switzerland,va_long_beach,mirrams_equation9,mirrams,0,5062,25.0,7.998647212982178,0.6835873791582213,0.4451408386230469,0.503567099571228,-0.0,0.0
switzerland,va_long_beach,mirrams_equation9,mirrams,0,5062,30.0,7.557926177978516,0.6899210828656877,0.41599375009536743,0.47612884640693665,-0.0,0.0
switzerland,va_long_beach,mirrams_equation9,mirrams,0,5062,35.0,8.221303939819336,0.6988360087057106,0.41342687606811523,0.45249420404434204,0.06803089380264282,0.006700167432427406
switzerland,va_long_beach,mirrams_equation9,mirrams,0,5062,40.0,8.516972541809082,0.7108939735514754,0.4007536768913269,0.4734625220298767,0.06761876493692398,0.043551087379455566
switzerland,va_long_beach,mirrams_equation9,mirrams,0,5062,45.0,7.9344401359558105,0.7222645798334488,0.4081014096736908,0.4295693039894104,0.07218659669160843,0.1423785537481308
switzerland,va_long_beach,mirrams_equation9,mirrams,0,5062,50.0,8.174142837524414,0.7395099727255839,0.39560309052467346,0.45428308844566345,0.0642862468957901,0.18760469555854797
switzerland,va_long_beach,mirrams_equation9,mirrams,0,5062,55.0,8.154976844787598,0.7519120642158228,0.3815339505672455,0.45246270298957825,0.0657668188214302,0.23115578293800354
switzerland,va_long_beach,mirrams_equation9,mirrams,0,5062,60.0,7.8960394859313965,0.7458328731454753,0.3708515465259552,0.445256769657135,0.05642241984605789,0.26800668239593506
switzerland,va_long_beach,mirrams_equation9,mirrams,0,5063,5.0,11.741432189941406,0.7062152950748403,0.7349554300308228,0.7337650656700134,0.0,0.0
switzerland,va_long_beach,mirrams_equation9,mirrams,0,5063,10.0,10.473222732543945,0.6975019150214983,0.6567754149436951,0.6544297933578491,-0.0,0.0
switzerland,va_long_beach,mirrams_equation9,mirrams,0,5063,15.0,9.680135726928711,0.6883785460297318,0.5845926403999329,0.6063695549964905,-0.0,0.0
switzerland,va_long_beach,mirrams_equation9,mirrams,0,5063,20.0,9.010409355163574,0.6724252597951204,0.5259047746658325,0.5656336545944214,-0.0,0.0
switzerland,va_long_beach,mirrams_equation9,mirrams,0,5063,25.0,8.524888038635254,0.6716934875820664,0.48432061076164246,0.536037802696228,-0.0,0.0
switzerland,va_long_beach,mirrams_equation9,mirrams,0,5063,30.0,7.740948677062988,0.68581361931962,0.4406353831291199,0.486687570810318,-0.0,0.0
switzerland,va_long_beach,mirrams_equation9,mirrams,0,5063,35.0,7.694910049438477,0.7077944580036204,0.4217856526374817,0.4848749339580536,-0.0,0.0
switzerland,va_long_beach,mirrams_equation9,mirrams,0,5063,40.0,7.242077827453613,0.7286288169468443,0.41584470868110657,0.4550822079181671,-0.0,0.0
switzerland,va_long_beach,mirrams_equation9,mirrams,0,5063,45.0,7.3916015625,0.7435690333914655,0.3862334191799164,0.467024564743042,-0.0,0.0
switzerland,va_long_beach,mirrams_equation9,mirrams,0,5063,50.0,7.136215686798096,0.7497102910243232,0.38700151443481445,0.4499475955963135,-0.0,0.0
switzerland,va_long_beach,mirrams_equation9,mirrams,0,5063,55.0,7.155792713165283,0.753029842010373,0.3817828297615051,0.4516006410121918,-0.0,0.0
switzerland,va_long_beach,mirrams_equation9,mirrams,0,5063,60.0,6.626335144042969,0.7549093640723947,0.3752935826778412,0.41673609614372253,-0.0,0.0
switzerland,va_long_beach,mirrams_equation9,mirrams,0,5063,65.0,6.5348968505859375,0.7583831525796949,0.3688663840293884,0.41106870770454407,-0.0,0.0
switzerland,va_long_beach,mirrams_equation9,mirrams,0,5064,5.0,9.846820831298828,0.6655625740233898,0.5946502089500427,0.6168113946914673,-0.0,0.0
switzerland,va_long_beach,mirrams_equation9,mirrams,0,5064,10.0,8.993611335754395,0.6536963385820738,0.5291110277175903,0.564300000667572,-0.0,0.0
switzerland,va_long_beach,mirrams_equation9,mirrams,0,5064,15.0,8.357738494873047,0.6589592415439383,0.47884833812713623,0.5252593755722046,-0.0,0.0
switzerland,va_long_beach,mirrams_equation9,mirrams,0,5064,20.0,7.780136585235596,0.6767343059232834,0.44306719303131104,0.4891379773616791,-0.0,0.0
switzerland,va_long_beach,mirrams_equation9,mirrams,0,5064,25.0,7.310967445373535,0.6882112710823476,0.42322829365730286,0.45918262004852295,-0.0,0.0
switzerland,va_long_beach,mirrams_equation9,mirrams,0,5064,30.0,8.816777229309082,0.6989874598434185,0.39885854721069336,0.45525217056274414,0.10594239085912704,0.01675041764974594
switzerland,va_long_beach,mirrams_equation9,mirrams,0,5064,35.0,8.37656021118164,0.7103099314745058,0.402275413274765,0.4378514885902405,0.09376748651266098,0.07537688314914703
switzerland,va_long_beach,mirrams_equation9,mirrams,0,5064,40.0,8.41346263885498,0.7306125399246794,0.4035523533821106,0.4570235311985016,0.07697048038244247,0.20770518481731415
switzerland,va_long_beach,mirrams_equation9,mirrams,0,5064,45.0,8.215285301208496,0.7547944783991958,0.3870534896850586,0.4491008520126343,0.0727812647819519,0.2998324930667877
switzerland,va_long_beach,mirrams_equation9,mirrams,0,5064,50.0,8.383878707885742,0.75654284370133,0.39569157361984253,0.45365431904792786,0.07889151573181152,0.3450586199760437
va_long_beach,cleveland,mirrams_equation9,mirrams,0,5062,5.0,9.68324089050293,0.6217751923811246,0.5813818573951721,0.6067906022071838,-0.0,0.0
va_long_beach,cleveland,mirrams_equation9,mirrams,0,5062,10.0,8.18202018737793,0.5888121082312182,0.4984293580055237,0.512239396572113,0.0,0.0
va_long_beach,cleveland,mirrams_equation9,mirrams,0,5062,15.0,7.520726680755615,0.5736623444653584,0.4413449466228485,0.47195878624916077,0.0,0.0
va_long_beach,cleveland,mirrams_equation9,mirrams,0,5062,20.0,6.915610313415527,0.5785406283698434,0.3947005271911621,0.4347273111343384,0.0,0.0
va_long_beach,cleveland,mirrams_equation9,mirrams,0,5062,25.0,6.608922004699707,0.5982527407027807,0.37105658650398254,0.4158577024936676,0.0,0.0
va_long_beach,cleveland,mirrams_equation9,mirrams,0,5062,30.0,6.126297950744629,0.6120882501953429,0.3507188558578491,0.3850385844707489,0.0,0.0
va_long_beach,cleveland,mirrams_equation9,mirrams,0,5062,35.0,6.271865367889404,0.6198210250996463,0.34519895911216736,0.395111083984375,0.0,0.0
va_long_beach,cleveland,mirrams_equation9,mirrams,0,5062,40.0,7.431279182434082,0.6315090643206629,0.34066224098205566,0.36919209361076355,0.10351567715406418,0.011990407481789589
va_long_beach,cleveland,mirrams_equation9,mirrams,0,5062,45.0,6.742931365966797,0.6368918955899677,0.33565911650657654,0.3596018850803375,0.06754960119724274,0.0791366919875145
va_long_beach,cleveland,mirrams_equation9,mirrams,0,5062,50.0,7.074394702911377,0.6478661581035845,0.3254813253879547,0.36673274636268616,0.0831947848200798,0.1750599592924118
va_long_beach,cleveland,mirrams_equation9,mirrams,0,5062,55.0,7.845927715301514,0.660972262014412,0.34178397059440613,0.3914337158203125,0.10884252190589905,0.24940048158168793
va_long_beach,cleveland,mirrams_equation9,mirrams,0,5063,5.0,8.740007400512695,0.622862917542786,0.5324053764343262,0.5471735000610352,0.0,0.0
va_long_beach,cleveland,mirrams_equation9,mirrams,0,5063,10.0,7.759964942932129,0.5633700096367888,0.44281116127967834,0.48781025409698486,0.0,0.0
va_long_beach,cleveland,mirrams_equation9,mirrams,0,5063,15.0,6.782637596130371,0.5401152940285916,0.4018498361110687,0.42538586258888245,0.0,0.0
va_long_beach,cleveland,mirrams_equation9,mirrams,0,5063,20.0,7.731288909912109,0.572139259090352,0.37058353424072266,0.394755482673645,0.09595820307731628,0.009592326357960701
va_long_beach,cleveland,mirrams_equation9,mirrams,0,5063,25.0,7.724627494812012,0.6133773643326104,0.36710071563720703,0.4015539586544037,0.0889478400349617,0.04076738655567169
va_long_beach,cleveland,mirrams_equation9,mirrams,0,5063,30.0,7.509916305541992,0.6499511899196622,0.3567643165588379,0.41463664174079895,0.06224017217755318,0.19904077053070068
va_long_beach,cleveland,mirrams_equation9,mirrams,0,5063,35.0,7.611935138702393,0.6900475068355563,0.36069759726524353,0.3994286358356476,0.08398721367120743,0.3932853937149048
va_long_beach,cleveland,mirrams_equation9,mirrams,0,5063,40.0,7.048565864562988,0.7177961277723344,0.3428037464618683,0.38152024149894714,0.06553054600954056,0.45803359150886536
va_long_beach,cleveland,mirrams_equation9,mirrams,0,5063,45.0,6.960155963897705,0.7340907118567632,0.34851983189582825,0.3829270005226135,0.0578487403690815,0.5035971403121948
va_long_beach,cleveland,mirrams_equation9,mirrams,0,5063,50.0,6.682282447814941,0.7503554384671801,0.34240540862083435,0.36478012800216675,0.057878341525793076,0.5347722172737122
va_long_beach,cleveland,mirrams_equation9,mirrams,0,5063,55.0,6.4854207038879395,0.7588681010786805,0.33039936423301697,0.3518470227718353,0.05848773568868637,0.568345308303833
va_long_beach,cleveland,mirrams_equation9,mirrams,0,5064,5.0,9.803247451782227,0.6425509880804592,0.593233048915863,0.6140009760856628,0.0,0.0
va_long_beach,cleveland,mirrams_equation9,mirrams,0,5064,10.0,8.729421615600586,0.5934785284746791,0.5214747786521912,0.5471964478492737,0.0,0.0
va_long_beach,cleveland,mirrams_equation9,mirrams,0,5064,15.0,7.536084175109863,0.5711427489100291,0.46945294737815857,0.4711087644100189,0.0,0.0
va_long_beach,cleveland,mirrams_equation9,mirrams,0,5064,20.0,6.914885997772217,0.5676866504341551,0.4167127311229706,0.4332115352153778,0.0,0.0
va_long_beach,cleveland,mirrams_equation9,mirrams,0,5064,25.0,8.002851486206055,0.5774303220361711,0.38613635301589966,0.4249522089958191,0.08282876014709473,0.0023980815894901752
va_long_beach,cleveland,mirrams_equation9,mirrams,0,5064,30.0,8.111427307128906,0.5968840692747082,0.3652823269367218,0.41927239298820496,0.09713722765445709,0.03117506019771099
va_long_beach,cleveland,mirrams_equation9,mirrams,0,5064,35.0,7.497762680053711,0.6209627346784508,0.3856695294380188,0.4058225452899933,0.0683170035481453,0.15347722172737122
va_long_beach,cleveland,mirrams_equation9,mirrams,0,5064,40.0,7.419670581817627,0.6427321428377923,0.36751919984817505,0.40141454339027405,0.06872886419296265,0.24220624566078186
va_long_beach,cleveland,mirrams_equation9,mirrams,0,5064,45.0,6.808141708374023,0.6518327800330498,0.36087754368782043,0.3802030086517334,0.04961462691426277,0.2949640452861786
va_long_beach,cleveland,mirrams_equation9,mirrams,0,5064,50.0,6.829017639160156,0.6557409192109986,0.3574046194553375,0.37879106402397156,0.05264979228377342,0.35731416940689087
va_long_beach,cleveland,mirrams_equation9,mirrams,0,5064,55.0,7.147129058837891,0.6523231217979217,0.3467124104499817,0.39858266711235046,0.05477840453386307,0.3285371661186218
va_long_beach,cleveland,mirrams_equation9,mirrams,0,5064,60.0,7.38209342956543,0.6419671527814399,0.3432888388633728,0.4157867431640625,0.053466908633708954,0.3381294906139374
va_long_beach,hungary,mirrams_equation9,mirrams,0,5062,5.0,9.459802627563477,0.66988966162534,0.5693127512931824,0.5926992893218994,0.0,0.0
va_long_beach,hungary,mirrams_equation9,mirrams,0,5062,10.0,8.337930679321289,0.6138662526536411,0.4928396940231323,0.5230060815811157,0.0,0.0
va_long_beach,hungary,mirrams_equation9,mirrams,0,5062,15.0,7.9739227294921875,0.5862160965377583,0.438753604888916,0.5023446083068848,0.0,0.0
va_long_beach,hungary,mirrams_equation9,mirrams,0,5062,20.0,7.2598347663879395,0.5779962635371322,0.4053301215171814,0.45696696639060974,0.0,0.0
va_long_beach,hungary,mirrams_equation9,mirrams,0,5062,25.0,7.967899322509766,0.5818522632363711,0.3718698024749756,0.4189266562461853,0.08747532218694687,0.004694835748523474
va_long_beach,hungary,mirrams_equation9,mirrams,0,5062,30.0,7.831137657165527,0.6237028003766683,0.3605537414550781,0.39929327368736267,0.0987456664443016,0.051643192768096924
va_long_beach,hungary,mirrams_equation9,mirrams,0,5062,35.0,7.336631774902344,0.6749553021688797,0.3462505042552948,0.3996254801750183,0.06639992445707321,0.15492957830429077
va_long_beach,hungary,mirrams_equation9,mirrams,0,5062,40.0,7.373239994049072,0.6820060743987055,0.3426131308078766,0.40970587730407715,0.0590025894343853,0.23943662643432617
va_long_beach,hungary,mirrams_equation9,mirrams,0,5062,45.0,7.102936267852783,0.6910845453556496,0.3367132544517517,0.3929376006126404,0.058143939822912216,0.2934272289276123
va_long_beach,hungary,mirrams_equation9,mirrams,0,5062,50.0,6.6830153465271,0.7664436315200857,0.3396746814250946,0.3683333396911621,0.054556041955947876,0.34507042169570923
va_long_beach,hungary,mirrams_equation9,mirrams,0,5062,55.0,6.969168186187744,0.796277518339615,0.31835028529167175,0.39627018570899963,0.0471176877617836,0.39436620473861694
va_long_beach,hungary,mirrams_equation9,mirrams,0,5062,60.0,6.458922863006592,0.7848792441760539,0.3036734461784363,0.36806416511535645,0.042285799980163574,0.39671361446380615
va_long_beach,hungary,mirrams_equation9,mirrams,0,5063,5.0,10.506394386291504,0.6416696186681489,0.6395156383514404,0.6577919125556946,-0.0,0.0
va_long_beach,hungary,mirrams_equation9,mirrams,0,5063,10.0,9.536949157714844,0.6505617848272403,0.5771960020065308,0.5973168611526489,0.0,0.0
va_long_beach,hungary,mirrams_equation9,mirrams,0,5063,15.0,8.779236793518066,0.6410095028981737,0.5258855819702148,0.5502234101295471,0.0,0.0
va_long_beach,hungary,mirrams_equation9,mirrams,0,5063,20.0,7.870808124542236,0.6095287760962534,0.45903152227401733,0.49411845207214355,0.0,0.0
va_long_beach,hungary,mirrams_equation9,mirrams,0,5063,25.0,7.441561698913574,0.6048214506028511,0.4036565124988556,0.4691936671733856,0.0,0.0
va_long_beach,hungary,mirrams_equation9,mirrams,0,5063,30.0,6.898447036743164,0.6461176390387355,0.36424949765205383,0.43561315536499023,0.0,0.0
va_long_beach,hungary,mirrams_equation9,mirrams,0,5063,35.0,6.116321563720703,0.6921773995176563,0.3595198094844818,0.38378676772117615,0.0,0.0
va_long_beach,hungary,mirrams_equation9,mirrams,0,5063,40.0,7.685019493103027,0.7223694631244941,0.3329833149909973,0.37737590074539185,0.11275985836982727,0.0211267601698637
va_long_beach,hungary,mirrams_equation9,mirrams,0,5063,45.0,7.5456929206848145,0.7982301442529404,0.3272189795970917,0.39816293120384216,0.08306864649057388,0.05868544802069664
va_long_beach,hungary,mirrams_equation9,mirrams,0,5063,50.0,7.233205795288086,0.8677956158375157,0.3274288773536682,0.38327234983444214,0.07711278647184372,0.17136150598526
va_long_beach,hungary,mirrams_equation9,mirrams,0,5063,55.0,6.623894214630127,0.8784324950333522,0.3226858675479889,0.36116501688957214,0.058915555477142334,0.26760563254356384
va_long_beach,hungary,mirrams_equation9,mirrams,0,5063,60.0,6.05402946472168,0.8703586528684115,0.3223152756690979,0.3184615969657898,0.06365266442298889,0.33568075299263
va_long_beach,hungary,mirrams_equation9,mirrams,0,5063,65.0,6.512845993041992,0.8565255763113512,0.3101162612438202,0.3404026925563812,0.0731125995516777,0.3779342770576477
va_long_beach,hungary,mirrams_equation9,mirrams,0,5064,5.0,11.74040412902832,0.8139729829017199,0.7206328511238098,0.7346514463424683,0.0,0.0
va_long_beach,hungary,mirrams_equation9,mirrams,0,5064,10.0,10.205348014831543,0.7479264010768698,0.6266823410987854,0.6385776996612549,0.0,0.0
va_long_beach,hungary,mirrams_equation9,mirrams,0,5064,15.0,9.04936408996582,0.6993668646432032,0.5567254424095154,0.5661758780479431,0.0,0.0
va_long_beach,hungary,mirrams_equation9,mirrams,0,5064,20.0,8.565131187438965,0.6644022846242266,0.49357348680496216,0.5381038784980774,0.0,0.0
va_long_beach,hungary,mirrams_equation9,mirrams,0,5064,25.0,7.689463138580322,0.6501527432099031,0.44162267446517944,0.4831893742084503,0.0,0.0
va_long_beach,hungary,mirrams_equation9,mirrams,0,5064,30.0,7.320798873901367,0.654808100693099,0.4153014123439789,0.46036648750305176,0.0,0.0
va_long_beach,hungary,mirrams_equation9,mirrams,0,5064,35.0,6.994598865509033,0.6588276307678687,0.3953916132450104,0.4399471580982208,0.0,0.0
va_long_beach,hungary,mirrams_equation9,mirrams,0,5064,40.0,6.4748053550720215,0.6463172403024401,0.36092308163642883,0.40759214758872986,0.0,0.0
va_long_beach,hungary,mirrams_equation9,mirrams,0,5064,45.0,7.173377990722656,0.6538874953634443,0.3528556227684021,0.38749420642852783,0.06720729172229767,0.04694835841655731
va_long_beach,hungary,mirrams_equation9,mirrams,0,5064,50.0,6.597080230712891,0.6848444912722111,0.35726264119148254,0.355204701423645,0.06078311428427696,0.16431924700737
va_long_beach,hungary,mirrams_equation9,mirrams,0,5064,55.0,7.080112934112549,0.6904031721819024,0.3423142433166504,0.38763999938964844,0.06154657527804375,0.2488262951374054
va_long_beach,hungary,mirrams_equation9,mirrams,0,5064,60.0,6.5696821212768555,0.6864507735723506,0.3321760296821594,0.3546313941478729,0.06120233237743378,0.2957746386528015
va_long_beach,hungary,mirrams_equation9,mirrams,0,5064,65.0,6.994871139526367,0.6998140613530941,0.30190303921699524,0.3930351138114929,0.053162749856710434,0.34272301197052
va_long_beach,hungary,mirrams_equation9,mirrams,0,5064,70.0,7.208271503448486,0.7069094144979851,0.3276120126247406,0.4125029146671295,0.04620771110057831,0.35446009039878845
va_long_beach,hungary,mirrams_equation9,mirrams,0,5064,75.0,6.875491142272949,0.7059729620542903,0.3055955767631531,0.38506728410720825,0.05292576551437378,0.3802816867828369
va_long_beach,hungary,mirrams_equation9,mirrams,0,5064,80.0,6.455397129058838,0.7183434264106159,0.32194337248802185,0.3625093698501587,0.04638754203915596,0.3779342770576477
va_long_beach,switzerland,mirrams_equation9,mirrams,0,5062,5.0,9.995957374572754,0.747125560427049,0.6151213049888611,0.6253890991210938,-0.0,0.0
va_long_beach,switzerland,mirrams_equation9,mirrams,0,5062,10.0,9.003816604614258,0.7245230488321209,0.5491841435432434,0.5636422038078308,-0.0,0.0
va_long_beach,switzerland,mirrams_equation9,mirrams,0,5062,15.0,8.34869384765625,0.7311433125542348,0.4822019040584564,0.5244327783584595,-0.0,0.0
va_long_beach,switzerland,mirrams_equation9,mirrams,0,5062,20.0,7.638574600219727,0.7472828061721688,0.4531570076942444,0.4790278375148773,-0.0,0.0
va_long_beach,switzerland,mirrams_equation9,mirrams,0,5062,25.0,7.329331398010254,0.7509746349812889,0.4216195344924927,0.4605141282081604,-0.0,0.0
va_long_beach,switzerland,mirrams_equation9,mirrams,0,5062,30.0,8.058494567871094,0.7620860988895894,0.3961620330810547,0.42966899275779724,0.08115315437316895,0.0016750418581068516
va_long_beach,switzerland,mirrams_equation9,mirrams,0,5062,35.0,9.544677734375,0.7775915843103659,0.3952057361602783,0.42105719447135925,0.18890762329101562,0.0016750418581068516
va_long_beach,switzerland,mirrams_equation9,mirrams,0,5062,40.0,8.052809715270996,0.791539976242083,0.3870311677455902,0.4143734276294708,0.09667849540710449,0.003350083716213703
va_long_beach,switzerland,mirrams_equation9,mirrams,0,5062,45.0,7.883915901184082,0.8142521224648065,0.3902036249637604,0.4270522892475128,0.07252854853868484,0.043551087379455566
va_long_beach,switzerland,mirrams_equation9,mirrams,0,5062,50.0,7.5483927726745605,0.8389122435562328,0.3786068558692932,0.40913575887680054,0.06884996592998505,0.13400334119796753
va_long_beach,switzerland,mirrams_equation9,mirrams,0,5063,5.0,9.687626838684082,0.6731415852047645,0.5888113379478455,0.6065877079963684,-0.0,0.0
va_long_beach,switzerland,mirrams_equation9,mirrams,0,5063,10.0,8.886107444763184,0.665567519326139,0.5323567986488342,0.5569166541099548,-0.0,0.0
va_long_beach,switzerland,mirrams_equation9,mirrams,0,5063,15.0,8.228767395019531,0.6646825387277091,0.47372353076934814,0.5170029401779175,-0.0,0.0
va_long_beach,switzerland,mirrams_equation9,mirrams,0,5063,20.0,7.643435955047607,0.6797324428359404,0.44552427530288696,0.479860782623291,-0.0,0.0
va_long_beach,switzerland,mirrams_equation9,mirrams,0,5063,25.0,8.868729591369629,0.6949197643398413,0.432393342256546,0.4477330446243286,0.11468935012817383,0.003350083716213703
va_long_beach,switzerland,mirrams_equation9,mirrams,0,5063,30.0,8.400018692016602,0.7204503494630736,0.4047001600265503,0.44073349237442017,0.09228769689798355,0.021775543689727783
va_long_beach,switzerland,mirrams_equation9,mirrams,0,5063,35.0,7.876574516296387,0.7508790604361417,0.4013974070549011,0.4248109459877014,0.07353422045707703,0.10385259240865707
va_long_beach,switzerland,mirrams_equation9,mirrams,0,5063,40.0,8.040938377380371,0.7788534048168013,0.4032559096813202,0.4467412531375885,0.062437593936920166,0.20770518481731415
va_long_beach,switzerland,mirrams_equation9,mirrams,0,5063,45.0,7.155472278594971,0.7959086990116728,0.39286014437675476,0.39696642756462097,0.053874410688877106,0.24455611407756805
va_long_beach,switzerland,mirrams_equation9,mirrams,0,5063,50.0,7.022019386291504,0.8111606557595765,0.37289607524871826,0.39251014590263367,0.05076472461223602,0.26465660333633423
va_long_beach,switzerland,mirrams_equation9,mirrams,0,5063,55.0,7.841291904449463,0.8206019985426647,0.37130898237228394,0.44585487246513367,0.05214398354291916,0.3098827302455902
va_long_beach,switzerland,mirrams_equation9,mirrams,0,5064,5.0,9.704065322875977,0.6494962358953009,0.5805655121803284,0.6082333326339722,-0.0,0.0
va_long_beach,switzerland,mirrams_equation9,mirrams,0,5064,10.0,8.866722106933594,0.6277120308987616,0.5237782597541809,0.5561962723731995,-0.0,0.0
va_long_beach,switzerland,mirrams_equation9,mirrams,0,5064,15.0,7.987587928771973,0.6288720841537687,0.47740185260772705,0.500679075717926,-0.0,0.0
va_long_beach,switzerland,mirrams_equation9,mirrams,0,5064,20.0,7.963321685791016,0.6395188918406499,0.4514053761959076,0.5007944107055664,-0.0,0.0
va_long_beach,switzerland,mirrams_equation9,mirrams,0,5064,25.0,7.392988681793213,0.6590652067849043,0.4271722137928009,0.46438777446746826,-0.0,0.0
va_long_beach,switzerland,mirrams_equation9,mirrams,0,5064,30.0,7.104429721832275,0.6791209533059523,0.4216008484363556,0.44552192091941833,-0.0,0.0
va_long_beach,switzerland,mirrams_equation9,mirrams,0,5064,35.0,6.670232772827148,0.6908204822449081,0.403844952583313,0.4177592098712921,-0.0,0.0
va_long_beach,switzerland,mirrams_equation9,mirrams,0,5064,40.0,8.366044998168945,0.7078647294427833,0.37511464953422546,0.41161108016967773,0.12111759185791016,0.01005025114864111
va_long_beach,switzerland,mirrams_equation9,mirrams,0,5064,45.0,7.623231887817383,0.7441105670193457,0.39639270305633545,0.41149887442588806,0.07029042392969131,0.10050251334905624
va_long_beach,switzerland,mirrams_equation9,mirrams,0,5064,50.0,7.535067081451416,0.7906830743655975,0.3777700960636139,0.41424113512039185,0.06291200965642929,0.18425460159778595
