outer_target,inner_validation,experiment,variant,parameter_id,parameters_json,seed,policy,mask_replicate,n,prevalence,roc_auc,average_precision,log_loss,balanced_log_loss,brier,balanced_brier,accuracy,balanced_accuracy,f1,precision,recall,sensitivity_at_80_specificity,calibration_intercept,calibration_slope,aurc
cleveland,hungary,smoke_v2,v2,0,"{""brier_beta"": 0.0, ""d_model"": 16, ""dro_lambda"": 0.5, ""dro_tau"": 0.2, ""dropout"": 0.0, ""evaluation_interval"": 1, ""learning_rate"": 0.001, ""max_epochs"": 2, ""n_heads"": 4, ""n_layers"": 1, ""patience_evaluations"": 2, ""validation_mask_replicates"": 1, ""weight_decay"": 0.001}",17,drop_advanced,0,294.0,0.36054421768707484,0.77328382175833,0.6173188353915068,0.609920617251552,0.6148735577098631,0.20938815848526246,0.21170362866056985,0.7210884353741497,0.7140204737053393,0.6403508771929824,0.5983606557377049,0.6886792452830188,0.5660377358490566,-0.4779011497536477,2.5477467863761394,0.19524853864592023
cleveland,hungary,smoke_v2,v2,0,"{""brier_beta"": 0.0, ""d_model"": 16, ""dro_lambda"": 0.5, ""dro_tau"": 0.2, ""dropout"": 0.0, ""evaluation_interval"": 1, ""learning_rate"": 0.001, ""max_epochs"": 2, ""n_heads"": 4, ""n_layers"": 1, ""patience_evaluations"": 2, ""validation_mask_replicates"": 1, ""weight_decay"": 0.001}",17,drop_exercise,0,294.0,0.36054421768707484,0.7443295865114412,0.5893609259919225,0.6243459658485806,0.6395649490458855,0.2163480075978234,0.2236240537985331,0.7346938775510204,0.7205439582496989,0.6454545454545455,0.6228070175438597,0.6698113207547169,0.6037735849056604,-0.2853522970154866,2.5752287059055576,0.21271565453006197
cleveland,hungary,smoke_v2,v2,0,"{""brier_beta"": 0.0, ""d_model"": 16, ""dro_lambda"": 0.5, ""dro_tau"": 0.2, ""dropout"": 0.0, ""evaluation_interval"": 1, ""learning_rate"": 0.001, ""max_epochs"": 2, ""n_heads"": 4, ""n_layers"": 1, ""patience_evaluations"": 2, ""validation_mask_replicates"": 1, ""weight_decay"": 0.001}",17,drop_routine,0,294.0,0.36054421768707484,0.7753412284223203,0.6367824595731264,0.6003845766521921,0.6032224337883754,0.2048384401819246,0.20610337222404101,0.7346938775510204,0.7287735849056604,0.6578947368421053,0.6147540983606558,0.7075471698113207,0.5943396226415094,-0.5318545962749107,2.2326915956059756,0.2060256512839148
cleveland,hungary,smoke_v2,v2,0,"{""brier_beta"": 0.0, ""d_model"": 16, ""dro_lambda"": 0.5, ""dro_tau"": 0.2, ""dropout"": 0.0, ""evaluation_interval"": 1, ""learning_rate"": 0.001, ""max_epochs"": 2, ""n_heads"": 4, ""n_layers"": 1, ""patience_evaluations"": 2, ""validation_mask_replicates"": 1, ""weight_decay"": 0.001}",17,empirical_source,0,294.0,0.36054421768707484,0.7237304295463668,0.5795764589313398,0.622215995825192,0.6346131725758802,0.21541057734459593,0.2213940430201536,0.673469387755102,0.6459253311922922,0.5471698113207547,0.5471698113207547,0.5471698113207547,0.5188679245283019,-0.38643224922544755,1.9021731294183255,0.22573300580366537
cleveland,hungary,smoke_v2,v2,0,"{""brier_beta"": 0.0, ""d_model"": 16, ""dro_lambda"": 0.5, ""dro_tau"": 0.2, ""dropout"": 0.0, ""evaluation_interval"": 1, ""learning_rate"": 0.001, ""max_epochs"": 2, ""n_heads"": 4, ""n_layers"": 1, ""patience_evaluations"": 2, ""validation_mask_replicates"": 1, ""weight_decay"": 0.001}",17,mar_age_sex_30,0,294.0,0.36054421768707484,0.736601766358892,0.6180410013926371,0.6187206185958918,0.6262562823228344,0.2139128837464589,0.21747551495390893,0.6836734693877551,0.6724207145724608,0.5903083700440529,0.5537190082644629,0.6320754716981132,0.5188679245283019,-0.45237785216052484,2.1191036666189835,0.21046939010412585
cleveland,hungary,smoke_v2,v2,0,"{""brier_beta"": 0.0, ""d_model"": 16, ""dro_lambda"": 0.5, ""dro_tau"": 0.2, ""dropout"": 0.0, ""evaluation_interval"": 1, ""learning_rate"": 0.001, ""max_epochs"": 2, ""n_heads"": 4, ""n_layers"": 1, ""patience_evaluations"": 2, ""validation_mask_replicates"": 1, ""weight_decay"": 0.001}",17,mcar_10,0,294.0,0.36054421768707484,0.7352468887996789,0.5591175297503378,0.6248852321448493,0.631717918810645,0.21663723367197396,0.21987997256949907,0.673469387755102,0.6603271778402249,0.5752212389380531,0.5416666666666666,0.6132075471698113,0.5188679245283019,-0.4615538050510732,2.0351390051303766,0.2349143582616775
cleveland,hungary,smoke_v2,v2,0,"{""brier_beta"": 0.0, ""d_model"": 16, ""dro_lambda"": 0.5, ""dro_tau"": 0.2, ""dropout"": 0.0, ""evaluation_interval"": 1, ""learning_rate"": 0.001, ""max_epochs"": 2, ""n_heads"": 4, ""n_layers"": 1, ""patience_evaluations"": 2, ""validation_mask_replicates"": 1, ""weight_decay"": 0.001}",17,mcar_30,0,294.0,0.36054421768707484,0.7190385387394621,0.5889889477762895,0.6262871160763706,0.6316297545717962,0.21761324564324966,0.220182573316267,0.6530612244897959,0.6381975110397431,0.5486725663716814,0.5166666666666667,0.5849056603773585,0.5,-0.4919140192485778,1.9010760289045197,0.2264353466210613
cleveland,hungary,smoke_v2,v2,0,"{""brier_beta"": 0.0, ""d_model"": 16, ""dro_lambda"": 0.5, ""dro_tau"": 0.2, ""dropout"": 0.0, ""evaluation_interval"": 1, ""learning_rate"": 0.001, ""max_epochs"": 2, ""n_heads"": 4, ""n_layers"": 1, ""patience_evaluations"": 2, ""validation_mask_replicates"": 1, ""weight_decay"": 0.001}",17,mcar_50,0,294.0,0.36054421768707484,0.621236451224408,0.43706904856358325,0.6624894538179477,0.6719645966637995,0.23511684547613673,0.23967978228474807,0.6020408163265306,0.5797872340425532,0.47533632286995514,0.452991452991453,0.5,0.2641509433962264,-0.49781792605905045,0.9587697379086033,0.32974071549623124
cleveland,hungary,smoke_v2,v2,0,"{""brier_beta"": 0.0, ""d_model"": 16, ""dro_lambda"": 0.5, ""dro_tau"": 0.2, ""dropout"": 0.0, ""evaluation_interval"": 1, ""learning_rate"": 0.001, ""max_epochs"": 2, ""n_heads"": 4, ""n_layers"": 1, ""patience_evaluations"": 2, ""validation_mask_replicates"": 1, ""weight_decay"": 0.001}",17,natural,0,294.0,0.36054421768707484,0.7764953833801685,0.6197451600222313,0.6080803237438109,0.6132689841145644,0.20849004276555055,0.2109214263149265,0.7244897959183674,0.7166800481734243,0.6431718061674009,0.6033057851239669,0.6886792452830188,0.6415094339622641,-0.47106985198220575,2.5801428563805646,0.19259237712400012
cleveland,switzerland,smoke_v2,v2,0,"{""brier_beta"": 0.0, ""d_model"": 16, ""dro_lambda"": 0.5, ""dro_tau"": 0.2, ""dropout"": 0.0, ""evaluation_interval"": 1, ""learning_rate"": 0.001, ""max_epochs"": 2, ""n_heads"": 4, ""n_layers"": 1, ""patience_evaluations"": 2, ""validation_mask_replicates"": 1, ""weight_decay"": 0.001}",17,drop_advanced,0,123.0,0.9349593495934959,0.7239130434782609,0.9712643551825728,0.5756058997697514,0.6427583769194133,0.19351428848326274,0.22546426371539902,0.7804878048780488,0.7663043478260869,0.8695652173913043,0.9782608695652174,0.782608695652174,0.3565217391304348,2.329449496267146,2.0498842871888803,0.11008447269758587
cleveland,switzerland,smoke_v2,v2,0,"{""brier_beta"": 0.0, ""d_model"": 16, ""dro_lambda"": 0.5, ""dro_tau"": 0.2, ""dropout"": 0.0, ""evaluation_interval"": 1, ""learning_rate"": 0.001, ""max_epochs"": 2, ""n_heads"": 4, ""n_layers"": 1, ""patience_evaluations"": 2, ""validation_mask_replicates"": 1, ""weight_decay"": 0.001}",17,drop_exercise,0,123.0,0.9349593495934959,0.7108695652173913,0.9615246474840415,0.5090646256215783,0.6460137193884055,0.16100272465740645,0.22665153520696404,0.8536585365853658,0.6309782608695652,0.918918918918919,0.9532710280373832,0.8869565217391304,0.2956521739130435,1.9156496886248222,2.1399157765018457,0.055227291455844485
cleveland,switzerland,smoke_v2,v2,0,"{""brier_beta"": 0.0, ""d_model"": 16, ""dro_lambda"": 0.5, ""dro_tau"": 0.2, ""dropout"": 0.0, ""evaluation_interval"": 1, ""learning_rate"": 0.001, ""max_epochs"": 2, ""n_heads"": 4, ""n_layers"": 1, ""patience_evaluations"": 2, ""validation_mask_replicates"": 1, ""weight_decay"": 0.001}",17,drop_routine,0,123.0,0.9349593495934959,0.6967391304347826,0.9594301996692347,0.47129120263233487,0.6724241690824951,0.1449193892356671,0.23974326538357404,0.8373983739837398,0.5641304347826087,0.9099099099099099,0.9439252336448598,0.8782608695652174,0.5739130434782609,1.876153131335029,1.5709150226887478,0.05253815158100387
cleveland,switzerland,smoke_v2,v2,0,"{""brier_beta"": 0.0, ""d_model"": 16, ""dro_lambda"": 0.5, ""dro_tau"": 0.2, ""dropout"": 0.0, ""evaluation_interval"": 1, ""learning_rate"": 0.001, ""max_epochs"": 2, ""n_heads"": 4, ""n_layers"": 1, ""patience_evaluations"": 2, ""validation_mask_replicates"": 1, ""weight_decay"": 0.001}",17,empirical_source,0,123.0,0.9349593495934959,0.7576086956521739,0.9758107000918181,0.5634093616191888,0.6289936760642151,0.18766113801796327,0.21875698432479648,0.7886178861788617,0.7706521739130434,0.875,0.978494623655914,0.7913043478260869,0.391304347826087,2.2982151209084676,2.225801973575086,0.09956390614365582
cleveland,switzerland,smoke_v2,v2,0,"{""brier_beta"": 0.0, ""d_model"": 16, ""dro_lambda"": 0.5, ""dro_tau"": 0.2, ""dropout"": 0.0, ""evaluation_interval"": 1, ""learning_rate"": 0.001, ""max_epochs"": 2, ""n_heads"": 4, ""n_layers"": 1, ""patience_evaluations"": 2, ""validation_mask_replicates"": 1, ""weight_decay"": 0.001}",17,mar_age_sex_30,0,123.0,0.9349593495934959,0.7000000000000001,0.9733645719886981,0.5399797752539359,0.6589560587996589,0.17662393685097985,0.2340083695336079,0.8048780487804879,0.5467391304347826,0.8899082568807339,0.941747572815534,0.8434782608695652,0.5130434782608696,2.2191140943380763,1.4775469932485477,0.07354941254440983
cleveland,switzerland,smoke_v2,v2,0,"{""brier_beta"": 0.0, ""d_model"": 16, ""dro_lambda"": 0.5, ""dro_tau"": 0.2, ""dropout"": 0.0, ""evaluation_interval"": 1, ""learning_rate"": 0.001, ""max_epochs"": 2, ""n_heads"": 4, ""n_layers"": 1, ""patience_evaluations"": 2, ""validation_mask_replicates"": 1, ""weight_decay"": 0.001}",17,mcar_10,0,123.0,0.9349593495934959,0.6695652173913043,0.9658244917161396,0.5927595293675555,0.6560780197578929,0.20187361387938366,0.23199216314767476,0.7235772357723578,0.6777173913043478,0.8316831683168316,0.9655172413793104,0.7304347826086957,0.3391304347826087,2.4282377952075067,1.5282944720527807,0.14609360119659723
cleveland,switzerland,smoke_v2,v2,0,"{""brier_beta"": 0.0, ""d_model"": 16, ""dro_lambda"": 0.5, ""dro_tau"": 0.2, ""dropout"": 0.0, ""evaluation_interval"": 1, ""learning_rate"": 0.001, ""max_epochs"": 2, ""n_heads"": 4, ""n_layers"": 1, ""patience_evaluations"": 2, ""validation_mask_replicates"": 1, ""weight_decay"": 0.001}",17,mcar_30,0,123.0,0.9349593495934959,0.6869565217391305,0.971958281386605,0.6173786602063943,0.6393658059209019,0.21388930737428904,0.22421640515505312,0.6422764227642277,0.6342391304347825,0.7708333333333334,0.961038961038961,0.6434782608695652,0.46956521739130436,2.561015015940213,1.6176628499686387,0.20143018919738373
cleveland,switzerland,smoke_v2,v2,0,"{""brier_beta"": 0.0, ""d_model"": 16, ""dro_lambda"": 0.5, ""dro_tau"": 0.2, ""dropout"": 0.0, ""evaluation_interval"": 1, ""learning_rate"": 0.001, ""max_epochs"": 2, ""n_heads"": 4, ""n_layers"": 1, ""patience_evaluations"": 2, ""validation_mask_replicates"": 1, ""weight_decay"": 0.001}",17,mcar_50,0,123.0,0.9349593495934959,0.6347826086956523,0.9628991393179751,0.6378999945141768,0.6570708476291307,0.22374265966139728,0.2327962994446986,0.6422764227642277,0.6342391304347825,0.7708333333333334,0.961038961038961,0.6434782608695652,0.3130434782608696,2.6028058668263223,1.360335240052194,0.24178718264743754
cleveland,switzerland,smoke_v2,v2,0,"{""brier_beta"": 0.0, ""d_model"": 16, ""dro_lambda"": 0.5, ""dro_tau"": 0.2, ""dropout"": 0.0, ""evaluation_interval"": 1, ""learning_rate"": 0.001, ""max_epochs"": 2, ""n_heads"": 4, ""n_layers"": 1, ""patience_evaluations"": 2, ""validation_mask_replicates"": 1, ""weight_decay"": 0.001}",17,natural,0,123.0,0.9349593495934959,0.7086956521739131,0.970725411439974,0.5628632764008138,0.6457620391672007,0.1874122603214514,0.2270638104472354,0.7886178861788617,0.7125,0.8761904761904762,0.968421052631579,0.8,0.391304347826087,2.256999355809264,2.0086271940380334,0.09220486930361257
cleveland,va_long_beach,smoke_v2,v2,0,"{""brier_beta"": 0.0, ""d_model"": 16, ""dro_lambda"": 0.5, ""dro_tau"": 0.2, ""dropout"": 0.0, ""evaluation_interval"": 1, ""learning_rate"": 0.001, ""max_epochs"": 2, ""n_heads"": 4, ""n_layers"": 1, ""patience_evaluations"": 2, ""validation_mask_replicates"": 1, ""weight_decay"": 0.001}",17,drop_advanced,0,200.0,0.745,0.6985129622318726,0.8343867636644462,0.6707045977762219,0.6649717699341389,0.23883060177400814,0.23599487416313975,0.65,0.6619292012106857,0.7307692307692307,0.8558558558558559,0.6375838926174496,0.5436241610738255,1.1768157071108438,4.245697207638121,0.31851562318518317
cleveland,va_long_beach,smoke_v2,v2,0,"{""brier_beta"": 0.0, ""d_model"": 16, ""dro_lambda"": 0.5, ""dro_tau"": 0.2, ""dropout"": 0.0, ""evaluation_interval"": 1, ""learning_rate"": 0.001, ""max_epochs"": 2, ""n_heads"": 4, ""n_layers"": 1, ""patience_evaluations"": 2, ""validation_mask_replicates"": 1, ""weight_decay"": 0.001}",17,drop_exercise,0,200.0,0.745,0.5808659034083432,0.7835834631960007,0.7259177710820635,0.6891795064501354,0.2663351760658151,0.24805533793096618,0.31,0.504671667324648,0.18823529411764706,0.7619047619047619,0.10738255033557047,0.2550335570469799,1.5013160209595033,2.82364326976839,0.6392571500612962
cleveland,va_long_beach,smoke_v2,v2,0,"{""brier_beta"": 0.0, ""d_model"": 16, ""dro_lambda"": 0.5, ""dro_tau"": 0.2, ""dropout"": 0.0, ""evaluation_interval"": 1, ""learning_rate"": 0.001, ""max_epochs"": 2, ""n_heads"": 4, ""n_layers"": 1, ""patience_evaluations"": 2, ""validation_mask_replicates"": 1, ""weight_decay"": 0.001}",17,drop_routine,0,200.0,0.745,0.687656270561916,0.8704687069547814,0.6985763820536606,0.6685669224678089,0.25259923854213256,0.23776701627327862,0.53,0.6265298065534939,0.5765765765765766,0.8767123287671232,0.42953020134228187,0.5100671140939598,1.484780327496343,3.3408631406361424,0.5081903617698545
cleveland,va_long_beach,smoke_v2,v2,0,"{""brier_beta"": 0.0, ""d_model"": 16, ""dro_lambda"": 0.5, ""dro_tau"": 0.2, ""dropout"": 0.0, ""evaluation_interval"": 1, ""learning_rate"": 0.001, ""max_epochs"": 2, ""n_heads"": 4, ""n_layers"": 1, ""patience_evaluations"": 2, ""validation_mask_replicates"": 1, ""weight_decay"": 0.001}",17,empirical_source,0,200.0,0.745,0.7060139492038426,0.8532013714554595,0.6706378592429086,0.6628737371576923,0.23875762098640563,0.23493770726712515,0.665,0.6848927490459271,0.7413127413127413,0.8727272727272727,0.6442953020134228,0.5234899328859061,1.1843579970262217,3.6816457552030664,0.3471486775807559
cleveland,va_long_beach,smoke_v2,v2,0,"{""brier_beta"": 0.0, ""d_model"": 16, ""dro_lambda"": 0.5, ""dro_tau"": 0.2, ""dropout"": 0.0, ""evaluation_interval"": 1, ""learning_rate"": 0.001, ""max_epochs"": 2, ""n_heads"": 4, ""n_layers"": 1, ""patience_evaluations"": 2, ""validation_mask_replicates"": 1, ""weight_decay"": 0.001}",17,mar_age_sex_30,0,200.0,0.745,0.6456112646400842,0.8471935711373664,0.7080410662460227,0.6762778352181601,0.2573933302540765,0.24163386213723642,0.475,0.6089617054875641,0.4878048780487805,0.8928571428571429,0.33557046979865773,0.40939597315436244,1.5190346710725011,3.363287087151781,0.5501408154089688
cleveland,va_long_beach,smoke_v2,v2,0,"{""brier_beta"": 0.0, ""d_model"": 16, ""dro_lambda"": 0.5, ""dro_tau"": 0.2, ""dropout"": 0.0, ""evaluation_interval"": 1, ""learning_rate"": 0.001, ""max_epochs"": 2, ""n_heads"": 4, ""n_layers"": 1, ""patience_evaluations"": 2, ""validation_mask_replicates"": 1, ""weight_decay"": 0.001}",17,mcar_10,0,200.0,0.745,0.7078562968811685,0.8623099613309111,0.6726471116770045,0.662861912494376,0.23977246890457293,0.23492630900970518,0.635,0.6712067377286486,0.7091633466135459,0.8725490196078431,0.5973154362416108,0.4966442953020134,1.2114166960186121,3.445064779732364,0.34857040182707943
cleveland,va_long_beach,smoke_v2,v2,0,"{""brier_beta"": 0.0, ""d_model"": 16, ""dro_lambda"": 0.5, ""dro_tau"": 0.2, ""dropout"": 0.0, ""evaluation_interval"": 1, ""learning_rate"": 0.001, ""max_epochs"": 2, ""n_heads"": 4, ""n_layers"": 1, ""patience_evaluations"": 2, ""validation_mask_replicates"": 1, ""weight_decay"": 0.001}",17,mcar_30,0,200.0,0.745,0.6903539939465719,0.8623110363525731,0.6753691823155975,0.6621398411357984,0.2411639877795431,0.23464954003336552,0.595,0.6250164495328332,0.6746987951807228,0.84,0.5637583892617449,0.4228187919463087,1.2303150336185085,2.8841874511189327,0.35714213231667946
cleveland,va_long_beach,smoke_v2,v2,0,"{""brier_beta"": 0.0, ""d_model"": 16, ""dro_lambda"": 0.5, ""dro_tau"": 0.2, ""dropout"": 0.0, ""evaluation_interval"": 1, ""learning_rate"": 0.001, ""max_epochs"": 2, ""n_heads"": 4, ""n_layers"": 1, ""patience_evaluations"": 2, ""validation_mask_replicates"": 1, ""weight_decay"": 0.001}",17,mcar_50,0,200.0,0.745,0.535596789051191,0.7818409828555236,0.711935948603014,0.6926199846966532,0.2591470025432479,0.24975870143612666,0.455,0.4988156336360048,0.5281385281385281,0.7439024390243902,0.40939597315436244,0.2483221476510067,1.1170554825029577,0.561529422464829,0.534507266189788
cleveland,va_long_beach,smoke_v2,v2,0,"{""brier_beta"": 0.0, ""d_model"": 16, ""dro_lambda"": 0.5, ""dro_tau"": 0.2, ""dropout"": 0.0, ""evaluation_interval"": 1, ""learning_rate"": 0.001, ""max_epochs"": 2, ""n_heads"": 4, ""n_layers"": 1, ""patience_evaluations"": 2, ""validation_mask_replicates"": 1, ""weight_decay"": 0.001}",17,natural,0,200.0,0.745,0.6965390182918805,0.8439849066817119,0.6710189026268304,0.6647413740149386,0.23898968583814564,0.2358890045499022,0.645,0.6521252796420581,0.7279693486590039,0.8482142857142857,0.6375838926174496,0.5436241610738255,1.185447302583229,4.322419199759519,0.31657662863132363
hungary,cleveland,smoke_v2,v2,0,"{""brier_beta"": 0.0, ""d_model"": 16, ""dro_lambda"": 0.5, ""dro_tau"": 0.2, ""dropout"": 0.0, ""evaluation_interval"": 1, ""learning_rate"": 0.001, ""max_epochs"": 2, ""n_heads"": 4, ""n_layers"": 1, ""patience_evaluations"": 2, ""validation_mask_replicates"": 1, ""weight_decay"": 0.001}",17,drop_advanced,0,303.0,0.45874587458745875,0.19924548166344974,0.3136861918372095,0.8079681255032615,0.798442530714488,0.3054777676342264,0.30088904156027996,0.26732673267326734,0.284238462888226,0.37988826815642457,0.3105022831050228,0.4892086330935252,0.050359712230215826,0.6550047892788742,-3.9570122510909522,0.7986099304334162
hungary,cleveland,smoke_v2,v2,0,"{""brier_beta"": 0.0, ""d_model"": 16, ""dro_lambda"": 0.5, ""dro_tau"": 0.2, ""dropout"": 0.0, ""evaluation_interval"": 1, ""learning_rate"": 0.001, ""max_epochs"": 2, ""n_heads"": 4, ""n_layers"": 1, ""patience_evaluations"": 2, ""validation_mask_replicates"": 1, ""weight_decay"": 0.001}",17,drop_exercise,0,303.0,0.45874587458745875,0.6196262502193367,0.5435844030061883,0.677094439160619,0.6800031476843976,0.2417959515478004,0.24326874349289324,0.6204620462046204,0.6044262151254607,0.4978165938864629,0.6333333333333333,0.41007194244604317,0.41007194244604317,-0.08500847108702728,1.0490136073762921,0.41072501449414467
hungary,cleveland,smoke_v2,v2,0,"{""brier_beta"": 0.0, ""d_model"": 16, ""dro_lambda"": 0.5, ""dro_tau"": 0.2, ""dropout"": 0.0, ""evaluation_interval"": 1, ""learning_rate"": 0.001, ""max_epochs"": 2, ""n_heads"": 4, ""n_layers"": 1, ""patience_evaluations"": 2, ""validation_mask_replicates"": 1, ""weight_decay"": 0.001}",17,drop_routine,0,303.0,0.45874587458745875,0.36988945429022635,0.4327276174533253,0.7610303692403515,0.7539119623326279,0.28308729566441954,0.2796716532785846,0.35313531353135313,0.36789349008598005,0.4367816091954023,0.36363636363636365,0.5467625899280576,0.2302158273381295,0.025316683926944795,-1.0720717777300244,0.6239253737971273
hungary,cleveland,smoke_v2,v2,0,"{""brier_beta"": 0.0, ""d_model"": 16, ""dro_lambda"": 0.5, ""dro_tau"": 0.2, ""dropout"": 0.0, ""evaluation_interval"": 1, ""learning_rate"": 0.001, ""max_epochs"": 2, ""n_heads"": 4, ""n_layers"": 1, ""patience_evaluations"": 2, ""validation_mask_replicates"": 1, ""weight_decay"": 0.001}",17,empirical_source,0,303.0,0.45874587458745875,0.22411826636251975,0.3190551346581274,0.7907705724524574,0.7849125800014848,0.29750412686047967,0.2946737755557446,0.2706270627062706,0.2818038252324969,0.34421364985163205,0.29292929292929293,0.4172661870503597,0.014388489208633094,0.30877322657599865,-3.7332565423684203,0.8043604011186047
hungary,cleveland,smoke_v2,v2,0,"{""brier_beta"": 0.0, ""d_model"": 16, ""dro_lambda"": 0.5, ""dro_tau"": 0.2, ""dropout"": 0.0, ""evaluation_interval"": 1, ""learning_rate"": 0.001, ""max_epochs"": 2, ""n_heads"": 4, ""n_layers"": 1, ""patience_evaluations"": 2, ""validation_mask_replicates"": 1, ""weight_decay"": 0.001}",17,mar_age_sex_30,0,303.0,0.45874587458745875,0.3130812423232146,0.3700633527409962,0.792579998583399,0.784752159468173,0.29679877878348004,0.293199371244394,0.3564356435643564,0.36436216880154415,0.39628482972136225,0.34782608695652173,0.460431654676259,0.1079136690647482,0.06199252939041846,-1.3271308489777225,0.6834061617981746
hungary,cleveland,smoke_v2,v2,0,"{""brier_beta"": 0.0, ""d_model"": 16, ""dro_lambda"": 0.5, ""dro_tau"": 0.2, ""dropout"": 0.0, ""evaluation_interval"": 1, ""learning_rate"": 0.001, ""max_epochs"": 2, ""n_heads"": 4, ""n_layers"": 1, ""patience_evaluations"": 2, ""validation_mask_replicates"": 1, ""weight_decay"": 0.001}",17,mcar_10,0,303.0,0.45874587458745875,0.35076329180557997,0.3983440495438441,0.7955106893150843,0.7822680490538582,0.2979115442352002,0.2917291881267114,0.3564356435643564,0.37313563783119846,0.4507042253521127,0.37037037037037035,0.5755395683453237,0.19424460431654678,0.1644527297683093,-1.0722447474708365,0.6402282035272922
hungary,cleveland,smoke_v2,v2,0,"{""brier_beta"": 0.0, ""d_model"": 16, ""dro_lambda"": 0.5, ""dro_tau"": 0.2, ""dropout"": 0.0, ""evaluation_interval"": 1, ""learning_rate"": 0.001, ""max_epochs"": 2, ""n_heads"": 4, ""n_layers"": 1, ""patience_evaluations"": 2, ""validation_mask_replicates"": 1, ""weight_decay"": 0.001}",17,mcar_30,0,303.0,0.45874587458745875,0.39436743288296194,0.4296737940900988,0.7709767489377042,0.7612108564505478,0.28653488752908524,0.28189911712708154,0.40594059405940597,0.4205123705913318,0.4797687861271676,0.40096618357487923,0.5971223021582733,0.12949640287769784,-0.011048171262027113,-0.6513697834813951,0.604378939351391
hungary,cleveland,smoke_v2,v2,0,"{""brier_beta"": 0.0, ""d_model"": 16, ""dro_lambda"": 0.5, ""dro_tau"": 0.2, ""dropout"": 0.0, ""evaluation_interval"": 1, ""learning_rate"": 0.001, ""max_epochs"": 2, ""n_heads"": 4, ""n_layers"": 1, ""patience_evaluations"": 2, ""validation_mask_replicates"": 1, ""weight_decay"": 0.001}",17,mcar_50,0,303.0,0.45874587458745875,0.4698192665379891,0.4538024586184942,0.7450721186830389,0.7377172592382514,0.2738605103827641,0.27044871492598455,0.4752475247524752,0.48398841902088086,0.5077399380804953,0.44565217391304346,0.5899280575539568,0.19424460431654678,-0.13507885757411692,-0.16896459907381264,0.540733070008591
hungary,cleveland,smoke_v2,v2,0,"{""brier_beta"": 0.0, ""d_model"": 16, ""dro_lambda"": 0.5, ""dro_tau"": 0.2, ""dropout"": 0.0, ""evaluation_interval"": 1, ""learning_rate"": 0.001, ""max_epochs"": 2, ""n_heads"": 4, ""n_layers"": 1, ""patience_evaluations"": 2, ""validation_mask_replicates"": 1, ""weight_decay"": 0.001}",17,natural,0,303.0,0.45874587458745875,0.33058431303737495,0.3797360068788883,0.8015289004210857,0.7871007200038522,0.30061625677707415,0.2938545810446103,0.37623762376237624,0.3952667134585015,0.4793388429752066,0.38839285714285715,0.6258992805755396,0.1510791366906475,0.24084900317360367,-1.2312736961685884,0.6579778527858167
hungary,switzerland,smoke_v2,v2,0,"{""brier_beta"": 0.0, ""d_model"": 16, ""dro_lambda"": 0.5, ""dro_tau"": 0.2, ""dropout"": 0.0, ""evaluation_interval"": 1, ""learning_rate"": 0.001, ""max_epochs"": 2, ""n_heads"": 4, ""n_layers"": 1, ""patience_evaluations"": 2, ""validation_mask_replicates"": 1, ""weight_decay"": 0.001}",17,drop_advanced,0,123.0,0.9349593495934959,0.7,0.9719128713782548,0.6346846684334687,0.6659656112880895,0.22110436238489764,0.23654801994117708,0.7235772357723578,0.5614130434782609,0.8349514563106796,0.945054945054945,0.7478260869565218,0.5391304347826087,2.4375616319426685,2.9981714549106027,0.14681714235610122
hungary,switzerland,smoke_v2,v2,0,"{""brier_beta"": 0.0, ""d_model"": 16, ""dro_lambda"": 0.5, ""dro_tau"": 0.2, ""dropout"": 0.0, ""evaluation_interval"": 1, ""learning_rate"": 0.001, ""max_epochs"": 2, ""n_heads"": 4, ""n_layers"": 1, ""patience_evaluations"": 2, ""validation_mask_replicates"": 1, ""weight_decay"": 0.001}",17,drop_exercise,0,123.0,0.9349593495934959,0.36195652173913045,0.9057216670562964,0.8489950096969869,0.7207275062638988,0.32701001785903233,0.2635212672420003,0.06504065040650407,0.5,0.0,0.0,0.0,0.12173913043478261,1.0150249489165308,-5.663981249629739,0.9531640017227937
hungary,switzerland,smoke_v2,v2,0,"{""brier_beta"": 0.0, ""d_model"": 16, ""dro_lambda"": 0.5, ""dro_tau"": 0.2, ""dropout"": 0.0, ""evaluation_interval"": 1, ""learning_rate"": 0.001, ""max_epochs"": 2, ""n_heads"": 4, ""n_layers"": 1, ""patience_evaluations"": 2, ""validation_mask_replicates"": 1, ""weight_decay"": 0.001}",17,drop_routine,0,123.0,0.9349593495934959,0.6684782608695653,0.9704839843282165,0.6220379751989878,0.6723887554560429,0.21483951132060378,0.23981077855621488,0.8211382113821138,0.49728260869565216,0.9009009009009009,0.9345794392523364,0.8695652173913043,0.48695652173913045,2.265994367075195,3.3097163917322487,0.08369190533218544
hungary,switzerland,smoke_v2,v2,0,"{""brier_beta"": 0.0, ""d_model"": 16, ""dro_lambda"": 0.5, ""dro_tau"": 0.2, ""dropout"": 0.0, ""evaluation_interval"": 1, ""learning_rate"": 0.001, ""max_epochs"": 2, ""n_heads"": 4, ""n_layers"": 1, ""patience_evaluations"": 2, ""validation_mask_replicates"": 1, ""weight_decay"": 0.001}",17,empirical_source,0,123.0,0.9349593495934959,0.6173913043478261,0.9610869287322048,0.6665217521731955,0.6772193618696174,0.23685171602590227,0.2420950174853175,0.6097560975609756,0.558695652173913,0.7473684210526316,0.9466666666666667,0.6173913043478261,0.391304347826087,2.620214615566637,1.64884157594034,0.295831927294986
hungary,switzerland,smoke_v2,v2,0,"{""brier_beta"": 0.0, ""d_model"": 16, ""dro_lambda"": 0.5, ""dro_tau"": 0.2, ""dropout"": 0.0, ""evaluation_interval"": 1, ""learning_rate"": 0.001, ""max_epochs"": 2, ""n_heads"": 4, ""n_layers"": 1, ""patience_evaluations"": 2, ""validation_mask_replicates"": 1, ""weight_decay"": 0.001}",17,mar_age_sex_30,0,123.0,0.9349593495934959,0.5152173913043478,0.9475986717095167,0.6890634004613054,0.691769451053425,0.24804687828844643,0.24935432549422074,0.4959349593495935,0.49782608695652175,0.6477272727272727,0.9344262295081968,0.4956521739130435,0.1826086956521739,2.6606985260481264,0.5413161442050796,0.403911677912745
hungary,switzerland,smoke_v2,v2,0,"{""brier_beta"": 0.0, ""d_model"": 16, ""dro_lambda"": 0.5, ""dro_tau"": 0.2, ""dropout"": 0.0, ""evaluation_interval"": 1, ""learning_rate"": 0.001, ""max_epochs"": 2, ""n_heads"": 4, ""n_layers"": 1, ""patience_evaluations"": 2, ""validation_mask_replicates"": 1, ""weight_decay"": 0.001}",17,mcar_10,0,123.0,0.9349593495934959,0.5978260869565217,0.9624204269461067,0.6564145864878835,0.6776186629349685,0.2318456682505954,0.24235507215997903,0.6585365853658537,0.46847826086956523,0.79,0.9294117647058824,0.6869565217391305,0.3652173913043478,2.5628053462262153,1.952432499939777,0.23427407569733422
hungary,switzerland,smoke_v2,v2,0,"{""brier_beta"": 0.0, ""d_model"": 16, ""dro_lambda"": 0.5, ""dro_tau"": 0.2, ""dropout"": 0.0, ""evaluation_interval"": 1, ""learning_rate"": 0.001, ""max_epochs"": 2, ""n_heads"": 4, ""n_layers"": 1, ""patience_evaluations"": 2, ""validation_mask_replicates"": 1, ""weight_decay"": 0.001}",17,mcar_30,0,123.0,0.9349593495934959,0.47608695652173916,0.935531201741612,0.7007692194187333,0.7036775396536576,0.2537924104023515,0.2551938023412879,0.4796747967479675,0.4891304347826087,0.632183908045977,0.9322033898305084,0.4782608695652174,0.1565217391304348,2.6699754095150148,-0.589292448213539,0.5015656271642417
hungary,switzerland,smoke_v2,v2,0,"{""brier_beta"": 0.0, ""d_model"": 16, ""dro_lambda"": 0.5, ""dro_tau"": 0.2, ""dropout"": 0.0, ""evaluation_interval"": 1, ""learning_rate"": 0.001, ""max_epochs"": 2, ""n_heads"": 4, ""n_layers"": 1, ""patience_evaluations"": 2, ""validation_mask_replicates"": 1, ""weight_decay"": 0.001}",17,mcar_50,0,123.0,0.9349593495934959,0.6728260869565217,0.9646339970886553,0.7362119760237598,0.6725968142840449,0.27131975685689286,0.23978181526858183,0.3333333333333333,0.5853260869565218,0.4533333333333333,0.9714285714285714,0.2956521739130435,0.6,3.025610761503881,2.3975246774815955,0.6496172949841564
hungary,switzerland,smoke_v2,v2,0,"{""brier_beta"": 0.0, ""d_model"": 16, ""dro_lambda"": 0.5, ""dro_tau"": 0.2, ""dropout"": 0.0, ""evaluation_interval"": 1, ""learning_rate"": 0.001, ""max_epochs"": 2, ""n_heads"": 4, ""n_layers"": 1, ""patience_evaluations"": 2, ""validation_mask_replicates"": 1, ""weight_decay"": 0.001}",17,natural,0,123.0,0.9349593495934959,0.6847826086956521,0.970553206218959,0.648907106443111,0.6689203465382683,0.2281138271827724,0.23800554924085388,0.6829268292682927,0.5396739130434782,0.8059701492537313,0.9418604651162791,0.7043478260869566,0.6173913043478261,2.5233912205793616,2.852382484595722,0.19705277479157896
hungary,va_long_beach,smoke_v2,v2,0,"{""brier_beta"": 0.0, ""d_model"": 16, ""dro_lambda"": 0.5, ""dro_tau"": 0.2, ""dropout"": 0.0, ""evaluation_interval"": 1, ""learning_rate"": 0.001, ""max_epochs"": 2, ""n_heads"": 4, ""n_layers"": 1, ""patience_evaluations"": 2, ""validation_mask_replicates"": 1, ""weight_decay"": 0.001}",17,drop_advanced,0,200.0,0.745,0.5491512041058035,0.7760475953352188,0.6672501234741478,0.7062553223064534,0.2370344634186141,0.2560821961885327,0.595,0.5025003289906567,0.7177700348432056,0.7463768115942029,0.6912751677852349,0.31543624161073824,1.0275690170903837,0.2727878167059527,0.37601424555104546
hungary,va_long_beach,smoke_v2,v2,0,"{""brier_beta"": 0.0, ""d_model"": 16, ""dro_lambda"": 0.5, ""dro_tau"": 0.2, ""dropout"": 0.0, ""evaluation_interval"": 1, ""learning_rate"": 0.001, ""max_epochs"": 2, ""n_heads"": 4, ""n_layers"": 1, ""patience_evaluations"": 2, ""validation_mask_replicates"": 1, ""weight_decay"": 0.001}",17,drop_exercise,0,200.0,0.745,0.5003289906566654,0.7520782566038002,0.6781257767815895,0.7260962213730677,0.2427471807994549,0.2655986835078137,0.515,0.4359126200815897,0.6472727272727272,0.7063492063492064,0.5973154362416108,0.33557046979865773,1.069456914257714,0.013393869789030635,0.36193865493188765
hungary,va_long_beach,smoke_v2,v2,0,"{""brier_beta"": 0.0, ""d_model"": 16, ""dro_lambda"": 0.5, ""dro_tau"": 0.2, ""dropout"": 0.0, ""evaluation_interval"": 1, ""learning_rate"": 0.001, ""max_epochs"": 2, ""n_heads"": 4, ""n_layers"": 1, ""patience_evaluations"": 2, ""validation_mask_replicates"": 1, ""weight_decay"": 0.001}",17,drop_routine,0,200.0,0.745,0.551454138702461,0.7580434281398122,0.6610161428450684,0.7062232393597607,0.23370574764586188,0.2556961934983325,0.65,0.5587577312804317,0.7602739726027398,0.7762237762237763,0.7449664429530202,0.15436241610738255,1.0173602974952667,0.29139002926896984,0.38779004436668674
hungary,va_long_beach,smoke_v2,v2,0,"{""brier_beta"": 0.0, ""d_model"": 16, ""dro_lambda"": 0.5, ""dro_tau"": 0.2, ""dropout"": 0.0, ""evaluation_interval"": 1, ""learning_rate"": 0.001, ""max_epochs"": 2, ""n_heads"": 4, ""n_layers"": 1, ""patience_evaluations"": 2, ""validation_mask_replicates"": 1, ""weight_decay"": 0.001}",17,empirical_source,0,200.0,0.745,0.5677062771417292,0.8008635103920633,0.6602155760017729,0.7033927248108911,0.2337559079932358,0.25478776486680527,0.61,0.5125674430846163,0.7310344827586207,0.75177304964539,0.7114093959731543,0.35570469798657717,1.0102418236837383,0.3325915479641262,0.34314865555349294
hungary,va_long_beach,smoke_v2,v2,0,"{""brier_beta"": 0.0, ""d_model"": 16, ""dro_lambda"": 0.5, ""dro_tau"": 0.2, ""dropout"": 0.0, ""evaluation_interval"": 1, ""learning_rate"": 0.001, ""max_epochs"": 2, ""n_heads"": 4, ""n_layers"": 1, ""patience_evaluations"": 2, ""validation_mask_replicates"": 1, ""weight_decay"": 0.001}",17,mar_age_sex_30,0,200.0,0.745,0.4799315699434136,0.7375871564813203,0.6793385117284785,0.7335640549933792,0.24287654998911065,0.26905911360194806,0.575,0.4632846427161469,0.7079037800687286,0.7253521126760564,0.6912751677852349,0.15436241610738255,1.1160893549118038,-0.1975508006760263,0.39781314867518935
hungary,va_long_beach,smoke_v2,v2,0,"{""brier_beta"": 0.0, ""d_model"": 16, ""dro_lambda"": 0.5, ""dro_tau"": 0.2, ""dropout"": 0.0, ""evaluation_interval"": 1, ""learning_rate"": 0.001, ""max_epochs"": 2, ""n_heads"": 4, ""n_layers"": 1, ""patience_evaluations"": 2, ""validation_mask_replicates"": 1, ""weight_decay"": 0.001}",17,mcar_10,0,200.0,0.745,0.5838926174496645,0.8158205526400669,0.661035840071216,0.6940029419967644,0.23411084657393438,0.2502146183316669,0.595,0.5089485458612976,0.7157894736842105,0.75,0.6845637583892618,0.3959731543624161,1.0015434106840007,0.48433721365686033,0.3417794796359772
hungary,va_long_beach,smoke_v2,v2,0,"{""brier_beta"": 0.0, ""d_model"": 16, ""dro_lambda"": 0.5, ""dro_tau"": 0.2, ""dropout"": 0.0, ""evaluation_interval"": 1, ""learning_rate"": 0.001, ""max_epochs"": 2, ""n_heads"": 4, ""n_layers"": 1, ""patience_evaluations"": 2, ""validation_mask_replicates"": 1, ""weight_decay"": 0.001}",17,mcar_30,0,200.0,0.745,0.5508619555204632,0.8081811037198621,0.6795095491288058,0.697551381172271,0.24344071173659415,0.25232901261173324,0.55,0.49809185419134094,0.6666666666666666,0.743801652892562,0.6040268456375839,0.3288590604026846,1.0395073935847687,0.39591871124735406,0.36190758988495153
hungary,va_long_beach,smoke_v2,v2,0,"{""brier_beta"": 0.0, ""d_model"": 16, ""dro_lambda"": 0.5, ""dro_tau"": 0.2, ""dropout"": 0.0, ""evaluation_interval"": 1, ""learning_rate"": 0.001, ""max_epochs"": 2, ""n_heads"": 4, ""n_layers"": 1, ""patience_evaluations"": 2, ""validation_mask_replicates"": 1, ""weight_decay"": 0.001}",17,mcar_50,0,200.0,0.745,0.5188840636925911,0.7826497555752204,0.6915771217707504,0.7119856905731677,0.24916965472238617,0.25906414995791366,0.5,0.4516383734701934,0.6212121212121212,0.7130434782608696,0.5503355704697986,0.2483221476510067,1.0584079104227082,0.14898723733142258,0.39970813613699907
hungary,va_long_beach,smoke_v2,v2,0,"{""brier_beta"": 0.0, ""d_model"": 16, ""dro_lambda"": 0.5, ""dro_tau"": 0.2, ""dropout"": 0.0, ""evaluation_interval"": 1, ""learning_rate"": 0.001, ""max_epochs"": 2, ""n_heads"": 4, ""n_layers"": 1, ""patience_evaluations"": 2, ""validation_mask_replicates"": 1, ""weight_decay"": 0.001}",17,natural,0,200.0,0.745,0.549677589156468,0.7740952694794407,0.6629443989096842,0.7092815809862262,0.2349723142039803,0.2574495443349679,0.6,0.4994078168180024,0.7241379310344828,0.7446808510638298,0.7046979865771812,0.3422818791946309,1.0240246278855039,0.24806248810062748,0.3602353528402075
switzerland,cleveland,smoke_v2,v2,0,"{""brier_beta"": 0.0, ""d_model"": 16, ""dro_lambda"": 0.5, ""dro_tau"": 0.2, ""dropout"": 0.0, ""evaluation_interval"": 1, ""learning_rate"": 0.001, ""max_epochs"": 2, ""n_heads"": 4, ""n_layers"": 1, ""patience_evaluations"": 2, ""validation_mask_replicates"": 1, ""weight_decay"": 0.001}",17,drop_advanced,0,303.0,0.45874587458745875,0.7694332339006843,0.7212070657187332,0.6477254664559872,0.6388180499916931,0.22776895410872888,0.22339181063558156,0.6270627062706271,0.6500043867345149,0.6954177897574124,0.5560344827586207,0.9280575539568345,0.49640287769784175,-1.1454284598100843,3.997760776663525,0.2603596325375875
switzerland,cleveland,smoke_v2,v2,0,"{""brier_beta"": 0.0, ""d_model"": 16, ""dro_lambda"": 0.5, ""dro_tau"": 0.2, ""dropout"": 0.0, ""evaluation_interval"": 1, ""learning_rate"": 0.001, ""max_epochs"": 2, ""n_heads"": 4, ""n_layers"": 1, ""patience_evaluations"": 2, ""validation_mask_replicates"": 1, ""weight_decay"": 0.001}",17,drop_exercise,0,303.0,0.45874587458745875,0.7810580803649763,0.7224532377256201,0.6317131955928275,0.6200561683145271,0.2205299178838987,0.2149149773482747,0.6237623762376238,0.6447622389892964,0.6868131868131868,0.5555555555555556,0.8992805755395683,0.6546762589928058,-1.0070772485425736,2.5467089663679654,0.25382084106381825
switzerland,cleveland,smoke_v2,v2,0,"{""brier_beta"": 0.0, ""d_model"": 16, ""dro_lambda"": 0.5, ""dro_tau"": 0.2, ""dropout"": 0.0, ""evaluation_interval"": 1, ""learning_rate"": 0.001, ""max_epochs"": 2, ""n_heads"": 4, ""n_layers"": 1, ""patience_evaluations"": 2, ""validation_mask_replicates"": 1, ""weight_decay"": 0.001}",17,drop_routine,0,303.0,0.45874587458745875,0.7890419371819618,0.7539236695284313,0.65370284759945,0.6382234396277607,0.23124119660868717,0.22377240790777475,0.5808580858085809,0.6100631689770135,0.6784810126582278,0.5234375,0.9640287769784173,0.5971223021582733,-1.6509048339341674,3.4845608560595562,0.2803689340356463
switzerland,cleveland,smoke_v2,v2,0,"{""brier_beta"": 0.0, ""d_model"": 16, ""dro_lambda"": 0.5, ""dro_tau"": 0.2, ""dropout"": 0.0, ""evaluation_interval"": 1, ""learning_rate"": 0.001, ""max_epochs"": 2, ""n_heads"": 4, ""n_layers"": 1, ""patience_evaluations"": 2, ""validation_mask_replicates"": 1, ""weight_decay"": 0.001}",17,empirical_source,0,303.0,0.45874587458745875,0.7057817160905422,0.6391186861924045,0.6564700967341678,0.6482385304545908,0.2320191058337583,0.22797206621306476,0.636963696369637,0.6569573609405158,0.6944444444444444,0.5656108597285068,0.8992805755395683,0.38848920863309355,-0.6461934220007124,2.175965246060962,0.3211334279561598
switzerland,cleveland,smoke_v2,v2,0,"{""brier_beta"": 0.0, ""d_model"": 16, ""dro_lambda"": 0.5, ""dro_tau"": 0.2, ""dropout"": 0.0, ""evaluation_interval"": 1, ""learning_rate"": 0.001, ""max_epochs"": 2, ""n_heads"": 4, ""n_layers"": 1, ""patience_evaluations"": 2, ""validation_mask_replicates"": 1, ""weight_decay"": 0.001}",17,mar_age_sex_30,0,303.0,0.45874587458745875,0.7576329180557992,0.684486421274223,0.6509590592021415,0.6394208406333819,0.22931875415544542,0.22373193155157123,0.6237623762376238,0.6480522898754167,0.6968085106382979,0.5527426160337553,0.9424460431654677,0.4892086330935252,-1.0031119937915907,2.689582437334458,0.31327351990531827
switzerland,cleveland,smoke_v2,v2,0,"{""brier_beta"": 0.0, ""d_model"": 16, ""dro_lambda"": 0.5, ""dro_tau"": 0.2, ""dropout"": 0.0, ""evaluation_interval"": 1, ""learning_rate"": 0.001, ""max_epochs"": 2, ""n_heads"": 4, ""n_layers"": 1, ""patience_evaluations"": 2, ""validation_mask_replicates"": 1, ""weight_decay"": 0.001}",17,mcar_10,0,303.0,0.45874587458745875,0.7513160203544481,0.7228924699957238,0.6740383412599221,0.656884756803099,0.24100751258478476,0.23271667525389172,0.5610561056105611,0.5923188278645376,0.6699751861042184,0.5113636363636364,0.9712230215827338,0.5251798561151079,-1.6785623144640025,3.285751692415317,0.3144202700644142
switzerland,cleveland,smoke_v2,v2,0,"{""brier_beta"": 0.0, ""d_model"": 16, ""dro_lambda"": 0.5, ""dro_tau"": 0.2, ""dropout"": 0.0, ""evaluation_interval"": 1, ""learning_rate"": 0.001, ""max_epochs"": 2, ""n_heads"": 4, ""n_layers"": 1, ""patience_evaluations"": 2, ""validation_mask_replicates"": 1, ""weight_decay"": 0.001}",17,mcar_30,0,303.0,0.45874587458745875,0.7157834707843481,0.6604732960470736,0.661154613893477,0.6481333351117353,0.2345682237417666,0.22827290870516403,0.6006600660066007,0.6250658010177225,0.6790450928381963,0.5378151260504201,0.920863309352518,0.460431654676259,-0.9379593026918195,2.2286735645970897,0.3153343538457373
switzerland,cleveland,smoke_v2,v2,0,"{""brier_beta"": 0.0, ""d_model"": 16, ""dro_lambda"": 0.5, ""dro_tau"": 0.2, ""dropout"": 0.0, ""evaluation_interval"": 1, ""learning_rate"": 0.001, ""max_epochs"": 2, ""n_heads"": 4, ""n_layers"": 1, ""patience_evaluations"": 2, ""validation_mask_replicates"": 1, ""weight_decay"": 0.001}",17,mcar_50,0,303.0,0.45874587458745875,0.6963502368836638,0.6574268952103985,0.6559856952424142,0.6462036239565954,0.23223691690895545,0.22750095821793517,0.594059405940594,0.6145815055272854,0.6611570247933884,0.5357142857142857,0.8633093525179856,0.41007194244604317,-0.594731145365779,1.6474406426386312,0.30061698164563444
switzerland,cleveland,smoke_v2,v2,0,"{""brier_beta"": 0.0, ""d_model"": 16, ""dro_lambda"": 0.5, ""dro_tau"": 0.2, ""dropout"": 0.0, ""evaluation_interval"": 1, ""learning_rate"": 0.001, ""max_epochs"": 2, ""n_heads"": 4, ""n_layers"": 1, ""patience_evaluations"": 2, ""validation_mask_replicates"": 1, ""weight_decay"": 0.001}",17,natural,0,303.0,0.45874587458745875,0.786497631163362,0.7575143592895606,0.672977521848648,0.6553498024393747,0.24061169532951257,0.23208004885895078,0.5544554455445545,0.5873179505176347,0.6699266503667481,0.5074074074074074,0.9856115107913669,0.60431654676259,-2.1919749937577255,4.293615228324592,0.30395493219374115
switzerland,hungary,smoke_v2,v2,0,"{""brier_beta"": 0.0, ""d_model"": 16, ""dro_lambda"": 0.5, ""dro_tau"": 0.2, ""dropout"": 0.0, ""evaluation_interval"": 1, ""learning_rate"": 0.001, ""max_epochs"": 2, ""n_heads"": 4, ""n_layers"": 1, ""patience_evaluations"": 2, ""validation_mask_replicates"": 1, ""weight_decay"": 0.001}",17,drop_advanced,0,294.0,0.36054421768707484,0.24322561220393418,0.2546789061696521,0.6854952179468298,0.7688526334259712,0.24514072663214817,0.2854005939442864,0.6360544217687075,0.4973404255319149,0.0,0.0,0.0,0.10377358490566038,-4.659392857880949,-6.962270067884854,0.5768515577474786
switzerland,hungary,smoke_v2,v2,0,"{""brier_beta"": 0.0, ""d_model"": 16, ""dro_lambda"": 0.5, ""dro_tau"": 0.2, ""dropout"": 0.0, ""evaluation_interval"": 1, ""learning_rate"": 0.001, ""max_epochs"": 2, ""n_heads"": 4, ""n_layers"": 1, ""patience_evaluations"": 2, ""validation_mask_replicates"": 1, ""weight_decay"": 0.001}",17,drop_exercise,0,294.0,0.36054421768707484,0.333701324769169,0.3022001060913253,0.6750497717608238,0.7563501380533408,0.24037598181400507,0.2795965968759565,0.6224489795918368,0.48875953432356484,0.017699115044247787,0.14285714285714285,0.009433962264150943,0.19811320754716982,-1.776077315309946,-2.0893812625292,0.4933794004319836
switzerland,hungary,smoke_v2,v2,0,"{""brier_beta"": 0.0, ""d_model"": 16, ""dro_lambda"": 0.5, ""dro_tau"": 0.2, ""dropout"": 0.0, ""evaluation_interval"": 1, ""learning_rate"": 0.001, ""max_epochs"": 2, ""n_heads"": 4, ""n_layers"": 1, ""patience_evaluations"": 2, ""validation_mask_replicates"": 1, ""weight_decay"": 0.001}",17,drop_routine,0,294.0,0.36054421768707484,0.18551786431152148,0.23628020288809545,0.6994821802848652,0.7739860723604213,0.2519287398920194,0.288068576154663,0.6258503401360545,0.48936170212765956,0.0,0.0,0.0,0.05660377358490566,-4.836570603853647,-8.284171306262465,0.5971606874450501
switzerland,hungary,smoke_v2,v2,0,"{""brier_beta"": 0.0, ""d_model"": 16, ""dro_lambda"": 0.5, ""dro_tau"": 0.2, ""dropout"": 0.0, ""evaluation_interval"": 1, ""learning_rate"": 0.001, ""max_epochs"": 2, ""n_heads"": 4, ""n_layers"": 1, ""patience_evaluations"": 2, ""validation_mask_replicates"": 1, ""weight_decay"": 0.001}",17,empirical_source,0,294.0,0.36054421768707484,0.27057406663990363,0.2744760893109801,0.6834133950967299,0.7660674052103349,0.24419789365194178,0.28410092088074124,0.6360544217687075,0.4993978321959053,0.01834862385321101,0.3333333333333333,0.009433962264150943,0.09433962264150944,-3.4616666333810424,-4.95243470756176,0.5313839560029304
switzerland,hungary,smoke_v2,v2,0,"{""brier_beta"": 0.0, ""d_model"": 16, ""dro_lambda"": 0.5, ""dro_tau"": 0.2, ""dropout"": 0.0, ""evaluation_interval"": 1, ""learning_rate"": 0.001, ""max_epochs"": 2, ""n_heads"": 4, ""n_layers"": 1, ""patience_evaluations"": 2, ""validation_mask_replicates"": 1, ""weight_decay"": 0.001}",17,mar_age_sex_30,0,294.0,0.36054421768707484,0.2824167001204335,0.26099217828281174,0.6904709509701545,0.7699434714616826,0.2476142400705691,0.28599795280055207,0.6224489795918368,0.4867021276595745,0.0,0.0,0.0,0.0660377358490566,-3.2332159423639886,-4.759597999971771,0.5364838832498945
switzerland,hungary,smoke_v2,v2,0,"{""brier_beta"": 0.0, ""d_model"": 16, ""dro_lambda"": 0.5, ""dro_tau"": 0.2, ""dropout"": 0.0, ""evaluation_interval"": 1, ""learning_rate"": 0.001, ""max_epochs"": 2, ""n_heads"": 4, ""n_layers"": 1, ""patience_evaluations"": 2, ""validation_mask_replicates"": 1, ""weight_decay"": 0.001}",17,mcar_10,0,294.0,0.36054421768707484,0.2630971497390606,0.25461678513676594,0.6912224888697451,0.7731948206249217,0.24798468599381845,0.2875396791844777,0.6258503401360545,0.48936170212765956,0.0,0.0,0.0,0.09433962264150944,-3.7007604131993572,-5.40882634001042,0.5286716816895636
switzerland,hungary,smoke_v2,v2,0,"{""brier_beta"": 0.0, ""d_model"": 16, ""dro_lambda"": 0.5, ""dro_tau"": 0.2, ""dropout"": 0.0, ""evaluation_interval"": 1, ""learning_rate"": 0.001, ""max_epochs"": 2, ""n_heads"": 4, ""n_layers"": 1, ""patience_evaluations"": 2, ""validation_mask_replicates"": 1, ""weight_decay"": 0.001}",17,mcar_30,0,294.0,0.36054421768707484,0.3415796868727419,0.2882300088598193,0.6887954152732005,0.7636267290837551,0.24689580842880163,0.2830174458258931,0.6156462585034014,0.48755519871537534,0.05042016806722689,0.23076923076923078,0.02830188679245283,0.10377358490566038,-1.751413833249735,-2.2252496865387905,0.49938087238176065
switzerland,hungary,smoke_v2,v2,0,"{""brier_beta"": 0.0, ""d_model"": 16, ""dro_lambda"": 0.5, ""dro_tau"": 0.2, ""dropout"": 0.0, ""evaluation_interval"": 1, ""learning_rate"": 0.001, ""max_epochs"": 2, ""n_heads"": 4, ""n_layers"": 1, ""patience_evaluations"": 2, ""validation_mask_replicates"": 1, ""weight_decay"": 0.001}",17,mcar_50,0,294.0,0.36054421768707484,0.28286832597350464,0.26352975222536495,0.7246127513924955,0.7925998427270351,0.26378689121177,0.29644346727464504,0.5714285714285714,0.4570955439582497,0.07352941176470588,0.16666666666666666,0.04716981132075472,0.05660377358490566,-1.7588077107125066,-2.4668144382235666,0.5674935402670509
switzerland,hungary,smoke_v2,v2,0,"{""brier_beta"": 0.0, ""d_model"": 16, ""dro_lambda"": 0.5, ""dro_tau"": 0.2, ""dropout"": 0.0, ""evaluation_interval"": 1, ""learning_rate"": 0.001, ""max_epochs"": 2, ""n_heads"": 4, ""n_layers"": 1, ""patience_evaluations"": 2, ""validation_mask_replicates"": 1, ""weight_decay"": 0.001}",17,natural,0,294.0,0.36054421768707484,0.242974708952228,0.25228687956953877,0.686538421867877,0.7687629477182115,0.24567349231911156,0.285413223113975,0.6360544217687075,0.4973404255319149,0.0,0.0,0.0,0.08490566037735849,-4.63797265880977,-7.022001666018737,0.5786754268956993
switzerland,va_long_beach,smoke_v2,v2,0,"{""brier_beta"": 0.0, ""d_model"": 16, ""dro_lambda"": 0.5, ""dro_tau"": 0.2, ""dropout"": 0.0, ""evaluation_interval"": 1, ""learning_rate"": 0.001, ""max_epochs"": 2, ""n_heads"": 4, ""n_layers"": 1, ""patience_evaluations"": 2, ""validation_mask_replicates"": 1, ""weight_decay"": 0.001}",17,drop_advanced,0,200.0,0.745,0.5492828003684695,0.7926747073553555,0.7036196428565415,0.6875829855570954,0.25517177544805014,0.2473183891154823,0.45,0.48901171206737726,0.5258620689655172,0.7349397590361446,0.40939597315436244,0.2483221476510067,1.130076427101824,0.8680198243570557,0.49327449408346513
switzerland,va_long_beach,smoke_v2,v2,0,"{""brier_beta"": 0.0, ""d_model"": 16, ""dro_lambda"": 0.5, ""dro_tau"": 0.2, ""dropout"": 0.0, ""evaluation_interval"": 1, ""learning_rate"": 0.001, ""max_epochs"": 2, ""n_heads"": 4, ""n_layers"": 1, ""patience_evaluations"": 2, ""validation_mask_replicates"": 1, ""weight_decay"": 0.001}",17,drop_exercise,0,200.0,0.745,0.5592841163310963,0.7811298080054038,0.7282892253606892,0.6912133262875622,0.26731734012630004,0.24904028445854523,0.41,0.5266482431898933,0.4215686274509804,0.7818181818181819,0.28859060402684567,0.2550335570469799,1.2050154024619835,0.8651415834796924,0.6035185967147507
switzerland,va_long_beach,smoke_v2,v2,0,"{""brier_beta"": 0.0, ""d_model"": 16, ""dro_lambda"": 0.5, ""dro_tau"": 0.2, ""dropout"": 0.0, ""evaluation_interval"": 1, ""learning_rate"": 0.001, ""max_epochs"": 2, ""n_heads"": 4, ""n_layers"": 1, ""patience_evaluations"": 2, ""validation_mask_replicates"": 1, ""weight_decay"": 0.001}",17,drop_routine,0,200.0,0.745,0.5517173312277931,0.7412677922249186,0.7340306944462495,0.689481173881477,0.2703279452268235,0.24834846366965968,0.29,0.44611133043821555,0.2111111111111111,0.6129032258064516,0.12751677852348994,0.10738255033557047,1.364312173193078,1.5613677628048996,0.6430961957855876
switzerland,va_long_beach,smoke_v2,v2,0,"{""brier_beta"": 0.0, ""d_model"": 16, ""dro_lambda"": 0.5, ""dro_tau"": 0.2, ""dropout"": 0.0, ""evaluation_interval"": 1, ""learning_rate"": 0.001, ""max_epochs"": 2, ""n_heads"": 4, ""n_layers"": 1, ""patience_evaluations"": 2, ""validation_mask_replicates"": 1, ""weight_decay"": 0.001}",17,empirical_source,0,200.0,0.745,0.5546782471377814,0.7928200820627189,0.7035064706102188,0.6869882870360304,0.2550836428494557,0.24700041263049877,0.465,0.49907882616133703,0.5446808510638298,0.7441860465116279,0.42953020134228187,0.2550335570469799,1.1337665596513642,0.897741162364973,0.4942474672698993
switzerland,va_long_beach,smoke_v2,v2,0,"{""brier_beta"": 0.0, ""d_model"": 16, ""dro_lambda"": 0.5, ""dro_tau"": 0.2, ""dropout"": 0.0, ""evaluation_interval"": 1, ""learning_rate"": 0.001, ""max_epochs"": 2, ""n_heads"": 4, ""n_layers"": 1, ""patience_evaluations"": 2, ""validation_mask_replicates"": 1, ""weight_decay"": 0.001}",17,mar_age_sex_30,0,200.0,0.745,0.5378339255165153,0.763202425903664,0.7395912066793962,0.6980897000429963,0.2728032173583432,0.25238311348944664,0.385,0.49697328595867873,0.39408866995073893,0.7407407407407407,0.2684563758389262,0.20134228187919462,1.1446086809891167,0.4239719184846128,0.6515502068896877
switzerland,va_long_beach,smoke_v2,v2,0,"{""brier_beta"": 0.0, ""d_model"": 16, ""dro_lambda"": 0.5, ""dro_tau"": 0.2, ""dropout"": 0.0, ""evaluation_interval"": 1, ""learning_rate"": 0.001, ""max_epochs"": 2, ""n_heads"": 4, ""n_layers"": 1, ""patience_evaluations"": 2, ""validation_mask_replicates"": 1, ""weight_decay"": 0.001}",17,mcar_10,0,200.0,0.745,0.5437557573364917,0.790300668886135,0.7136591533631228,0.6908472156754871,0.26004297531391635,0.24883701213939116,0.475,0.5315831030398737,0.5414847161572053,0.775,0.4161073825503356,0.2483221476510067,1.1319057090402187,0.6486281132899693,0.5428477027039176
switzerland,va_long_beach,smoke_v2,v2,0,"{""brier_beta"": 0.0, ""d_model"": 16, ""dro_lambda"": 0.5, ""dro_tau"": 0.2, ""dropout"": 0.0, ""evaluation_interval"": 1, ""learning_rate"": 0.001, ""max_epochs"": 2, ""n_heads"": 4, ""n_layers"": 1, ""patience_evaluations"": 2, ""validation_mask_replicates"": 1, ""weight_decay"": 0.001}",17,mcar_30,0,200.0,0.745,0.5629688116857482,0.7969348989198296,0.7090565535096124,0.6886823504513347,0.2576254870087071,0.24772556644719976,0.52,0.555336228451112,0.6,0.7912087912087912,0.48322147651006714,0.2214765100671141,1.1295921946546268,0.6932050378623377,0.5256066814983307
switzerland,va_long_beach,smoke_v2,v2,0,"{""brier_beta"": 0.0, ""d_model"": 16, ""dro_lambda"": 0.5, ""dro_tau"": 0.2, ""dropout"": 0.0, ""evaluation_interval"": 1, ""learning_rate"": 0.001, ""max_epochs"": 2, ""n_heads"": 4, ""n_layers"": 1, ""patience_evaluations"": 2, ""validation_mask_replicates"": 1, ""weight_decay"": 0.001}",17,mcar_50,0,200.0,0.745,0.5223055665219107,0.7566923000425305,0.7297903081820221,0.7027840133081794,0.267655286729199,0.25452127042375583,0.45,0.49545992893801816,0.5217391304347826,0.7407407407407407,0.40268456375838924,0.2550335570469799,1.0924989857394947,0.1851715684516297,0.6034998860942875
switzerland,va_long_beach,smoke_v2,v2,0,"{""brier_beta"": 0.0, ""d_model"": 16, ""dro_lambda"": 0.5, ""dro_tau"": 0.2, ""dropout"": 0.0, ""evaluation_interval"": 1, ""learning_rate"": 0.001, ""max_epochs"": 2, ""n_heads"": 4, ""n_layers"": 1, ""patience_evaluations"": 2, ""validation_mask_replicates"": 1, ""weight_decay"": 0.001}",17,natural,0,200.0,0.745,0.544018949861824,0.7924076351824659,0.7044027361798904,0.6881994593618077,0.2555587863425233,0.24762896976585166,0.445,0.47920779049874984,0.5236051502145923,0.7261904761904762,0.40939597315436244,0.2550335570469799,1.1280368593806203,0.8305415355178599,0.49668583085467544
va_long_beach,cleveland,smoke_v2,v2,0,"{""brier_beta"": 0.0, ""d_model"": 16, ""dro_lambda"": 0.5, ""dro_tau"": 0.2, ""dropout"": 0.0, ""evaluation_interval"": 1, ""learning_rate"": 0.001, ""max_epochs"": 2, ""n_heads"": 4, ""n_layers"": 1, ""patience_evaluations"": 2, ""validation_mask_replicates"": 1, ""weight_decay"": 0.001}",17,drop_advanced,0,303.0,0.45874587458745875,0.6757764520091243,0.571287033462753,0.6588382385922088,0.6548830219168116,0.23307787703537242,0.23111938795580922,0.6237623762376238,0.6365371117739954,0.6586826347305389,0.5641025641025641,0.7913669064748201,0.3669064748201439,-0.386454867239255,2.2114433840980046,0.3137830792035712
va_long_beach,cleveland,smoke_v2,v2,0,"{""brier_beta"": 0.0, ""d_model"": 16, ""dro_lambda"": 0.5, ""dro_tau"": 0.2, ""dropout"": 0.0, ""evaluation_interval"": 1, ""learning_rate"": 0.001, ""max_epochs"": 2, ""n_heads"": 4, ""n_layers"": 1, ""patience_evaluations"": 2, ""validation_mask_replicates"": 1, ""weight_decay"": 0.001}",17,drop_exercise,0,303.0,0.45874587458745875,0.4835936129145464,0.427674178755701,0.7045220086353395,0.7029932112020433,0.25558014926162936,0.2548242141113698,0.49174917491749176,0.49703895420249167,0.5032258064516129,0.45614035087719296,0.5611510791366906,0.1366906474820144,-0.16067687585998405,-0.14052654985150614,0.5210938295361465
va_long_beach,cleveland,smoke_v2,v2,0,"{""brier_beta"": 0.0, ""d_model"": 16, ""dro_lambda"": 0.5, ""dro_tau"": 0.2, ""dropout"": 0.0, ""evaluation_interval"": 1, ""learning_rate"": 0.001, ""max_epochs"": 2, ""n_heads"": 4, ""n_layers"": 1, ""patience_evaluations"": 2, ""validation_mask_replicates"": 1, ""weight_decay"": 0.001}",17,drop_routine,0,303.0,0.45874587458745875,0.527943498859449,0.45499755249612717,0.725246380559159,0.7105517486209814,0.265355755506784,0.25818381323443196,0.49504950495049505,0.5264081417792595,0.6222222222222222,0.47368421052631576,0.9064748201438849,0.15827338129496402,-0.30684430917388733,0.39619144988599847,0.5511213565903228
va_long_beach,cleveland,smoke_v2,v2,0,"{""brier_beta"": 0.0, ""d_model"": 16, ""dro_lambda"": 0.5, ""dro_tau"": 0.2, ""dropout"": 0.0, ""evaluation_interval"": 1, ""learning_rate"": 0.001, ""max_epochs"": 2, ""n_heads"": 4, ""n_layers"": 1, ""patience_evaluations"": 2, ""validation_mask_replicates"": 1, ""weight_decay"": 0.001}",17,empirical_source,0,303.0,0.45874587458745875,0.6663011054570978,0.5562596565253456,0.6574852762274974,0.6546534097787986,0.2324814104912533,0.23107410713340487,0.6270627062706271,0.6373925250043868,0.6523076923076923,0.5698924731182796,0.762589928057554,0.302158273381295,-0.30902803106150173,2.0822430393688656,0.29529277034936396
va_long_beach,cleveland,smoke_v2,v2,0,"{""brier_beta"": 0.0, ""d_model"": 16, ""dro_lambda"": 0.5, ""dro_tau"": 0.2, ""dropout"": 0.0, ""evaluation_interval"": 1, ""learning_rate"": 0.001, ""max_epochs"": 2, ""n_heads"": 4, ""n_layers"": 1, ""patience_evaluations"": 2, ""validation_mask_replicates"": 1, ""weight_decay"": 0.001}",17,mar_age_sex_30,0,303.0,0.45874587458745875,0.5029829794700824,0.44043388819142404,0.7121361382448583,0.7055851076666906,0.2591521853337851,0.25593762644139084,0.5247524752475248,0.5412353044393753,0.5885714285714285,0.4881516587677725,0.7410071942446043,0.1223021582733813,-0.1788211992324355,0.08616618706760719,0.5328232585443391
va_long_beach,cleveland,smoke_v2,v2,0,"{""brier_beta"": 0.0, ""d_model"": 16, ""dro_lambda"": 0.5, ""dro_tau"": 0.2, ""dropout"": 0.0, ""evaluation_interval"": 1, ""learning_rate"": 0.001, ""max_epochs"": 2, ""n_heads"": 4, ""n_layers"": 1, ""patience_evaluations"": 2, ""validation_mask_replicates"": 1, ""weight_decay"": 0.001}",17,mcar_10,0,303.0,0.45874587458745875,0.5086857343393578,0.439931501787173,0.7168732684699396,0.705977886918028,0.2613121241809479,0.2559786692208632,0.5247524752475248,0.5500087734690297,0.6230366492146597,0.4897119341563786,0.8561151079136691,0.15827338129496402,-0.23905455421189872,0.2815520115059991,0.5559249767387648
va_long_beach,cleveland,smoke_v2,v2,0,"{""brier_beta"": 0.0, ""d_model"": 16, ""dro_lambda"": 0.5, ""dro_tau"": 0.2, ""dropout"": 0.0, ""evaluation_interval"": 1, ""learning_rate"": 0.001, ""max_epochs"": 2, ""n_heads"": 4, ""n_layers"": 1, ""patience_evaluations"": 2, ""validation_mask_replicates"": 1, ""weight_decay"": 0.001}",17,mcar_30,0,303.0,0.45874587458745875,0.5679505176346727,0.5071275926986223,0.6957484489690069,0.6892767396676704,0.251223874279793,0.24804545802527356,0.5313531353135313,0.5484295490436919,0.5965909090909091,0.49295774647887325,0.7553956834532374,0.28776978417266186,-0.2820887608201051,0.7415031608194188,0.4358816321864691
va_long_beach,cleveland,smoke_v2,v2,0,"{""brier_beta"": 0.0, ""d_model"": 16, ""dro_lambda"": 0.5, ""dro_tau"": 0.2, ""dropout"": 0.0, ""evaluation_interval"": 1, ""learning_rate"": 0.001, ""max_epochs"": 2, ""n_heads"": 4, ""n_layers"": 1, ""patience_evaluations"": 2, ""validation_mask_replicates"": 1, ""weight_decay"": 0.001}",17,mcar_50,0,303.0,0.45874587458745875,0.5174592033690121,0.45166792343777573,0.7052386804969106,0.7030848812194519,0.25578142713854807,0.25471864458467053,0.5247524752475248,0.5319134935953677,0.5443037974683544,0.4858757062146893,0.6187050359712231,0.16546762589928057,-0.17525689712430617,0.20595341806137651,0.4857773906105206
va_long_beach,cleveland,smoke_v2,v2,0,"{""brier_beta"": 0.0, ""d_model"": 16, ""dro_lambda"": 0.5, ""dro_tau"": 0.2, ""dropout"": 0.0, ""evaluation_interval"": 1, ""learning_rate"": 0.001, ""max_epochs"": 2, ""n_heads"": 4, ""n_layers"": 1, ""patience_evaluations"": 2, ""validation_mask_replicates"": 1, ""weight_decay"": 0.001}",17,natural,0,303.0,0.45874587458745875,0.5309703456746797,0.45442714646983495,0.7142991685525091,0.7019208960957033,0.2601301871187032,0.25406269055551556,0.49504950495049505,0.524214774521846,0.6146095717884131,0.4728682170542636,0.8776978417266187,0.16546762589928057,-0.354145795108877,0.6304076140598713,0.5423041974951547
va_long_beach,hungary,smoke_v2,v2,0,"{""brier_beta"": 0.0, ""d_model"": 16, ""dro_lambda"": 0.5, ""dro_tau"": 0.2, ""dropout"": 0.0, ""evaluation_interval"": 1, ""learning_rate"": 0.001, ""max_epochs"": 2, ""n_heads"": 4, ""n_layers"": 1, ""patience_evaluations"": 2, ""validation_mask_replicates"": 1, ""weight_decay"": 0.001}",17,drop_advanced,0,294.0,0.36054421768707484,0.7378061019670815,0.6325157615532371,0.6585888259748577,0.6218289890312041,0.23334695749966247,0.21605033086608513,0.6054421768707483,0.6400541951023686,0.5827338129496403,0.47093023255813954,0.7641509433962265,0.660377358490566,-1.256520646112129,2.288891532774736,0.33622465225463566
va_long_beach,hungary,smoke_v2,v2,0,"{""brier_beta"": 0.0, ""d_model"": 16, ""dro_lambda"": 0.5, ""dro_tau"": 0.2, ""dropout"": 0.0, ""evaluation_interval"": 1, ""learning_rate"": 0.001, ""max_epochs"": 2, ""n_heads"": 4, ""n_layers"": 1, ""patience_evaluations"": 2, ""validation_mask_replicates"": 1, ""weight_decay"": 0.001}",17,drop_exercise,0,294.0,0.36054421768707484,0.5254917703733439,0.40363508188840624,0.7859155053992849,0.7253497668110265,0.29449188216604005,0.2652886229479284,0.41496598639455784,0.5158069048574869,0.5195530726256983,0.36904761904761907,0.8773584905660378,0.2641509433962264,-0.6630932858685369,0.20588874453716496,0.5963420117705325
va_long_beach,hungary,smoke_v2,v2,0,"{""brier_beta"": 0.0, ""d_model"": 16, ""dro_lambda"": 0.5, ""dro_tau"": 0.2, ""dropout"": 0.0, ""evaluation_interval"": 1, ""learning_rate"": 0.001, ""max_epochs"": 2, ""n_heads"": 4, ""n_layers"": 1, ""patience_evaluations"": 2, ""validation_mask_replicates"": 1, ""weight_decay"": 0.001}",17,drop_routine,0,294.0,0.36054421768707484,0.7233038940184665,0.6117269934397502,0.6624040999037945,0.6328941319642911,0.23508795326115978,0.22104878473762238,0.608843537414966,0.6365415495784825,0.5756457564575646,0.4727272727272727,0.7358490566037735,0.6132075471698113,-1.1404945765044998,2.4664965160162895,0.3504321476827903
va_long_beach,hungary,smoke_v2,v2,0,"{""brier_beta"": 0.0, ""d_model"": 16, ""dro_lambda"": 0.5, ""dro_tau"": 0.2, ""dropout"": 0.0, ""evaluation_interval"": 1, ""learning_rate"": 0.001, ""max_epochs"": 2, ""n_heads"": 4, ""n_layers"": 1, ""patience_evaluations"": 2, ""validation_mask_replicates"": 1, ""weight_decay"": 0.001}",17,empirical_source,0,294.0,0.36054421768707484,0.7288739462063427,0.6963123659979378,0.6556076912087703,0.6255693215819911,0.232037800176233,0.21788800521116808,0.5986394557823129,0.6244480128462464,0.562962962962963,0.4634146341463415,0.7169811320754716,0.6320754716981132,-1.1131542083960073,2.204485418854856,0.29684981466834964
va_long_beach,hungary,smoke_v2,v2,0,"{""brier_beta"": 0.0, ""d_model"": 16, ""dro_lambda"": 0.5, ""dro_tau"": 0.2, ""dropout"": 0.0, ""evaluation_interval"": 1, ""learning_rate"": 0.001, ""max_epochs"": 2, ""n_heads"": 4, ""n_layers"": 1, ""patience_evaluations"": 2, ""validation_mask_replicates"": 1, ""weight_decay"": 0.001}",17,mar_age_sex_30,0,294.0,0.36054421768707484,0.6654957848253713,0.47438811491687466,0.6997560455948968,0.6606740115686949,0.25209613751550675,0.2337250403285293,0.6054421768707483,0.6421116017663588,0.5857142857142857,0.47126436781609193,0.7735849056603774,0.39622641509433965,-0.9638480307777043,1.3108340882278753,0.4570683091143378
va_long_beach,hungary,smoke_v2,v2,0,"{""brier_beta"": 0.0, ""d_model"": 16, ""dro_lambda"": 0.5, ""dro_tau"": 0.2, ""dropout"": 0.0, ""evaluation_interval"": 1, ""learning_rate"": 0.001, ""max_epochs"": 2, ""n_heads"": 4, ""n_layers"": 1, ""patience_evaluations"": 2, ""validation_mask_replicates"": 1, ""weight_decay"": 0.001}",17,mcar_10,0,294.0,0.36054421768707484,0.7019771176234444,0.5582808748823375,0.6729120855408854,0.6386864595422073,0.23971535116535533,0.22366571227491552,0.6224489795918368,0.6533520674427941,0.5934065934065934,0.48502994011976047,0.7641509433962265,0.5943396226415094,-1.0342012392198956,1.6832843242020215,0.38051276333907225
va_long_beach,hungary,smoke_v2,v2,0,"{""brier_beta"": 0.0, ""d_model"": 16, ""dro_lambda"": 0.5, ""dro_tau"": 0.2, ""dropout"": 0.0, ""evaluation_interval"": 1, ""learning_rate"": 0.001, ""max_epochs"": 2, ""n_heads"": 4, ""n_layers"": 1, ""patience_evaluations"": 2, ""validation_mask_replicates"": 1, ""weight_decay"": 0.001}",17,mcar_30,0,294.0,0.36054421768707484,0.6527498996386993,0.4895429616716754,0.7036418328783987,0.6662727762151829,0.2539407489485525,0.23650081896539044,0.5612244897959183,0.5951926936973103,0.5409252669039146,0.4342857142857143,0.7169811320754716,0.4056603773584906,-0.871625179275411,1.02721249932728,0.4440167509568321
va_long_beach,hungary,smoke_v2,v2,0,"{""brier_beta"": 0.0, ""d_model"": 16, ""dro_lambda"": 0.5, ""dro_tau"": 0.2, ""dropout"": 0.0, ""evaluation_interval"": 1, ""learning_rate"": 0.001, ""max_epochs"": 2, ""n_heads"": 4, ""n_layers"": 1, ""patience_evaluations"": 2, ""validation_mask_replicates"": 1, ""weight_decay"": 0.001}",17,mcar_50,0,294.0,0.36054421768707484,0.5736651947009234,0.43733849820638093,0.7298920660145398,0.7051443598413785,0.2665797356932025,0.2550614872359576,0.5204081632653061,0.5385889201124047,0.4758364312267658,0.39263803680981596,0.6037735849056604,0.33962264150943394,-0.6545074334850289,0.41960345458503895,0.49813779612968856
va_long_beach,hungary,smoke_v2,v2,0,"{""brier_beta"": 0.0, ""d_model"": 16, ""dro_lambda"": 0.5, ""dro_tau"": 0.2, ""dropout"": 0.0, ""evaluation_interval"": 1, ""learning_rate"": 0.001, ""max_epochs"": 2, ""n_heads"": 4, ""n_layers"": 1, ""patience_evaluations"": 2, ""validation_mask_replicates"": 1, ""weight_decay"": 0.001}",17,natural,0,294.0,0.36054421768707484,0.7438277800080288,0.651592668003534,0.6567981024995083,0.6206911341540517,0.2325291506834154,0.21553727072498846,0.6122448979591837,0.6474307507025292,0.5899280575539568,0.47674418604651164,0.7735849056603774,0.660377358490566,-1.248111566241154,2.2880733765999417,0.3244479972125172
va_long_beach,switzerland,smoke_v2,v2,0,"{""brier_beta"": 0.0, ""d_model"": 16, ""dro_lambda"": 0.5, ""dro_tau"": 0.2, ""dropout"": 0.0, ""evaluation_interval"": 1, ""learning_rate"": 0.001, ""max_epochs"": 2, ""n_heads"": 4, ""n_layers"": 1, ""patience_evaluations"": 2, ""validation_mask_replicates"": 1, ""weight_decay"": 0.001}",17,drop_advanced,0,123.0,0.9349593495934959,0.6456521739130435,0.9640890003251779,0.6667585183155142,0.6579905487223192,0.23692537763798122,0.23280933132197282,0.6585365853658537,0.6429347826086956,0.7835051546391752,0.9620253164556962,0.6608695652173913,0.3130434782608696,2.7405290857630487,3.961769617958003,0.28161947198240533
va_long_beach,switzerland,smoke_v2,v2,0,"{""brier_beta"": 0.0, ""d_model"": 16, ""dro_lambda"": 0.5, ""dro_tau"": 0.2, ""dropout"": 0.0, ""evaluation_interval"": 1, ""learning_rate"": 0.001, ""max_epochs"": 2, ""n_heads"": 4, ""n_layers"": 1, ""patience_evaluations"": 2, ""validation_mask_replicates"": 1, ""weight_decay"": 0.001}",17,drop_exercise,0,123.0,0.9349593495934959,0.691304347826087,0.9603922449617002,0.63497443361441,0.6426908182337057,0.2212827213546009,0.22561016785316884,0.7073170731707317,0.6108695652173913,0.8217821782178217,0.9540229885057471,0.7217391304347827,0.4782608695652174,2.6156541457636378,2.6380088574737535,0.21349428800588247
va_long_beach,switzerland,smoke_v2,v2,0,"{""brier_beta"": 0.0, ""d_model"": 16, ""dro_lambda"": 0.5, ""dro_tau"": 0.2, ""dropout"": 0.0, ""evaluation_interval"": 1, ""learning_rate"": 0.001, ""max_epochs"": 2, ""n_heads"": 4, ""n_layers"": 1, ""patience_evaluations"": 2, ""validation_mask_replicates"": 1, ""weight_decay"": 0.001}",17,drop_routine,0,123.0,0.9349593495934959,0.6510869565217392,0.9654496465260435,0.7118525041402631,0.6706676275509015,0.2592315639572012,0.2389244888396031,0.44715447154471544,0.5880434782608696,0.5903614457831325,0.9607843137254902,0.4260869565217391,0.2956521739130435,2.9730359716253276,3.228818485250006,0.6031102312276364
va_long_beach,switzerland,smoke_v2,v2,0,"{""brier_beta"": 0.0, ""d_model"": 16, ""dro_lambda"": 0.5, ""dro_tau"": 0.2, ""dropout"": 0.0, ""evaluation_interval"": 1, ""learning_rate"": 0.001, ""max_epochs"": 2, ""n_heads"": 4, ""n_layers"": 1, ""patience_evaluations"": 2, ""validation_mask_replicates"": 1, ""weight_decay"": 0.001}",17,empirical_source,0,123.0,0.9349593495934959,0.6934782608695651,0.9710086357421096,0.6714951872144466,0.654353009623653,0.239230764686229,0.23096189200535333,0.6178861788617886,0.621195652173913,0.7513227513227513,0.9594594594594594,0.6173913043478261,0.48695652173913045,2.810855320610381,4.310834536987523,0.3050521406670504
va_long_beach,switzerland,smoke_v2,v2,0,"{""brier_beta"": 0.0, ""d_model"": 16, ""dro_lambda"": 0.5, ""dro_tau"": 0.2, ""dropout"": 0.0, ""evaluation_interval"": 1, ""learning_rate"": 0.001, ""max_epochs"": 2, ""n_heads"": 4, ""n_layers"": 1, ""patience_evaluations"": 2, ""validation_mask_replicates"": 1, ""weight_decay"": 0.001}",17,mar_age_sex_30,0,123.0,0.9349593495934959,0.7130434782608696,0.9724817400398769,0.6729418106278523,0.6483977976763469,0.24005262231533628,0.22807184222814994,0.5934959349593496,0.6663043478260869,0.7282608695652174,0.9710144927536232,0.5826086956521739,0.46956521739130436,2.895009204531012,3.9784353586178143,0.3430372060732304
va_long_beach,switzerland,smoke_v2,v2,0,"{""brier_beta"": 0.0, ""d_model"": 16, ""dro_lambda"": 0.5, ""dro_tau"": 0.2, ""dropout"": 0.0, ""evaluation_interval"": 1, ""learning_rate"": 0.001, ""max_epochs"": 2, ""n_heads"": 4, ""n_layers"": 1, ""patience_evaluations"": 2, ""validation_mask_replicates"": 1, ""weight_decay"": 0.001}",17,mcar_10,0,123.0,0.9349593495934959,0.6173913043478262,0.9493895147472917,0.6772234907118575,0.6700475610384147,0.24204445340081734,0.2386910366960882,0.6097560975609756,0.6168478260869565,0.7446808510638298,0.958904109589041,0.6086956521739131,0.2956521739130435,2.712532728446734,2.5375086673101594,0.36185286724755167
va_long_beach,switzerland,smoke_v2,v2,0,"{""brier_beta"": 0.0, ""d_model"": 16, ""dro_lambda"": 0.5, ""dro_tau"": 0.2, ""dropout"": 0.0, ""evaluation_interval"": 1, ""learning_rate"": 0.001, ""max_epochs"": 2, ""n_heads"": 4, ""n_layers"": 1, ""patience_evaluations"": 2, ""validation_mask_replicates"": 1, ""weight_decay"": 0.001}",17,mcar_30,0,123.0,0.9349593495934959,0.6423913043478261,0.9597204142393634,0.6872940456455363,0.6674077269219165,0.24717288171122972,0.23740407141961617,0.5528455284552846,0.6445652173913043,0.6927374301675978,0.96875,0.5391304347826087,0.22608695652173913,2.7845081759216916,2.3896551342924965,0.4171587229966364
va_long_beach,switzerland,smoke_v2,v2,0,"{""brier_beta"": 0.0, ""d_model"": 16, ""dro_lambda"": 0.5, ""dro_tau"": 0.2, ""dropout"": 0.0, ""evaluation_interval"": 1, ""learning_rate"": 0.001, ""max_epochs"": 2, ""n_heads"": 4, ""n_layers"": 1, ""patience_evaluations"": 2, ""validation_mask_replicates"": 1, ""weight_decay"": 0.001}",17,mcar_50,0,123.0,0.9349593495934959,0.5130434782608696,0.9375106117340046,0.6928581563396391,0.6982982974856125,0.24965992454475772,0.2525347919724622,0.5528455284552846,0.5282608695652173,0.6994535519125683,0.9411764705882353,0.5565217391304348,0.10434782608695652,2.662178190482015,0.3085648878374556,0.4480310392891769
va_long_beach,switzerland,smoke_v2,v2,0,"{""brier_beta"": 0.0, ""d_model"": 16, ""dro_lambda"": 0.5, ""dro_tau"": 0.2, ""dropout"": 0.0, ""evaluation_interval"": 1, ""learning_rate"": 0.001, ""max_epochs"": 2, ""n_heads"": 4, ""n_layers"": 1, ""patience_evaluations"": 2, ""validation_mask_replicates"": 1, ""weight_decay"": 0.001}",17,natural,0,123.0,0.9349593495934959,0.6086956521739131,0.9575908263989287,0.675415895439146,0.6632182122086181,0.24119112807874868,0.235387164833554,0.6016260162601627,0.6125,0.7379679144385026,0.9583333333333334,0.6,0.2608695652173913,2.7620498341903734,3.5420599340750982,0.3305063938327943
